ticker,company_name,sector,entry_date,exit_date,entry_price,exit_price,quantity,buy_val,sell_val,gross_pnl,charges,net_pnl,return_pct,hold_days,exit_reason
KPRMILL.NS,K.P.R. Mill Limited,Diversified & Others,2016-11-07,2016-11-09,111.82548522949219,104.01027748458002,67,7492.31,6968.69,-523.62,30.86,-554.48,-7.4,2,Trailing Stop Hit (20 EMA)
ASAHIINDIA.NS,Asahi India Glass Limited,Automobile & Auto Components,2016-11-08,2016-11-09,195.35791015625,177.0265092886553,38,7423.6,6727.01,-696.59,30.53,-727.12,-9.79,1,Stop Loss Hit (2x ATR)
HEG.NS,HEG Limited,Information Technology,2016-11-08,2016-11-09,29.0628662109375,25.729694995899077,257,7469.16,6612.53,-856.63,30.47,-887.1,-11.88,1,Stop Loss Hit (2x ATR)
POLYMED.NS,Poly Medicure Limited,Healthcare & Pharmaceuticals,2016-11-08,2016-11-09,193.9637451171875,177.66,38,7370.62,6751.08,-619.54,30.5,-650.04,-8.82,1,Stop Loss Hit (2x ATR)
TMPV.NS,Tata Motors Passenger Vehicles Limited,Automobile & Auto Components,2016-11-08,2016-11-09,526.280029296875,488.2362796429199,14,7367.92,6835.31,-532.61,30.59,-563.2,-7.64,1,Stop Loss Hit (2x ATR)
INDIANB.NS,Indian Bank,Banking & Financial Services,2016-11-09,2016-11-10,187.44309997558594,219.18,38,7122.84,8328.84,1206.0,31.84,1174.16,16.48,1,Target Hit (3x ATR)
PNB.NS,Punjab National Bank,Banking & Financial Services,2016-11-09,2016-11-10,128.21249389648438,143.72,56,7179.9,8048.32,868.42,31.61,836.81,11.65,1,Target Hit (3x ATR)
NATCOPHARM.NS,Natco Pharma Limited,Healthcare & Pharmaceuticals,2016-11-09,2016-11-15,544.3783569335938,618.19,13,7076.92,8036.47,959.55,31.48,928.07,13.11,6,Target Hit (3x ATR)
MOTHERSON.NS,Samvardhana Motherson International Limited,Automobile & Auto Components,2016-11-10,2016-11-15,35.34728240966797,32.670768324326815,209,7387.58,6828.19,-559.39,30.6,-589.99,-7.99,5,Trailing Stop Hit (20 EMA)
BANKBARODA.NS,Bank of Baroda,Banking & Financial Services,2016-11-10,2016-11-21,140.67405700683594,137.93687842612138,52,7315.05,7172.72,-142.33,30.87,-173.2,-2.37,11,Trailing Stop Hit (20 EMA)
CANBK.NS,Canara Bank,Banking & Financial Services,2016-11-10,2016-11-21,52.69415283203125,51.36276604126057,140,7377.18,7190.79,-186.39,30.96,-217.35,-2.95,11,Trailing Stop Hit (20 EMA)
BANKINDIA.NS,Bank of India,Banking & Financial Services,2016-11-10,2016-11-22,105.6783447265625,99.10400694966481,70,7397.48,6937.28,-460.2,30.73,-490.93,-6.64,12,Trailing Stop Hit (20 EMA)
UNIONBANK.NS,Union Bank of India,Banking & Financial Services,2016-11-10,2016-12-01,120.00239562988281,123.79582072841634,61,7320.15,7551.55,231.4,31.26,200.14,2.73,21,Trailing Stop Hit (20 EMA)
GRAPHITE.NS,Graphite India Limited,Information Technology,2016-11-29,2016-12-01,59.31034851074219,58.287070203458164,125,7413.79,7285.88,-127.91,31.1,-159.01,-2.14,2,Trailing Stop Hit (20 EMA)
COFORGE.NS,Coforge Limited,Information Technology,2016-11-25,2016-12-05,73.74427032470703,72.98257365095856,100,7374.43,7298.26,-76.17,31.07,-107.24,-1.45,10,Trailing Stop Hit (20 EMA)
CGPOWER.NS,CG Power and Industrial Solutions Limited,Information Technology,2016-11-30,2016-12-05,76.36028289794922,74.54020211332559,96,7330.59,7155.86,-174.73,30.87,-205.6,-2.8,5,Trailing Stop Hit (20 EMA)
USHAMART.NS,Usha Martin Limited,Information Technology,2016-12-05,2016-12-07,14.694047927856445,13.943688031131337,501,7361.72,6985.79,-375.93,30.73,-406.66,-5.52,2,Trailing Stop Hit (20 EMA)
BLS.NS,BLS International Services Limited,Consumer Goods & Retail,2016-12-06,2016-12-13,40.68356704711914,46.8041925350081,180,7323.04,8424.75,1101.71,32.17,1069.54,14.61,7,Target Hit (3x ATR)
PGEL.NS,PG Electroplast Limited,Consumer Goods & Retail,2016-12-01,2016-12-14,14.783660888671875,14.607541082305824,499,7377.05,7289.16,-87.89,31.07,-118.96,-1.61,13,Trailing Stop Hit (20 EMA)
GRAPHITE.NS,Graphite India Limited,Information Technology,2016-12-12,2016-12-14,57.88071060180664,57.56491476336399,126,7292.97,7253.18,-39.79,30.92,-70.71,-0.97,2,Trailing Stop Hit (20 EMA)
MINDACORP.NS,Minda Corporation Limited,Automobile & Auto Components,2016-12-08,2016-12-15,96.07701873779297,92.38358937274172,76,7301.85,7021.15,-280.7,30.7,-311.4,-4.26,7,Trailing Stop Hit (20 EMA)
TMPV.NS,Tata Motors Passenger Vehicles Limited,Automobile & Auto Components,2016-12-13,2016-12-15,458.5221862792969,452.04356423693076,16,7336.35,7232.7,-103.65,30.95,-134.6,-1.83,2,Trailing Stop Hit (20 EMA)
INDIANB.NS,Indian Bank,Banking & Financial Services,2016-12-13,2016-12-15,202.72601318359375,195.78675878353607,36,7298.14,7048.32,-249.82,30.72,-280.54,-3.84,2,Trailing Stop Hit (20 EMA)
GRAVITA.NS,Gravita India Limited,Metals & Mining,2016-11-28,2016-12-16,38.052249908447266,37.306742915314885,194,7382.14,7237.51,-144.63,31.01,-175.64,-2.38,18,Trailing Stop Hit (20 EMA)
TRENT.NS,Trent Limited,Consumer Goods & Retail,2016-12-05,2016-12-16,196.93630981445312,192.28044068951866,37,7286.64,7114.38,-172.26,30.77,-203.03,-2.79,11,Trailing Stop Hit (20 EMA)
WOCKPHARMA.NS,Wockhardt Limited,Healthcare & Pharmaceuticals,2016-12-14,2016-12-16,645.8363037109375,641.5958862304688,11,7104.2,7057.55,-46.65,30.5,-77.15,-1.09,2,Trailing Stop Hit (20 EMA)
AXISBANK.NS,Axis Bank Limited,Banking & Financial Services,2016-12-14,2016-12-19,459.8045959472656,459.5127503956834,15,6897.07,6892.69,-4.38,30.07,-34.45,-0.5,5,Trailing Stop Hit (20 EMA)
KPIL.NS,Kalpataru Projects International Limited,"Construction, Materials & Infra",2016-12-15,2016-12-19,215.0303955078125,212.29824944695858,34,7311.03,7218.14,-92.89,30.91,-123.8,-1.69,4,Trailing Stop Hit (20 EMA)
TATACOMM.NS,Tata Communications Limited,Information Technology,2016-12-16,2016-12-20,355.47998046875,347.9969031703954,20,7109.6,6959.94,-149.66,30.41,-180.07,-2.53,4,Trailing Stop Hit (20 EMA)
GLAXO.NS,GlaxoSmithKline Pharmaceuticals Limited,Healthcare & Pharmaceuticals,2016-12-21,2016-12-23,1088.569091796875,1082.7952402827939,6,6531.41,6496.77,-34.64,29.24,-63.88,-0.98,2,Trailing Stop Hit (20 EMA)
GALLANTT.NS,Gallantt Ispat Limited,Information Technology,2016-12-22,2016-12-26,38.452327728271484,38.40304710533879,188,7229.04,7219.77,-9.27,30.8,-40.07,-0.55,4,Trailing Stop Hit (20 EMA)
KPIL.NS,Kalpataru Projects International Limited,"Construction, Materials & Infra",2016-12-23,2016-12-27,216.32923889160156,211.6264206297015,33,7138.86,6983.67,-155.19,30.46,-185.65,-2.6,4,Trailing Stop Hit (20 EMA)
GLAXO.NS,GlaxoSmithKline Pharmaceuticals Limited,Healthcare & Pharmaceuticals,2016-12-23,2016-12-27,1089.6279296875,1088.0096873285108,6,6537.77,6528.06,-9.71,29.28,-38.99,-0.6,4,Trailing Stop Hit (20 EMA)
ASAHIINDIA.NS,Asahi India Glass Limited,Automobile & Auto Components,2016-12-27,2016-12-29,169.57781982421875,169.83258596846898,42,7122.27,7132.97,10.7,30.59,-19.89,-0.28,2,Trailing Stop Hit (20 EMA)
MMTC.NS,MMTC Limited,Services & Logistics,2016-12-23,2017-01-02,33.35066223144531,38.57,217,7237.09,8369.69,1132.6,32.02,1100.58,15.21,10,Target Hit (3x ATR)
JSWDULUX.NS,JSW Dulux Limited,Consumer Goods & Retail,2016-12-29,2017-01-02,1121.2286376953125,1100.1246280588512,6,6727.37,6600.75,-126.62,29.59,-156.21,-2.32,4,Trailing Stop Hit (20 EMA)
ANANTRAJ.NS,Anant Raj Limited,"Construction, Materials & Infra",2017-01-02,2017-01-04,16.458662033081055,18.41,446,7340.56,8210.86,870.3,31.96,838.34,11.42,2,Target Hit (3x ATR)
ABB.NS,ABB India Limited,Information Technology,2017-01-03,2017-01-05,899.7582397460938,897.6239474627108,8,7198.07,7180.99,-17.08,30.73,-47.81,-0.66,2,Trailing Stop Hit (20 EMA)
PGEL.NS,PG Electroplast Limited,Consumer Goods & Retail,2017-01-04,2017-01-06,14.823629379272461,16.97,501,7426.64,8501.97,1075.33,32.37,1042.96,14.04,2,Target Hit (3x ATR)
ZYDUSWELL.NS,Zydus Wellness Limited,Consumer Goods & Retail,2016-12-28,2017-01-09,167.80014038085938,165.7979862465588,43,7215.41,7129.31,-86.1,30.7,-116.8,-1.62,12,Trailing Stop Hit (20 EMA)
IPCALAB.NS,IPCA Laboratories Limited,Healthcare & Pharmaceuticals,2017-01-04,2017-01-09,265.9912414550781,261.2189858621646,27,7181.76,7052.91,-128.85,30.58,-159.43,-2.22,5,Trailing Stop Hit (20 EMA)
PVRINOX.NS,PVR INOX Limited,Diversified & Others,2016-12-28,2017-01-10,1080.0877685546875,1206.26,6,6480.53,7237.56,757.03,29.94,727.09,11.22,13,Target Hit (3x ATR)
LTF.NS,L&T Finance Limited,Banking & Financial Services,2016-12-30,2017-01-10,73.88166046142578,81.59874645489214,98,7240.4,7996.68,756.28,31.64,724.64,10.01,11,Target Hit (3x ATR)
JKCEMENT.NS,JK Cement Limited,"Construction, Materials & Infra",2016-12-30,2017-01-10,675.6898193359375,664.1958469604284,10,6756.9,6641.96,-114.94,29.66,-144.6,-2.14,11,Trailing Stop Hit (20 EMA)
ABB.NS,ABB India Limited,Information Technology,2017-01-06,2017-01-10,898.8973999023438,952.57,8,7191.18,7620.56,429.38,31.18,398.2,5.54,4,Target Hit (3x ATR)
JWL.NS,Jupiter Wagons Limited,Information Technology,2017-01-04,2017-01-11,13.502053260803223,15.586929604564737,550,7426.13,8572.81,1146.68,32.44,1114.24,15.0,7,Target Hit (3x ATR)
ABB.NS,ABB India Limited,Information Technology,2017-01-10,2017-01-12,1011.7813110351562,957.82,7,7082.47,6704.74,-377.73,30.1,-407.83,-5.76,2,Stop Loss Hit (2x ATR)
MFSL.NS,Max Financial Services Limited,Banking & Financial Services,2017-01-11,2017-01-13,558.6500244140625,547.6275845952724,13,7262.45,7119.16,-143.29,30.75,-174.04,-2.4,2,Trailing Stop Hit (20 EMA)
POLYMED.NS,Poly Medicure Limited,Healthcare & Pharmaceuticals,2017-01-11,2017-01-13,187.16748046875,184.6968529446895,41,7673.87,7572.57,-101.3,31.69,-132.99,-1.73,2,Trailing Stop Hit (20 EMA)
CANBK.NS,Canara Bank,Banking & Financial Services,2017-01-11,2017-01-13,45.36343002319336,45.314176578651704,169,7666.42,7658.1,-8.32,31.79,-40.11,-0.52,2,Trailing Stop Hit (20 EMA)
FEDERALBNK.NS,The Federal Bank  Limited,Banking & Financial Services,2017-01-05,2017-01-16,62.236976623535156,68.03,119,7406.2,8095.57,689.37,31.93,657.44,8.88,11,Target Hit (3x ATR)
IPCALAB.NS,IPCA Laboratories Limited,Healthcare & Pharmaceuticals,2017-01-11,2017-01-16,269.5504150390625,262.47455862700303,28,7547.41,7349.29,-198.12,31.32,-229.44,-3.04,5,Trailing Stop Hit (20 EMA)
LICHSGFIN.NS,LIC Housing Finance Limited,Banking & Financial Services,2017-01-16,2017-01-18,454.4794921875,446.79356949321163,16,7271.67,7148.7,-122.97,30.79,-153.76,-2.11,2,Trailing Stop Hit (20 EMA)
ACE.NS,Action Construction Equipment Limited,Information Technology,2017-01-04,2017-01-19,45.42882537841797,46.24607111764887,163,7404.9,7538.11,133.21,31.34,101.87,1.38,15,Trailing Stop Hit (20 EMA)
SOBHA.NS,Sobha Limited,"Construction, Materials & Infra",2017-01-02,2017-01-20,231.7177276611328,237.88155317779132,31,7183.25,7374.33,191.08,30.91,160.17,2.23,18,Trailing Stop Hit (20 EMA)
BANKBARODA.NS,Bank of Baroda,Banking & Financial Services,2017-01-11,2017-01-20,136.07017517089844,133.24962570017476,56,7619.93,7461.98,-157.95,31.52,-189.47,-2.49,9,Trailing Stop Hit (20 EMA)
TRENT.NS,Trent Limited,Consumer Goods & Retail,2017-01-13,2017-01-23,211.2499542236328,201.554335835054,36,7605.0,7255.96,-349.04,31.31,-380.35,-5.0,10,Trailing Stop Hit (20 EMA)
KPRMILL.NS,K.P.R. Mill Limited,Diversified & Others,2017-01-19,2017-01-23,111.40655517578125,109.98122190243875,69,7687.05,7588.7,-98.35,31.74,-130.09,-1.69,4,Trailing Stop Hit (20 EMA)
COFORGE.NS,Coforge Limited,Information Technology,2017-01-18,2017-01-24,76.65055847167969,76.10604472283529,100,7665.06,7610.6,-54.46,31.74,-86.2,-1.12,6,Trailing Stop Hit (20 EMA)
MINDACORP.NS,Minda Corporation Limited,Automobile & Auto Components,2017-01-13,2017-01-30,87.0113296508789,88.8368010069673,87,7569.99,7728.8,158.81,31.74,127.07,1.68,17,Trailing Stop Hit (20 EMA)
KPRMILL.NS,K.P.R. Mill Limited,Diversified & Others,2017-01-24,2017-01-30,110.48200988769531,110.28940279615513,68,7512.78,7499.68,-13.1,31.43,-44.53,-0.59,6,Trailing Stop Hit (20 EMA)
ENDURANCE.NS,Endurance Technologies Limited,Automobile & Auto Components,2017-01-11,2017-01-31,551.33544921875,608.1,13,7167.36,7905.3,737.94,31.45,706.49,9.86,20,Target Hit (3x ATR)
GLAXO.NS,GlaxoSmithKline Pharmaceuticals Limited,Healthcare & Pharmaceuticals,2017-01-27,2017-01-31,1096.360595703125,1089.6678266957108,6,6578.16,6538.01,-40.15,29.35,-69.5,-1.06,4,Trailing Stop Hit (20 EMA)
AXISBANK.NS,Axis Bank Limited,Banking & Financial Services,2017-01-25,2017-02-01,456.21234130859375,456.0215308744371,16,7299.4,7296.34,-3.06,30.98,-34.04,-0.47,7,Trailing Stop Hit (20 EMA)
GRAVITA.NS,Gravita India Limited,Metals & Mining,2017-01-12,2017-02-06,38.750030517578125,45.030055987299356,198,7672.51,8915.95,1243.44,33.09,1210.35,15.78,25,Target Hit (3x ATR)
GLAXO.NS,GlaxoSmithKline Pharmaceuticals Limited,Healthcare & Pharmaceuticals,2017-02-06,2017-02-08,1094.3629150390625,1089.8264423041683,7,7660.54,7628.79,-31.75,31.75,-63.5,-0.83,2,Trailing Stop Hit (20 EMA)
WOCKPHARMA.NS,Wockhardt Limited,Healthcare & Pharmaceuticals,2017-02-03,2017-02-09,632.8384399414062,626.9284165368888,12,7594.06,7523.14,-70.92,31.55,-102.47,-1.35,6,Trailing Stop Hit (20 EMA)
JINDALSAW.NS,Jindal Saw Limited,Information Technology,2017-02-03,2017-02-09,25.950939178466797,28.55,296,7681.48,8450.8,769.32,32.62,736.7,9.59,6,Target Hit (3x ATR)
USHAMART.NS,Usha Martin Limited,Information Technology,2017-02-09,2017-02-13,19.130887985229492,18.102113125776764,409,7824.53,7403.76,-420.77,31.69,-452.46,-5.78,4,Trailing Stop Hit (20 EMA)
VOLTAS.NS,Voltas Limited,Consumer Goods & Retail,2017-02-09,2017-02-13,324.2980651855469,318.0283243595045,24,7783.15,7632.68,-150.47,31.89,-182.36,-2.34,4,Trailing Stop Hit (20 EMA)
ANANTRAJ.NS,Anant Raj Limited,"Construction, Materials & Infra",2017-02-01,2017-02-14,18.456071853637695,18.359377819319807,413,7622.36,7582.42,-39.94,31.65,-71.59,-0.94,13,Trailing Stop Hit (20 EMA)
JWL.NS,Jupiter Wagons Limited,Information Technology,2017-02-08,2017-02-14,14.494853019714355,14.048093878058552,535,7754.75,7515.73,-239.02,31.73,-270.75,-3.49,6,Trailing Stop Hit (20 EMA)
MINDACORP.NS,Minda Corporation Limited,Automobile & Auto Components,2017-02-09,2017-02-14,92.57545471191406,89.08639318534813,84,7776.34,7483.26,-293.08,31.73,-324.81,-4.18,5,Trailing Stop Hit (20 EMA)
SOBHA.NS,Sobha Limited,"Construction, Materials & Infra",2017-02-01,2017-02-16,246.69692993164062,265.28,30,7400.91,7958.4,557.49,31.78,525.71,7.1,15,Target Hit (3x ATR)
MMTC.NS,MMTC Limited,Services & Logistics,2017-02-14,2017-02-16,43.018463134765625,41.668977289252155,178,7657.29,7417.08,-240.21,31.53,-271.74,-3.55,2,Trailing Stop Hit (20 EMA)
PGEL.NS,PG Electroplast Limited,Consumer Goods & Retail,2017-02-03,2017-02-22,18.520793914794922,18.317853104366982,415,7686.13,7601.91,-84.22,31.75,-115.97,-1.51,19,Trailing Stop Hit (20 EMA)
HEG.NS,HEG Limited,Information Technology,2017-02-22,2017-02-28,32.020111083984375,35.66,238,7620.79,8487.08,866.29,32.59,833.7,10.94,6,Target Hit (3x ATR)
IPCALAB.NS,IPCA Laboratories Limited,Healthcare & Pharmaceuticals,2017-02-20,2017-03-02,266.1365051269531,261.895081126852,28,7451.82,7333.06,-118.76,31.19,-149.95,-2.01,10,Trailing Stop Hit (20 EMA)
GALLANTT.NS,Gallantt Ispat Limited,Information Technology,2017-03-01,2017-03-03,43.51702117919922,42.28772396726042,178,7746.03,7527.21,-218.82,31.74,-250.56,-3.23,2,Trailing Stop Hit (20 EMA)
JSL.NS,Jindal Stainless Limited,Metals & Mining,2017-02-27,2017-03-08,53.56233596801758,61.37,143,7659.41,8775.91,1116.5,32.94,1083.56,14.15,9,Target Hit (3x ATR)
EIHOTEL.NS,EIH Limited,Consumer Goods & Retail,2017-03-01,2017-03-08,100.48344421386719,98.66769606607166,77,7737.23,7597.41,-139.82,31.81,-171.63,-2.22,7,Trailing Stop Hit (20 EMA)
ANANTRAJ.NS,Anant Raj Limited,"Construction, Materials & Infra",2017-03-01,2017-03-08,19.354909896850586,18.738930197880432,401,7761.32,7514.31,-247.01,31.73,-278.74,-3.59,7,Trailing Stop Hit (20 EMA)
OFSS.NS,Oracle Financial Services Software Limited,Information Technology,2017-03-03,2017-03-09,2424.9560546875,2610.99,3,7274.87,7832.97,558.1,31.49,526.61,7.24,6,Target Hit (3x ATR)
ECLERX.NS,eClerx Services Limited,Services & Logistics,2017-03-09,2017-03-14,458.8935546875,454.4466040436719,16,7342.3,7271.15,-71.15,31.0,-102.15,-1.39,5,Trailing Stop Hit (20 EMA)
ADANIENSOL.NS,Adani Energy Solutions Limited,"Energy, Power & Utilities",2017-03-15,2017-03-17,66.05000305175781,63.50323843514769,117,7727.85,7429.88,-297.97,31.62,-329.59,-4.26,2,Trailing Stop Hit (20 EMA)
CUB.NS,City Union Bank Limited,Banking & Financial Services,2017-03-15,2017-03-17,86.92196655273438,85.28551349940531,89,7736.06,7590.41,-145.65,31.8,-177.45,-2.29,2,Trailing Stop Hit (20 EMA)
ITI.NS,ITI Limited,Information Technology,2017-03-03,2017-03-20,48.349998474121094,55.86,160,7736.0,8937.6,1201.6,33.2,1168.4,15.1,17,Target Hit (3x ATR)
MMTC.NS,MMTC Limited,Services & Logistics,2017-03-16,2017-03-20,41.52611541748047,40.43163720714489,187,7765.38,7560.72,-204.66,31.79,-236.45,-3.04,4,Trailing Stop Hit (20 EMA)
ARE&M.NS,Amara Raja Energy & Mobility Limited,Automobile & Auto Components,2017-03-15,2017-03-21,781.1473999023438,774.7101028064293,9,7030.33,6972.39,-57.94,30.32,-88.26,-1.26,6,Trailing Stop Hit (20 EMA)
ABB.NS,ABB India Limited,Information Technology,2017-03-15,2017-03-21,1041.777587890625,1034.8790497990403,7,7292.44,7244.15,-48.29,30.91,-79.2,-1.09,6,Trailing Stop Hit (20 EMA)
TRENT.NS,Trent Limited,Consumer Goods & Retail,2017-03-17,2017-03-21,245.10919189453125,241.26221736853495,31,7598.38,7479.13,-119.25,31.52,-150.77,-1.98,4,Trailing Stop Hit (20 EMA)
IGL.NS,Indraprastha Gas Limited,"Energy, Power & Utilities",2017-03-17,2017-03-21,91.43903350830078,90.14958357919477,85,7772.32,7662.71,-109.61,31.91,-141.52,-1.82,4,Trailing Stop Hit (20 EMA)
CASTROLIND.NS,Castrol India Limited,"Energy, Power & Utilities",2017-03-15,2017-03-22,134.3191375732422,133.91663405058904,57,7656.19,7633.25,-22.94,31.75,-54.69,-0.71,7,Trailing Stop Hit (20 EMA)
PGEL.NS,PG Electroplast Limited,Consumer Goods & Retail,2017-03-14,2017-03-24,20.219491958618164,18.97271982860966,385,7784.5,7304.5,-480.0,31.55,-511.55,-6.57,10,Trailing Stop Hit (20 EMA)
MMTC.NS,MMTC Limited,Services & Logistics,2017-03-23,2017-03-27,41.03948211669922,40.38100611010823,189,7756.46,7632.01,-124.45,31.86,-156.31,-2.02,4,Trailing Stop Hit (20 EMA)
HINDZINC.NS,Hindustan Zinc Limited,Metals & Mining,2017-03-16,2017-03-30,138.62071228027344,140.01400690206285,56,7762.76,7840.78,78.02,32.07,45.95,0.59,14,Trailing Stop Hit (20 EMA)
EIHOTEL.NS,EIH Limited,Consumer Goods & Retail,2017-03-23,2017-03-30,102.71009826660156,112.05,75,7703.26,8403.75,700.49,32.6,667.89,8.67,7,Target Hit (3x ATR)
COFORGE.NS,Coforge Limited,Information Technology,2017-03-24,2017-03-30,74.78665161132812,74.25596418706883,104,7777.81,7722.62,-55.19,31.98,-87.17,-1.12,6,Trailing Stop Hit (20 EMA)
PGEL.NS,PG Electroplast Limited,Consumer Goods & Retail,2017-03-28,2017-03-30,19.200271606445312,18.49081632697168,408,7833.71,7544.25,-289.46,31.85,-321.31,-4.1,2,Trailing Stop Hit (20 EMA)
LTFOODS.NS,LT Foods Limited,Consumer Goods & Retail,2017-03-17,2017-03-31,51.17794418334961,58.528213619548126,151,7727.87,8837.76,1109.89,33.08,1076.81,13.93,14,Target Hit (3x ATR)
GLAXO.NS,GlaxoSmithKline Pharmaceuticals Limited,Healthcare & Pharmaceuticals,2017-03-30,2017-04-03,1091.406005859375,1089.0399988142078,7,7639.84,7623.28,-16.56,31.72,-48.28,-0.63,4,Trailing Stop Hit (20 EMA)
GALLANTT.NS,Gallantt Ispat Limited,Information Technology,2017-03-31,2017-04-03,41.40263366699219,46.73,190,7866.5,8878.7,1012.2,33.28,978.92,12.44,3,Target Hit (3x ATR)
WELSPUNLIV.NS,Welspun Living Limited,Diversified & Others,2017-03-24,2017-04-05,80.04830932617188,79.66980516556289,97,7764.69,7727.97,-36.72,31.96,-68.68,-0.88,12,Trailing Stop Hit (20 EMA)
ACE.NS,Action Construction Equipment Limited,Information Technology,2017-03-28,2017-04-05,56.533653259277344,63.77,138,7801.64,8800.26,998.62,33.12,965.5,12.38,8,Target Hit (3x ATR)
ASAHIINDIA.NS,Asahi India Glass Limited,Automobile & Auto Components,2017-03-30,2017-04-05,204.35435485839844,219.03,38,7765.47,8323.14,557.67,32.59,525.08,6.76,6,Target Hit (3x ATR)
BANKBARODA.NS,Bank of Baroda,Banking & Financial Services,2017-03-24,2017-04-07,144.12696838378906,144.54606729085492,54,7782.86,7805.49,22.63,32.07,-9.44,-0.12,14,Trailing Stop Hit (20 EMA)
BLS.NS,BLS International Services Limited,Consumer Goods & Retail,2017-03-30,2017-04-07,40.51991271972656,40.40677887887709,194,7860.86,7838.92,-21.94,32.19,-54.13,-0.69,8,Trailing Stop Hit (20 EMA)
BANKINDIA.NS,Bank of India,Banking & Financial Services,2017-03-24,2017-04-10,113.25416564941406,123.36,68,7701.28,8388.48,687.2,32.59,654.61,8.5,17,Target Hit (3x ATR)
CANBK.NS,Canara Bank,Banking & Financial Services,2017-03-24,2017-04-11,49.499900817871094,53.35,157,7771.48,8375.95,604.47,32.66,571.81,7.36,18,Target Hit (3x ATR)
WELSPUNLIV.NS,Welspun Living Limited,Diversified & Others,2017-04-10,2017-04-12,80.41803741455078,79.69321080630607,100,8041.8,7969.32,-72.48,32.55,-105.03,-1.31,2,Trailing Stop Hit (20 EMA)
ANANTRAJ.NS,Anant Raj Limited,"Construction, Materials & Infra",2017-04-03,2017-04-17,19.834287643432617,22.14,403,7993.22,8922.42,929.2,33.47,895.73,11.21,14,Target Hit (3x ATR)
WOCKPHARMA.NS,Wockhardt Limited,Healthcare & Pharmaceuticals,2017-04-03,2017-04-18,705.84765625,689.7257236102056,11,7764.32,7586.98,-177.34,31.82,-209.16,-2.69,15,Trailing Stop Hit (20 EMA)
MOTHERSON.NS,Samvardhana Motherson International Limited,Automobile & Auto Components,2017-04-19,2017-04-21,40.68946838378906,40.44533986003177,199,8097.2,8048.62,-48.58,32.69,-81.27,-1.0,2,Trailing Stop Hit (20 EMA)
INDIANB.NS,Indian Bank,Banking & Financial Services,2017-04-24,2017-04-25,235.52239990234375,261.29,34,8007.76,8883.86,876.1,33.45,842.65,10.52,1,Target Hit (3x ATR)
DIVISLAB.NS,Divi's Laboratories Limited,Healthcare & Pharmaceuticals,2017-04-24,2017-04-26,590.8668212890625,584.305304682234,13,7681.27,7595.97,-85.3,31.74,-117.04,-1.52,2,Trailing Stop Hit (20 EMA)
AXISBANK.NS,Axis Bank Limited,Banking & Financial Services,2017-04-25,2017-05-02,508.2257995605469,496.0594781061335,16,8131.61,7936.95,-194.66,32.62,-227.28,-2.8,7,Trailing Stop Hit (20 EMA)
GRAPHITE.NS,Graphite India Limited,Information Technology,2017-04-27,2017-05-02,96.75118255615234,93.87365902838252,84,8127.1,7885.39,-241.71,32.56,-274.27,-3.37,5,Trailing Stop Hit (20 EMA)
ZYDUSWELL.NS,Zydus Wellness Limited,Consumer Goods & Retail,2017-05-02,2017-05-04,168.55670166015625,168.06139026022805,48,8090.72,8066.95,-23.77,32.7,-56.47,-0.7,2,Trailing Stop Hit (20 EMA)
ZYDUSWELL.NS,Zydus Wellness Limited,Consumer Goods & Retail,2017-05-04,2017-05-08,168.48870849609375,168.16680623007963,48,8087.46,8072.01,-15.45,32.7,-48.15,-0.6,4,Trailing Stop Hit (20 EMA)
AXISBANK.NS,Axis Bank Limited,Banking & Financial Services,2017-05-04,2017-05-08,510.63690185546875,497.2192367048131,15,7659.55,7458.29,-201.26,31.57,-232.83,-3.04,4,Trailing Stop Hit (20 EMA)
CGPOWER.NS,CG Power and Industrial Solutions Limited,Information Technology,2017-05-09,2017-05-11,82.38612365722656,89.74,98,8073.84,8794.52,720.68,33.43,687.25,8.51,2,Target Hit (3x ATR)
ADANIENSOL.NS,Adani Energy Solutions Limited,"Energy, Power & Utilities",2017-05-11,2017-05-15,83.3499984741211,96.88,98,8168.3,9494.24,1325.94,34.27,1291.67,15.81,4,Target Hit (3x ATR)
JSL.NS,Jindal Stainless Limited,Metals & Mining,2017-05-10,2017-05-16,72.70573425292969,72.89739168236616,113,8215.75,8237.41,21.66,33.02,-11.36,-0.14,6,Trailing Stop Hit (20 EMA)
ENDURANCE.NS,Endurance Technologies Limited,Automobile & Auto Components,2017-05-15,2017-05-17,788.2598876953125,771.8252936568128,10,7882.6,7718.25,-164.35,32.09,-196.44,-2.49,2,Trailing Stop Hit (20 EMA)
ACE.NS,Action Construction Equipment Limited,Information Technology,2017-05-08,2017-05-18,62.927337646484375,62.710205636598936,129,8117.63,8089.62,-28.01,32.76,-60.77,-0.75,10,Trailing Stop Hit (20 EMA)
ABB.NS,ABB India Limited,Information Technology,2017-05-09,2017-05-18,1323.024169921875,1272.019836396248,6,7938.15,7632.12,-306.03,32.08,-338.11,-4.26,9,Trailing Stop Hit (20 EMA)
SOBHA.NS,Sobha Limited,"Construction, Materials & Infra",2017-05-02,2017-05-19,363.35986328125,368.2362831977955,22,7993.92,8101.2,107.28,32.62,74.66,0.93,17,Trailing Stop Hit (20 EMA)
ATUL.NS,Atul Limited,Chemicals & Fertilisers,2017-05-09,2017-05-19,2382.988525390625,2388.6440858927044,3,7148.97,7165.93,16.96,30.66,-13.7,-0.19,10,Trailing Stop Hit (20 EMA)
VOLTAS.NS,Voltas Limited,Consumer Goods & Retail,2017-05-24,2017-05-25,422.5859680175781,456.33,19,8029.13,8670.27,641.14,33.26,607.88,7.57,1,Target Hit (3x ATR)
ENDURANCE.NS,Endurance Technologies Limited,Automobile & Auto Components,2017-05-24,2017-05-26,798.1016845703125,775.4330799789188,10,7981.02,7754.33,-226.69,32.25,-258.94,-3.24,2,Trailing Stop Hit (20 EMA)
HEG.NS,HEG Limited,Information Technology,2017-05-26,2017-05-30,48.59403610229492,46.39880191209444,169,8212.39,7841.4,-370.99,32.6,-403.59,-4.91,4,Trailing Stop Hit (20 EMA)
PGEL.NS,PG Electroplast Limited,Consumer Goods & Retail,2017-05-29,2017-05-30,18.28097915649414,20.4,448,8189.88,9139.2,949.32,33.93,915.39,11.18,1,Target Hit (3x ATR)
ZYDUSWELL.NS,Zydus Wellness Limited,Consumer Goods & Retail,2017-05-29,2017-05-31,167.3621368408203,164.05168558251614,49,8200.74,8038.53,-162.21,32.8,-195.01,-2.38,2,Trailing Stop Hit (20 EMA)
ECLERX.NS,eClerx Services Limited,Services & Logistics,2017-05-30,2017-06-01,439.1782531738281,433.72888093583265,18,7905.21,7807.12,-98.09,32.22,-130.31,-1.65,2,Trailing Stop Hit (20 EMA)
GRAPHITE.NS,Graphite India Limited,Information Technology,2017-05-31,2017-06-02,89.33258056640625,88.69697720574467,92,8218.6,8160.12,-58.48,32.94,-91.42,-1.11,2,Trailing Stop Hit (20 EMA)
KPIL.NS,Kalpataru Projects International Limited,"Construction, Materials & Infra",2017-05-31,2017-06-02,317.7756042480469,309.9375028348315,26,8262.17,8058.38,-203.79,32.91,-236.7,-2.86,2,Trailing Stop Hit (20 EMA)
IGL.NS,Indraprastha Gas Limited,"Energy, Power & Utilities",2017-05-26,2017-06-06,89.86687469482422,96.51896398431663,91,8177.89,8783.23,605.34,33.55,571.79,6.99,11,Target Hit (3x ATR)
GRAPHITE.NS,Graphite India Limited,Information Technology,2017-06-02,2017-06-06,88.71437072753906,86.66650893159843,94,8339.15,8146.65,-192.5,33.09,-225.59,-2.71,4,Trailing Stop Hit (20 EMA)
LAURUSLABS.NS,Laurus Labs Limited,Healthcare & Pharmaceuticals,2017-05-31,2017-06-08,110.340576171875,109.91263201980892,75,8275.54,8243.45,-32.09,33.11,-65.2,-0.79,8,Trailing Stop Hit (20 EMA)
TRENT.NS,Trent Limited,Consumer Goods & Retail,2017-06-05,2017-06-08,248.61358642578125,245.71898718266812,33,8204.25,8108.73,-95.52,32.87,-128.39,-1.56,3,Trailing Stop Hit (20 EMA)
NATCOPHARM.NS,Natco Pharma Limited,Healthcare & Pharmaceuticals,2017-05-30,2017-06-09,874.6553344726562,967.87,9,7871.9,8710.83,838.93,33.11,805.82,10.24,10,Target Hit (3x ATR)
WOCKPHARMA.NS,Wockhardt Limited,Healthcare & Pharmaceuticals,2017-06-08,2017-06-12,586.1015014648438,586.1894494724881,14,8205.42,8206.65,1.23,32.98,-31.75,-0.39,4,Trailing Stop Hit (20 EMA)
MINDACORP.NS,Minda Corporation Limited,Automobile & Auto Components,2017-06-08,2017-06-12,105.16948699951172,101.7758055620697,79,8308.39,8040.29,-268.1,32.95,-301.05,-3.62,4,Trailing Stop Hit (20 EMA)
LTFOODS.NS,LT Foods Limited,Consumer Goods & Retail,2017-06-09,2017-06-13,67.24808502197266,64.7371421570762,125,8406.01,8092.14,-313.87,33.11,-346.98,-4.13,4,Trailing Stop Hit (20 EMA)
DIVISLAB.NS,Divi's Laboratories Limited,Healthcare & Pharmaceuticals,2017-06-01,2017-06-15,560.2926025390625,616.03,14,7844.1,8624.42,780.32,32.99,747.33,9.53,14,Target Hit (3x ATR)
LTF.NS,L&T Finance Limited,Banking & Financial Services,2017-06-05,2017-06-16,111.45503234863281,121.63,74,8247.67,9000.62,752.95,33.86,719.09,8.72,11,Target Hit (3x ATR)
ITI.NS,ITI Limited,Information Technology,2017-06-07,2017-06-19,96.69999694824219,94.87798285222969,86,8316.2,8159.51,-156.69,33.08,-189.77,-2.28,12,Trailing Stop Hit (20 EMA)
GRAPHITE.NS,Graphite India Limited,Information Technology,2017-06-07,2017-06-19,92.34637451171875,105.85,90,8311.17,9526.5,1215.33,34.49,1180.84,14.21,12,Target Hit (3x ATR)
MMTC.NS,MMTC Limited,Services & Logistics,2017-06-08,2017-06-20,40.84482955932617,39.212908735754695,204,8332.35,7999.43,-332.92,32.93,-365.85,-4.39,12,Trailing Stop Hit (20 EMA)
TMPV.NS,Tata Motors Passenger Vehicles Limited,Automobile & Auto Components,2017-06-20,2017-06-22,455.35595703125,447.026279305129,18,8196.41,8046.47,-149.94,32.81,-182.75,-2.23,2,Trailing Stop Hit (20 EMA)
CASTROLIND.NS,Castrol India Limited,"Energy, Power & Utilities",2017-06-20,2017-06-22,135.08010864257812,135.03459868128235,62,8374.97,8372.15,-2.82,33.37,-36.19,-0.43,2,Trailing Stop Hit (20 EMA)
TATACOMM.NS,Tata Communications Limited,Information Technology,2017-05-29,2017-06-23,386.58074951171875,403.3492270892587,21,8118.2,8470.33,352.13,33.16,318.97,3.93,25,Trailing Stop Hit (20 EMA)
PVRINOX.NS,PVR INOX Limited,Diversified & Others,2017-06-09,2017-06-23,1436.3935546875,1479.494404966096,5,7181.97,7397.47,215.5,30.94,184.56,2.57,14,Trailing Stop Hit (20 EMA)
BLS.NS,BLS International Services Limited,Consumer Goods & Retail,2017-06-21,2017-06-23,46.038082122802734,44.53024790664631,184,8471.01,8193.57,-277.44,33.28,-310.72,-3.67,2,Trailing Stop Hit (20 EMA)
JWL.NS,Jupiter Wagons Limited,Information Technology,2017-06-21,2017-06-23,11.963217735290527,11.56609837558213,708,8469.96,8188.8,-281.16,33.28,-314.44,-3.71,2,Trailing Stop Hit (20 EMA)
EIHOTEL.NS,EIH Limited,Consumer Goods & Retail,2017-06-21,2017-06-23,130.47215270996094,126.94180434943792,64,8350.22,8124.28,-225.94,33.07,-259.01,-3.1,2,Trailing Stop Hit (20 EMA)
SOBHA.NS,Sobha Limited,"Construction, Materials & Infra",2017-06-21,2017-06-23,360.51104736328125,354.37140362096596,23,8291.75,8150.54,-141.21,33.03,-174.24,-2.1,2,Trailing Stop Hit (20 EMA)
ASAHIINDIA.NS,Asahi India Glass Limited,Automobile & Auto Components,2017-06-22,2017-06-27,250.44894409179688,247.1419755924868,33,8264.82,8155.69,-109.13,33.01,-142.14,-1.72,5,Trailing Stop Hit (20 EMA)
AXISBANK.NS,Axis Bank Limited,Banking & Financial Services,2017-06-29,2017-07-04,503.9937438964844,500.7337196415332,16,8063.9,8011.74,-52.16,32.61,-84.77,-1.05,5,Trailing Stop Hit (20 EMA)
GALLANTT.NS,Gallantt Ispat Limited,Information Technology,2017-06-30,2017-07-05,39.829139709472656,43.86,209,8324.29,9166.74,842.45,34.13,808.32,9.71,5,Target Hit (3x ATR)
JSWDULUX.NS,JSW Dulux Limited,Consumer Goods & Retail,2017-07-03,2017-07-05,1441.3284912109375,1441.3772625240888,5,7206.64,7206.89,0.25,30.77,-30.52,-0.42,2,Trailing Stop Hit (20 EMA)
ASAHIINDIA.NS,Asahi India Glass Limited,Automobile & Auto Components,2017-07-04,2017-07-06,251.4646759033203,243.67743379106435,33,8298.33,8041.36,-256.97,32.93,-289.9,-3.49,2,Trailing Stop Hit (20 EMA)
ARE&M.NS,Amara Raja Energy & Mobility Limited,Automobile & Auto Components,2017-07-04,2017-07-06,773.023681640625,766.264129818604,10,7730.24,7662.64,-67.6,31.86,-99.46,-1.29,2,Trailing Stop Hit (20 EMA)
POLYMED.NS,Poly Medicure Limited,Healthcare & Pharmaceuticals,2017-06-27,2017-07-07,211.7798309326172,205.4831710333719,39,8259.41,8013.84,-245.57,32.86,-278.43,-3.37,10,Trailing Stop Hit (20 EMA)
TRENT.NS,Trent Limited,Consumer Goods & Retail,2017-07-06,2017-07-07,241.65415954589844,261.06,34,8216.24,8876.04,659.8,33.69,626.11,7.62,1,Target Hit (3x ATR)
JWL.NS,Jupiter Wagons Limited,Information Technology,2017-07-05,2017-07-11,13.104933738708496,11.95,635,8321.63,7588.25,-733.38,32.5,-765.88,-9.2,6,Stop Loss Hit (2x ATR)
INDIANB.NS,Indian Bank,Banking & Financial Services,2017-07-06,2017-07-11,255.78924560546875,249.58198234787264,32,8185.26,7986.62,-198.64,32.74,-231.38,-2.83,5,Trailing Stop Hit (20 EMA)
ANANTRAJ.NS,Anant Raj Limited,"Construction, Materials & Infra",2017-07-06,2017-07-11,24.648048400878906,24.41922001281739,336,8281.74,8204.86,-76.88,33.07,-109.95,-1.33,5,Trailing Stop Hit (20 EMA)
KPIL.NS,Kalpataru Projects International Limited,"Construction, Materials & Infra",2017-07-07,2017-07-11,302.9057312011719,326.29,27,8178.45,8809.83,631.38,33.58,597.8,7.31,4,Target Hit (3x ATR)
ITI.NS,ITI Limited,Information Technology,2017-07-05,2017-07-14,99.0999984741211,95.64944468625349,84,8324.4,8034.55,-289.85,32.95,-322.8,-3.88,9,Trailing Stop Hit (20 EMA)
COFORGE.NS,Coforge Limited,Information Technology,2017-07-11,2017-07-14,104.00871276855469,99.90521701094245,80,8320.7,7992.42,-328.28,32.91,-361.19,-4.34,3,Trailing Stop Hit (20 EMA)
ENDURANCE.NS,Endurance Technologies Limited,Automobile & Auto Components,2017-07-12,2017-07-14,866.4186401367188,844.199333115563,9,7797.77,7597.79,-199.98,31.88,-231.86,-2.97,2,Trailing Stop Hit (20 EMA)
LTFOODS.NS,LT Foods Limited,Consumer Goods & Retail,2017-07-12,2017-07-14,63.73276138305664,62.297918785752316,131,8348.99,8161.03,-187.96,33.11,-221.07,-2.65,2,Trailing Stop Hit (20 EMA)
NATCOPHARM.NS,Natco Pharma Limited,Healthcare & Pharmaceuticals,2017-06-30,2017-07-17,928.8544921875,914.2417764937079,8,7430.84,7313.93,-116.91,31.14,-148.05,-1.99,17,Trailing Stop Hit (20 EMA)
KPRMILL.NS,K.P.R. Mill Limited,Diversified & Others,2017-07-11,2017-07-17,157.89332580566406,155.87343254393073,53,8368.35,8261.29,-107.06,33.26,-140.32,-1.68,6,Trailing Stop Hit (20 EMA)
KPIL.NS,Kalpataru Projects International Limited,"Construction, Materials & Infra",2017-07-11,2017-07-18,314.5955810546875,306.27856503529233,26,8179.49,7963.24,-216.25,32.7,-248.95,-3.04,7,Trailing Stop Hit (20 EMA)
JSL.NS,Jindal Stainless Limited,Metals & Mining,2017-07-05,2017-07-19,73.44012451171875,80.81,113,8298.73,9131.53,832.8,34.06,798.74,9.62,14,Target Hit (3x ATR)
OFSS.NS,Oracle Financial Services Software Limited,Information Technology,2017-07-11,2017-07-20,2469.5009765625,2481.1771423525415,3,7408.5,7443.53,35.03,31.25,3.78,0.05,9,Trailing Stop Hit (20 EMA)
WELSPUNLIV.NS,Welspun Living Limited,Diversified & Others,2017-07-07,2017-07-21,78.50064086914062,86.17,106,8321.07,9134.02,812.95,34.09,778.86,9.36,14,Target Hit (3x ATR)
KPRMILL.NS,K.P.R. Mill Limited,Diversified & Others,2017-07-19,2017-07-21,158.7986297607422,156.41631022585574,52,8257.53,8133.65,-123.88,32.98,-156.86,-1.9,2,Trailing Stop Hit (20 EMA)
EIHOTEL.NS,EIH Limited,Consumer Goods & Retail,2017-07-19,2017-07-21,132.36715698242188,130.31216437688394,62,8206.76,8079.35,-127.41,32.85,-160.26,-1.95,2,Trailing Stop Hit (20 EMA)
ABB.NS,ABB India Limited,Information Technology,2017-07-20,2017-07-24,1262.457275390625,1258.4354434511638,6,7574.74,7550.61,-24.13,31.55,-55.68,-0.74,4,Trailing Stop Hit (20 EMA)
JINDALSAW.NS,Jindal Saw Limited,Information Technology,2017-07-19,2017-07-26,38.62763595581055,43.13,215,8304.94,9272.95,968.01,34.22,933.79,11.24,7,Target Hit (3x ATR)
J&KBANK.NS,The Jammu & Kashmir Bank Limited,Banking & Financial Services,2017-07-24,2017-07-26,86.35395812988281,82.51713434681099,97,8376.33,8004.16,-372.17,32.99,-405.16,-4.84,2,Trailing Stop Hit (20 EMA)
ADANIENSOL.NS,Adani Energy Solutions Limited,"Energy, Power & Utilities",2017-07-21,2017-07-27,129.5,125.75124219168805,64,8288.0,8048.08,-239.92,32.93,-272.85,-3.29,6,Trailing Stop Hit (20 EMA)
ITI.NS,ITI Limited,Information Technology,2017-07-18,2017-07-28,99.30000305175781,98.51708604946533,83,8241.9,8176.92,-64.98,32.99,-97.97,-1.19,10,Trailing Stop Hit (20 EMA)
MOTILALOFS.NS,Motilal Oswal Financial Services Limited,Banking & Financial Services,2017-07-25,2017-07-28,1071.3779296875,1058.128662109375,7,7499.65,7406.9,-92.75,31.32,-124.07,-1.65,3,Trailing Stop Hit (20 EMA)
PGEL.NS,PG Electroplast Limited,Consumer Goods & Retail,2017-07-17,2017-07-31,30.556562423706055,35.48,271,8280.83,9615.08,1334.25,34.55,1299.7,15.7,14,Target Hit (3x ATR)
CUB.NS,City Union Bank Limited,Banking & Financial Services,2017-07-27,2017-07-31,108.49398803710938,106.32410113207824,77,8354.04,8186.96,-167.08,33.14,-200.22,-2.4,4,Trailing Stop Hit (20 EMA)
EIHOTEL.NS,EIH Limited,Consumer Goods & Retail,2017-07-27,2017-07-31,132.32101440429688,130.70102402397234,63,8336.22,8234.16,-102.06,33.17,-135.23,-1.62,4,Trailing Stop Hit (20 EMA)
JSWDULUX.NS,JSW Dulux Limited,Consumer Goods & Retail,2017-07-27,2017-07-31,1421.2366943359375,1408.7673243743798,5,7106.18,7043.84,-62.34,30.49,-92.83,-1.31,4,Trailing Stop Hit (20 EMA)
GABRIEL.NS,Gabriel India Limited,Automobile & Auto Components,2017-07-27,2017-08-01,138.96670532226562,150.39,60,8338.0,9023.4,685.4,34.0,651.4,7.81,5,Target Hit (3x ATR)
MMTC.NS,MMTC Limited,Services & Logistics,2017-07-26,2017-08-02,40.03376770019531,38.68468424305912,210,8407.09,8123.78,-283.31,33.14,-316.45,-3.76,7,Trailing Stop Hit (20 EMA)
BLS.NS,BLS International Services Limited,Consumer Goods & Retail,2017-07-31,2017-08-02,47.97115707397461,46.644636446166714,175,8394.95,8162.81,-232.14,33.16,-265.3,-3.16,2,Trailing Stop Hit (20 EMA)
BANKBARODA.NS,Bank of Baroda,Banking & Financial Services,2017-07-31,2017-08-02,142.59390258789062,140.49596679739335,58,8270.45,8148.77,-121.68,33.01,-154.69,-1.87,2,Trailing Stop Hit (20 EMA)
BANKINDIA.NS,Bank of India,Banking & Financial Services,2017-08-09,2017-08-10,134.87501525878906,123.73,62,8362.25,7671.26,-690.99,32.62,-723.61,-8.65,1,Stop Loss Hit (2x ATR)
MOTILALOFS.NS,Motilal Oswal Financial Services Limited,Banking & Financial Services,2017-08-09,2017-08-11,1049.871826171875,1036.910528530732,7,7349.1,7258.37,-90.73,31.0,-121.73,-1.66,2,Trailing Stop Hit (20 EMA)
ECLERX.NS,eClerx Services Limited,Services & Logistics,2017-08-23,2017-08-28,423.19244384765625,417.7961733228397,19,8040.66,7938.13,-102.53,32.52,-135.05,-1.68,5,Trailing Stop Hit (20 EMA)
KPIL.NS,Kalpataru Projects International Limited,"Construction, Materials & Infra",2017-08-30,2017-09-01,339.4440612792969,319.22257171540804,24,8146.66,7661.34,-485.32,32.35,-517.67,-6.35,2,Trailing Stop Hit (20 EMA)
J&KBANK.NS,The Jammu & Kashmir Bank Limited,Banking & Financial Services,2017-08-30,2017-09-01,76.65824890136719,76.37167031428707,110,8432.41,8400.88,-31.53,33.46,-64.99,-0.77,2,Trailing Stop Hit (20 EMA)
TATACOMM.NS,Tata Communications Limited,Information Technology,2017-08-24,2017-09-04,356.21502685546875,358.6279395619174,23,8192.95,8248.44,55.49,33.0,22.49,0.27,11,Trailing Stop Hit (20 EMA)
USHAMART.NS,Usha Martin Limited,Information Technology,2017-08-31,2017-09-04,19.60796546936035,18.987939272088333,432,8470.64,8202.79,-267.85,33.29,-301.14,-3.56,4,Trailing Stop Hit (20 EMA)
LTFOODS.NS,LT Foods Limited,Consumer Goods & Retail,2017-09-01,2017-09-08,60.12609100341797,59.77781549936365,142,8537.9,8488.45,-49.45,33.68,-83.13,-0.97,7,Trailing Stop Hit (20 EMA)
CHOLAFIN.NS,Cholamandalam Investment and Finance Company Limited,Banking & Financial Services,2017-09-06,2017-09-08,227.2300262451172,224.62721350746352,37,8407.51,8311.21,-96.3,33.35,-129.65,-1.54,2,Trailing Stop Hit (20 EMA)
ADANIENSOL.NS,Adani Energy Solutions Limited,"Energy, Power & Utilities",2017-08-28,2017-09-11,118.0999984741211,134.55,71,8385.1,9553.05,1167.95,34.6,1133.35,13.52,14,Target Hit (3x ATR)
BLS.NS,BLS International Services Limited,Consumer Goods & Retail,2017-08-23,2017-09-12,49.96352005004883,57.2,166,8293.94,9495.2,1201.26,34.43,1166.83,14.07,20,Target Hit (3x ATR)
DIVISLAB.NS,Divi's Laboratories Limited,Healthcare & Pharmaceuticals,2017-08-24,2017-09-12,626.7460327148438,692.9,13,8147.7,9007.7,860.0,33.75,826.25,10.14,19,Target Hit (3x ATR)
ARE&M.NS,Amara Raja Energy & Mobility Limited,Automobile & Auto Components,2017-09-08,2017-09-12,722.21826171875,711.3318947778795,11,7944.4,7824.65,-119.75,32.27,-152.02,-1.91,4,Trailing Stop Hit (20 EMA)
ZYDUSWELL.NS,Zydus Wellness Limited,Consumer Goods & Retail,2017-09-08,2017-09-12,171.21771240234375,169.16835264060416,49,8389.67,8289.25,-100.42,33.31,-133.73,-1.59,4,Trailing Stop Hit (20 EMA)
ITI.NS,ITI Limited,Information Technology,2017-08-24,2017-09-13,91.6500015258789,96.70085104052089,91,8340.15,8799.78,459.63,33.77,425.86,5.11,20,Trailing Stop Hit (20 EMA)
TRENT.NS,Trent Limited,Consumer Goods & Retail,2017-08-22,2017-09-15,277.2291564941406,286.1012385317641,29,8039.65,8296.94,257.29,32.9,224.39,2.79,24,Trailing Stop Hit (20 EMA)
GRAPHITE.NS,Graphite India Limited,Information Technology,2017-09-14,2017-09-15,211.52151489257812,238.76,40,8460.86,9550.4,1089.54,34.68,1054.86,12.47,1,Target Hit (3x ATR)
KPRMILL.NS,K.P.R. Mill Limited,Diversified & Others,2017-09-15,2017-09-19,155.18319702148438,150.36549806040824,55,8535.08,8270.1,-264.98,33.46,-298.44,-3.5,4,Trailing Stop Hit (20 EMA)
WELSPUNLIV.NS,Welspun Living Limited,Diversified & Others,2017-09-15,2017-09-19,72.25785827636719,70.81363327868321,119,8598.69,8426.82,-171.87,33.7,-205.57,-2.39,4,Trailing Stop Hit (20 EMA)
GLAXO.NS,GlaxoSmithKline Pharmaceuticals Limited,Healthcare & Pharmaceuticals,2017-09-15,2017-09-19,982.4884643554688,976.3034925171083,8,7859.91,7810.43,-49.48,32.16,-81.64,-1.04,4,Trailing Stop Hit (20 EMA)
ABB.NS,ABB India Limited,Information Technology,2017-09-11,2017-09-20,1178.3193359375,1270.14,7,8248.24,8890.98,642.74,33.74,609.0,7.38,9,Target Hit (3x ATR)
JKCEMENT.NS,JK Cement Limited,"Construction, Materials & Infra",2017-09-18,2017-09-20,965.091552734375,965.8679760459052,8,7720.73,7726.94,6.21,31.92,-25.71,-0.33,2,Trailing Stop Hit (20 EMA)
AXISBANK.NS,Axis Bank Limited,Banking & Financial Services,2017-09-14,2017-09-21,516.5485229492188,504.8105158713361,16,8264.78,8076.97,-187.81,32.93,-220.74,-2.67,7,Trailing Stop Hit (20 EMA)
ITI.NS,ITI Limited,Information Technology,2017-09-18,2017-09-21,100.44999694824219,116.24,85,8538.25,9880.4,1342.15,35.11,1307.04,15.31,3,Target Hit (3x ATR)
J&KBANK.NS,The Jammu & Kashmir Bank Limited,Banking & Financial Services,2017-09-19,2017-09-21,76.0851058959961,74.65222818050884,113,8597.62,8435.7,-161.92,33.71,-195.63,-2.28,2,Trailing Stop Hit (20 EMA)
WOCKPHARMA.NS,Wockhardt Limited,Healthcare & Pharmaceuticals,2017-08-24,2017-09-22,560.7050170898438,573.4926876224034,14,7849.87,8028.9,179.03,32.38,146.65,1.87,29,Trailing Stop Hit (20 EMA)
MFSL.NS,Max Financial Services Limited,Banking & Financial Services,2017-09-15,2017-09-25,615.75,616.0745867021806,13,8004.75,8008.97,4.22,32.54,-28.32,-0.35,10,Trailing Stop Hit (20 EMA)
TRENT.NS,Trent Limited,Consumer Goods & Retail,2017-09-19,2017-09-25,307.8124694824219,290.6500582032316,28,8618.75,8138.2,-480.55,33.41,-513.96,-5.96,6,Trailing Stop Hit (20 EMA)
JWL.NS,Jupiter Wagons Limited,Information Technology,2017-09-22,2017-09-28,10.722219467163086,10.785999429957196,804,8620.66,8671.94,51.28,33.97,17.31,0.2,6,Trailing Stop Hit (20 EMA)
DMART.NS,Avenue Supermarts Limited,Consumer Goods & Retail,2017-09-26,2017-09-28,1116.050048828125,1057.9453602710514,7,7812.35,7405.62,-406.73,31.69,-438.42,-5.61,2,Trailing Stop Hit (20 EMA)
MOTILALOFS.NS,Motilal Oswal Financial Services Limited,Banking & Financial Services,2017-09-28,2017-10-05,1216.737548828125,1354.41,7,8517.16,9480.87,963.71,34.68,929.03,10.91,7,Target Hit (3x ATR)
JSWDULUX.NS,JSW Dulux Limited,Consumer Goods & Retail,2017-09-28,2017-10-09,1472.13720703125,1467.9693038672083,5,7360.69,7339.85,-20.84,31.09,-51.93,-0.71,11,Trailing Stop Hit (20 EMA)
CUB.NS,City Union Bank Limited,Banking & Financial Services,2017-09-29,2017-10-09,104.98468017578125,104.716807939405,81,8503.76,8482.06,-21.7,33.63,-55.33,-0.65,10,Trailing Stop Hit (20 EMA)
ACE.NS,Action Construction Equipment Limited,Information Technology,2017-10-05,2017-10-11,66.33699798583984,64.98078605075906,130,8623.81,8447.5,-176.31,33.74,-210.05,-2.44,6,Trailing Stop Hit (20 EMA)
SOBHA.NS,Sobha Limited,"Construction, Materials & Infra",2017-10-09,2017-10-11,425.2640075683594,394.16,20,8505.28,7883.2,-622.08,33.01,-655.09,-7.7,2,Stop Loss Hit (2x ATR)
MMTC.NS,MMTC Limited,Services & Logistics,2017-10-06,2017-10-12,39.129364013671875,43.955314190233665,222,8686.72,9758.08,1071.36,35.17,1036.19,11.93,6,Target Hit (3x ATR)
CHOLAFIN.NS,Cholamandalam Investment and Finance Company Limited,Banking & Financial Services,2017-10-12,2017-10-16,223.89794921875,218.62997152200285,38,8508.12,8307.94,-200.18,33.47,-233.65,-2.75,4,Trailing Stop Hit (20 EMA)
KPRMILL.NS,K.P.R. Mill Limited,Diversified & Others,2017-10-12,2017-10-16,147.77972412109375,146.72623472725053,58,8571.22,8510.12,-61.1,33.74,-94.84,-1.11,4,Trailing Stop Hit (20 EMA)
LTFOODS.NS,LT Foods Limited,Consumer Goods & Retail,2017-10-09,2017-10-17,61.039276123046875,59.9583479608321,142,8667.58,8514.09,-153.49,33.86,-187.35,-2.16,8,Trailing Stop Hit (20 EMA)
HINDZINC.NS,Hindustan Zinc Limited,Metals & Mining,2017-10-03,2017-10-24,154.1704559326172,154.2589148427459,55,8479.38,8484.24,4.86,33.6,-28.74,-0.34,21,Trailing Stop Hit (20 EMA)
ENDURANCE.NS,Endurance Technologies Limited,Automobile & Auto Components,2017-10-05,2017-10-24,1020.786376953125,1030.004103256069,8,8166.29,8240.03,73.74,32.96,40.78,0.5,19,Trailing Stop Hit (20 EMA)
PVRINOX.NS,PVR INOX Limited,Diversified & Others,2017-10-05,2017-10-24,1263.7493896484375,1404.24,6,7582.5,8425.44,842.94,32.49,810.45,10.69,19,Target Hit (3x ATR)
VOLTAS.NS,Voltas Limited,Consumer Goods & Retail,2017-10-12,2017-10-25,510.0885314941406,506.1035333375341,17,8671.51,8603.76,-67.75,33.96,-101.71,-1.17,13,Trailing Stop Hit (20 EMA)
TATACOMM.NS,Tata Communications Limited,Information Technology,2017-10-16,2017-10-25,399.3850402832031,388.8146669670763,21,8387.09,8165.11,-221.98,33.17,-255.15,-3.04,9,Trailing Stop Hit (20 EMA)
KPRMILL.NS,K.P.R. Mill Limited,Diversified & Others,2017-10-23,2017-10-25,151.4525604248047,145.58540511944855,57,8632.8,8298.37,-334.43,33.6,-368.03,-4.26,2,Trailing Stop Hit (20 EMA)
PNB.NS,Punjab National Bank,Banking & Financial Services,2017-10-24,2017-10-25,124.60595703125,137.04851962561176,69,8597.81,9456.35,858.54,34.76,823.78,9.58,1,Target Hit (3x ATR)
CANBK.NS,Canara Bank,Banking & Financial Services,2017-10-24,2017-10-25,53.6766242980957,59.04259984657588,161,8641.94,9505.86,863.92,34.86,829.06,9.59,1,Target Hit (3x ATR)
UNIONBANK.NS,Union Bank of India,Banking & Financial Services,2017-10-24,2017-10-25,110.2293701171875,121.21877277620895,78,8597.89,9455.06,857.17,34.76,822.41,9.57,1,Target Hit (3x ATR)
BANKBARODA.NS,Bank of Baroda,Banking & Financial Services,2017-10-24,2017-10-25,122.92871856689453,135.20871602379623,70,8605.01,9464.61,859.6,34.77,824.83,9.59,1,Target Hit (3x ATR)
INDIANB.NS,Indian Bank,Banking & Financial Services,2017-10-24,2017-10-25,227.46640014648438,249.05,38,8643.72,9463.9,820.18,34.81,785.37,9.09,1,Target Hit (3x ATR)
BLS.NS,BLS International Services Limited,Consumer Goods & Retail,2017-10-12,2017-10-30,62.39067459106445,60.45899031775998,139,8672.3,8403.8,-268.5,33.75,-302.25,-3.49,18,Trailing Stop Hit (20 EMA)
ANANTRAJ.NS,Anant Raj Limited,"Construction, Materials & Infra",2017-10-23,2017-10-30,22.2802734375,24.93,388,8644.75,9672.84,1028.09,35.03,993.06,11.49,7,Target Hit (3x ATR)
ABB.NS,ABB India Limited,Information Technology,2017-10-25,2017-10-31,1197.8319091796875,1188.1657459525115,7,8384.82,8317.16,-67.66,33.33,-100.99,-1.2,6,Trailing Stop Hit (20 EMA)
ARE&M.NS,Amara Raja Energy & Mobility Limited,Automobile & Auto Components,2017-10-31,2017-11-02,634.6739501953125,635.2188192725739,14,8885.44,8893.06,7.62,34.5,-26.88,-0.3,2,Trailing Stop Hit (20 EMA)
JSWDULUX.NS,JSW Dulux Limited,Consumer Goods & Retail,2017-10-30,2017-11-03,1499.4510498046875,1474.7062672358081,6,8996.71,8848.24,-148.47,34.6,-183.07,-2.03,4,Trailing Stop Hit (20 EMA)
WOCKPHARMA.NS,Wockhardt Limited,Healthcare & Pharmaceuticals,2017-10-25,2017-11-06,584.4421997070312,639.53,15,8766.63,9592.95,826.32,35.08,791.24,9.03,12,Target Hit (3x ATR)
GLAXO.NS,GlaxoSmithKline Pharmaceuticals Limited,Healthcare & Pharmaceuticals,2017-10-26,2017-11-06,1014.3844604492188,1090.52,8,8115.08,8724.16,609.08,33.42,575.66,7.09,11,Target Hit (3x ATR)
NATCOPHARM.NS,Natco Pharma Limited,Healthcare & Pharmaceuticals,2017-11-02,2017-11-06,924.2062377929688,887.6816463969897,9,8317.86,7989.13,-328.73,32.91,-361.64,-4.35,4,Trailing Stop Hit (20 EMA)
J&KBANK.NS,The Jammu & Kashmir Bank Limited,Banking & Financial Services,2017-10-25,2017-11-07,79.57173919677734,75.45773578108934,112,8912.03,8451.27,-460.76,34.08,-494.84,-5.55,13,Trailing Stop Hit (20 EMA)
PGEL.NS,PG Electroplast Limited,Consumer Goods & Retail,2017-10-31,2017-11-07,43.666507720947266,40.56006549230833,205,8951.63,8314.81,-636.82,33.99,-670.81,-7.49,7,Trailing Stop Hit (20 EMA)
JWL.NS,Jupiter Wagons Limited,Information Technology,2017-11-02,2017-11-07,12.211416244506836,13.79,742,9060.87,10232.18,1171.31,36.1,1135.21,12.53,5,Target Hit (3x ATR)
MOTILALOFS.NS,Motilal Oswal Financial Services Limited,Banking & Financial Services,2017-11-03,2017-11-07,1384.7554931640625,1328.3012412414582,6,8308.53,7969.81,-338.72,32.88,-371.6,-4.47,4,Trailing Stop Hit (20 EMA)
USHAMART.NS,Usha Martin Limited,Information Technology,2017-11-03,2017-11-07,25.523752212524414,24.092515188448704,354,9035.41,8528.75,-506.66,34.32,-540.98,-5.99,4,Trailing Stop Hit (20 EMA)
WELSPUNLIV.NS,Welspun Living Limited,Diversified & Others,2017-10-30,2017-11-08,62.28804397583008,63.9849454002262,144,8969.48,9213.83,244.35,34.94,209.41,2.33,9,Trailing Stop Hit (20 EMA)
ITI.NS,ITI Limited,Information Technology,2017-11-06,2017-11-08,158.64999389648438,149.95307740618,56,8884.4,8397.37,-487.03,33.99,-521.02,-5.86,2,Trailing Stop Hit (20 EMA)
LAURUSLABS.NS,Laurus Labs Limited,Healthcare & Pharmaceuticals,2017-11-06,2017-11-09,105.41862487792969,104.28710688638591,85,8960.58,8864.4,-96.18,34.56,-130.74,-1.46,3,Trailing Stop Hit (20 EMA)
OFSS.NS,Oracle Financial Services Software Limited,Information Technology,2017-11-07,2017-11-10,2478.10205078125,2427.595599309477,3,7434.31,7282.79,-151.52,31.12,-182.64,-2.46,3,Trailing Stop Hit (20 EMA)
TRENT.NS,Trent Limited,Consumer Goods & Retail,2017-11-08,2017-11-13,305.88238525390625,300.5224571219608,29,8870.59,8715.15,-155.44,34.31,-189.75,-2.14,5,Trailing Stop Hit (20 EMA)
ARE&M.NS,Amara Raja Energy & Mobility Limited,Automobile & Auto Components,2017-11-09,2017-11-13,666.0176391601562,717.35,13,8658.23,9325.55,667.32,34.7,632.62,7.31,4,Target Hit (3x ATR)
ERIS.NS,Eris Lifesciences Limited,Healthcare & Pharmaceuticals,2017-11-17,2017-11-20,557.779296875,600.32,16,8924.47,9605.12,680.65,35.3,645.35,7.23,3,Target Hit (3x ATR)
MFSL.NS,Max Financial Services Limited,Banking & Financial Services,2017-11-17,2017-11-21,572.3499755859375,564.9000244140625,15,8585.25,8473.5,-111.75,33.72,-145.47,-1.69,4,Trailing Stop Hit (20 EMA)
GRAVITA.NS,Gravita India Limited,Metals & Mining,2017-11-17,2017-11-22,149.15966796875,145.64831877640285,60,8949.58,8738.9,-210.68,34.43,-245.11,-2.74,5,Trailing Stop Hit (20 EMA)
ANANTRAJ.NS,Anant Raj Limited,"Construction, Materials & Infra",2017-11-20,2017-11-22,23.77234649658203,23.112596862177114,380,9033.49,8782.79,-250.7,34.57,-285.27,-3.16,2,Trailing Stop Hit (20 EMA)
ZYDUSWELL.NS,Zydus Wellness Limited,Consumer Goods & Retail,2017-11-20,2017-11-23,176.8116455078125,175.88239734745306,51,9017.39,8970.0,-47.39,34.75,-82.14,-0.91,3,Trailing Stop Hit (20 EMA)
MFSL.NS,Max Financial Services Limited,Banking & Financial Services,2017-11-21,2017-11-23,575.6500244140625,568.4845677413132,15,8634.75,8527.27,-107.48,33.84,-141.32,-1.64,2,Trailing Stop Hit (20 EMA)
LTFOODS.NS,LT Foods Limited,Consumer Goods & Retail,2017-11-22,2017-11-24,64.65404510498047,64.03673432017459,140,9051.57,8965.14,-86.43,34.79,-121.22,-1.34,2,Trailing Stop Hit (20 EMA)
ECLERX.NS,eClerx Services Limited,Services & Logistics,2017-11-16,2017-11-28,425.36090087890625,459.11,21,8932.58,9641.31,708.73,35.34,673.39,7.54,12,Target Hit (3x ATR)
PGEL.NS,PG Electroplast Limited,Consumer Goods & Retail,2017-11-23,2017-11-28,41.932838439941406,40.22469077940259,215,9015.56,8648.31,-367.25,34.42,-401.67,-4.46,5,Trailing Stop Hit (20 EMA)
EIHOTEL.NS,EIH Limited,Consumer Goods & Retail,2017-11-24,2017-11-28,146.81671142578125,144.5370826609183,61,8955.82,8816.76,-139.06,34.52,-173.58,-1.94,4,Trailing Stop Hit (20 EMA)
GRAVITA.NS,Gravita India Limited,Metals & Mining,2017-11-27,2017-11-29,148.73805236816406,146.2117331374584,61,9073.02,8918.92,-154.1,34.75,-188.85,-2.08,2,Trailing Stop Hit (20 EMA)
AXISBANK.NS,Axis Bank Limited,Banking & Financial Services,2017-10-31,2017-11-30,519.9276733398438,536.7023716405051,17,8838.77,9123.94,285.17,34.69,250.48,2.83,30,Trailing Stop Hit (20 EMA)
SOBHA.NS,Sobha Limited,"Construction, Materials & Infra",2017-11-10,2017-11-30,475.6947326660156,556.66,18,8562.51,10019.88,1457.37,35.29,1422.08,16.61,20,Target Hit (3x ATR)
WELSPUNLIV.NS,Welspun Living Limited,Diversified & Others,2017-11-17,2017-12-01,64.66403198242188,66.20332943825457,138,8923.64,9136.06,212.42,34.81,177.61,1.99,14,Trailing Stop Hit (20 EMA)
MOTHERSON.NS,Samvardhana Motherson International Limited,Automobile & Auto Components,2017-11-27,2017-12-01,59.364234924316406,58.59334616267245,152,9023.36,8906.19,-117.17,34.68,-151.85,-1.68,4,Trailing Stop Hit (20 EMA)
ANANTRAJ.NS,Anant Raj Limited,"Construction, Materials & Infra",2017-11-24,2017-12-04,24.599037170410156,23.925256863050713,366,9003.25,8756.64,-246.61,34.51,-281.12,-3.12,10,Trailing Stop Hit (20 EMA)
JSL.NS,Jindal Stainless Limited,Metals & Mining,2017-11-30,2017-12-04,108.78931427001953,106.5861144104177,83,9029.51,8846.65,-182.86,34.63,-217.49,-2.41,4,Trailing Stop Hit (20 EMA)
DMART.NS,Avenue Supermarts Limited,Consumer Goods & Retail,2017-12-04,2017-12-06,1150.699951171875,1129.5719665765887,7,8054.9,7907.0,-147.9,32.49,-180.39,-2.24,2,Trailing Stop Hit (20 EMA)
LTFOODS.NS,LT Foods Limited,Consumer Goods & Retail,2017-12-04,2017-12-07,66.30126953125,74.31,135,8950.67,10031.85,1081.18,35.77,1045.41,11.68,3,Target Hit (3x ATR)
JWL.NS,Jupiter Wagons Limited,Information Technology,2017-12-07,2017-12-08,15.388370513916016,17.82,588,9048.36,10478.16,1429.8,36.35,1393.45,15.4,1,Target Hit (3x ATR)
DMART.NS,Avenue Supermarts Limited,Consumer Goods & Retail,2017-12-07,2017-12-11,1142.4000244140625,1130.522659112811,7,7996.8,7913.66,-83.14,32.44,-115.58,-1.45,4,Trailing Stop Hit (20 EMA)
PGEL.NS,PG Electroplast Limited,Consumer Goods & Retail,2017-12-07,2017-12-11,40.15919494628906,40.04335318383148,225,9035.82,9009.75,-26.07,34.82,-60.89,-0.67,4,Trailing Stop Hit (20 EMA)
ASAHIINDIA.NS,Asahi India Glass Limited,Automobile & Auto Components,2017-12-08,2017-12-12,360.14044189453125,359.2830446210991,25,9003.51,8982.08,-21.43,34.74,-56.17,-0.62,4,Trailing Stop Hit (20 EMA)
TATACOMM.NS,Tata Communications Limited,Information Technology,2017-12-11,2017-12-15,397.2196044921875,383.2956291082601,23,9136.05,8815.8,-320.25,34.73,-354.98,-3.89,4,Trailing Stop Hit (20 EMA)
GRAPHITE.NS,Graphite India Limited,Information Technology,2017-12-07,2017-12-18,491.8715515136719,476.4874495483384,18,8853.69,8576.77,-276.92,34.14,-311.06,-3.51,11,Trailing Stop Hit (20 EMA)
LAURUSLABS.NS,Laurus Labs Limited,Healthcare & Pharmaceuticals,2017-12-14,2017-12-18,101.60296630859375,100.78921951661145,89,9042.66,8970.24,-72.42,34.78,-107.2,-1.19,4,Trailing Stop Hit (20 EMA)
PNB.NS,Punjab National Bank,Banking & Financial Services,2017-12-18,2017-12-20,161.16725158691406,154.99105858305452,56,9025.37,8679.5,-345.87,34.46,-380.33,-4.21,2,Trailing Stop Hit (20 EMA)
WOCKPHARMA.NS,Wockhardt Limited,Healthcare & Pharmaceuticals,2017-12-11,2017-12-21,694.78564453125,767.51,13,9032.21,9977.63,945.42,35.81,909.61,10.07,10,Target Hit (3x ATR)
PGEL.NS,PG Electroplast Limited,Consumer Goods & Retail,2017-12-19,2017-12-21,40.708778381347656,39.6392859025465,224,9118.77,8879.2,-239.57,34.77,-274.34,-3.01,2,Trailing Stop Hit (20 EMA)
ITI.NS,ITI Limited,Information Technology,2017-12-20,2017-12-26,144.5500030517578,137.68869025252323,63,9106.65,8674.39,-432.26,34.55,-466.81,-5.13,6,Trailing Stop Hit (20 EMA)
IPCALAB.NS,IPCA Laboratories Limited,Healthcare & Pharmaceuticals,2017-12-12,2017-12-27,267.2102966308594,299.48,34,9085.15,10182.32,1097.17,36.08,1061.09,11.68,15,Target Hit (3x ATR)
JINDALSAW.NS,Jindal Saw Limited,Information Technology,2017-12-21,2017-12-27,53.776729583740234,60.23,171,9195.82,10299.33,1103.51,36.34,1067.17,11.6,6,Target Hit (3x ATR)
GRAVITA.NS,Gravita India Limited,Metals & Mining,2017-12-21,2017-12-27,147.7073974609375,144.17015596029222,62,9157.86,8938.55,-219.31,34.88,-254.19,-2.78,6,Trailing Stop Hit (20 EMA)
LTF.NS,L&T Finance Limited,Banking & Financial Services,2017-12-19,2017-12-28,150.30311584472656,148.60555252092522,60,9018.19,8916.33,-101.86,34.69,-136.55,-1.51,9,Trailing Stop Hit (20 EMA)
JSL.NS,Jindal Stainless Limited,Metals & Mining,2017-12-21,2017-12-28,103.69747161865234,103.50093799214949,89,9229.07,9211.58,-17.49,35.23,-52.72,-0.57,7,Trailing Stop Hit (20 EMA)
JSWDULUX.NS,JSW Dulux Limited,Consumer Goods & Retail,2017-12-27,2017-12-29,1427.5643310546875,1428.5641069644646,6,8565.39,8571.38,5.99,33.79,-27.8,-0.32,2,Trailing Stop Hit (20 EMA)
MMTC.NS,MMTC Limited,Services & Logistics,2017-12-27,2018-01-02,47.86825180053711,47.54263320166028,194,9286.44,9223.27,-63.17,35.32,-98.49,-1.06,6,Trailing Stop Hit (20 EMA)
GLAXO.NS,GlaxoSmithKline Pharmaceuticals Limited,Healthcare & Pharmaceuticals,2017-12-28,2018-01-02,986.5513305664062,990.3368050056229,9,8878.96,8913.03,34.07,34.51,-0.44,-0.0,5,Trailing Stop Hit (20 EMA)
TRENT.NS,Trent Limited,Consumer Goods & Retail,2017-12-29,2018-01-03,333.6944274902344,326.3616276367055,28,9343.44,9138.13,-205.31,35.3,-240.61,-2.58,5,Trailing Stop Hit (20 EMA)
JKCEMENT.NS,JK Cement Limited,"Construction, Materials & Infra",2017-12-13,2018-01-05,1000.0626831054688,1082.58,9,9000.56,9743.22,742.66,35.52,707.14,7.86,23,Target Hit (3x ATR)
USHAMART.NS,Usha Martin Limited,Information Technology,2017-12-21,2018-01-05,21.89794921875,25.47,421,9219.04,10722.87,1503.83,36.79,1467.04,15.91,15,Target Hit (3x ATR)
BLS.NS,BLS International Services Limited,Consumer Goods & Retail,2017-12-18,2018-01-09,58.09196472167969,65.75,156,9062.35,10257.0,1194.65,36.13,1158.52,12.78,22,Target Hit (3x ATR)
PNB.NS,Punjab National Bank,Banking & Financial Services,2018-01-04,2018-01-10,159.09347534179688,156.59337082309892,59,9386.52,9239.01,-147.51,35.46,-182.97,-1.95,6,Trailing Stop Hit (20 EMA)
ARE&M.NS,Amara Raja Energy & Mobility Limited,Automobile & Auto Components,2017-12-19,2018-01-12,733.215576171875,793.45,12,8798.59,9521.4,722.81,35.05,687.76,7.82,24,Target Hit (3x ATR)
PGEL.NS,PG Electroplast Limited,Consumer Goods & Retail,2017-12-28,2018-01-12,40.05427551269531,41.42378457795448,233,9332.65,9651.74,319.09,35.82,283.27,3.04,15,Trailing Stop Hit (20 EMA)
GICRE.NS,General Insurance Corporation of India,Banking & Financial Services,2018-01-12,2018-01-16,325.7673034667969,316.39991919963103,29,9447.25,9175.6,-271.65,35.47,-307.12,-3.25,4,Trailing Stop Hit (20 EMA)
ACE.NS,Action Construction Equipment Limited,Information Technology,2018-01-04,2018-01-17,149.66859436035156,147.3836616697327,62,9279.45,9137.79,-141.66,35.23,-176.89,-1.91,13,Trailing Stop Hit (20 EMA)
ASAHIINDIA.NS,Asahi India Glass Limited,Automobile & Auto Components,2018-01-05,2018-01-17,362.1789855957031,364.50872897421607,26,9416.65,9477.23,60.58,35.74,24.84,0.26,12,Trailing Stop Hit (20 EMA)
LAURUSLABS.NS,Laurus Labs Limited,Healthcare & Pharmaceuticals,2018-01-17,2018-01-19,105.87265014648438,104.48161946194229,89,9422.67,9298.86,-123.81,35.56,-159.37,-1.69,2,Trailing Stop Hit (20 EMA)
BANKBARODA.NS,Bank of Baroda,Banking & Financial Services,2018-01-17,2018-01-19,141.86395263671875,139.11597750260296,66,9363.02,9181.65,-181.37,35.36,-216.73,-2.31,2,Trailing Stop Hit (20 EMA)
INDIANB.NS,Indian Bank,Banking & Financial Services,2018-01-17,2018-01-19,325.0602111816406,317.2325385599083,29,9426.75,9199.74,-227.01,35.46,-262.47,-2.78,2,Trailing Stop Hit (20 EMA)
PNB.NS,Punjab National Bank,Banking & Financial Services,2018-01-17,2018-01-19,158.28201293945312,153.99926814984437,59,9338.64,9085.96,-252.68,35.25,-287.93,-3.08,2,Trailing Stop Hit (20 EMA)
PGEL.NS,PG Electroplast Limited,Consumer Goods & Retail,2018-01-18,2018-01-22,44.281036376953125,41.22837590301433,211,9343.3,8699.19,-644.11,34.85,-678.96,-7.27,4,Trailing Stop Hit (20 EMA)
SOBHA.NS,Sobha Limited,"Construction, Materials & Infra",2018-01-22,2018-01-24,553.998779296875,541.8326866639319,16,8863.98,8669.32,-194.66,34.25,-228.91,-2.58,2,Trailing Stop Hit (20 EMA)
CANBK.NS,Canara Bank,Banking & Financial Services,2018-01-19,2018-01-25,61.3954963684082,61.281939829729,152,9332.12,9314.85,-17.27,35.47,-52.74,-0.57,6,Trailing Stop Hit (20 EMA)
KPIL.NS,Kalpataru Projects International Limited,"Construction, Materials & Infra",2018-01-23,2018-01-25,456.1504821777344,438.7575573743211,20,9123.01,8775.15,-347.86,34.67,-382.53,-4.19,2,Trailing Stop Hit (20 EMA)
DIVISLAB.NS,Divi's Laboratories Limited,Healthcare & Pharmaceuticals,2018-01-23,2018-01-29,1036.9654541015625,1029.651319312126,9,9332.69,9266.86,-65.83,35.43,-101.26,-1.09,6,Trailing Stop Hit (20 EMA)
ARE&M.NS,Amara Raja Energy & Mobility Limited,Automobile & Auto Components,2018-01-24,2018-01-29,796.3329467773438,764.1774805686138,11,8759.66,8405.95,-353.71,33.86,-387.57,-4.42,5,Trailing Stop Hit (20 EMA)
PVRINOX.NS,PVR INOX Limited,Diversified & Others,2018-01-31,2018-02-02,1427.061279296875,1379.5771366071194,6,8562.37,8277.46,-284.91,33.49,-318.4,-3.72,2,Trailing Stop Hit (20 EMA)
ECLERX.NS,eClerx Services Limited,Services & Logistics,2018-02-01,2018-02-02,515.9385375976562,485.0011253863806,17,8770.96,8245.02,-525.94,33.7,-559.64,-6.38,1,Stop Loss Hit (2x ATR)
IPCALAB.NS,IPCA Laboratories Limited,Healthcare & Pharmaceuticals,2018-02-07,2018-02-12,278.0792236328125,314.67,32,8898.54,10069.44,1170.9,35.74,1135.16,12.76,5,Target Hit (3x ATR)
MUTHOOTFIN.NS,Muthoot Finance Limited,Banking & Financial Services,2018-02-08,2018-02-12,367.9308166503906,362.7564021097811,25,9198.27,9068.91,-129.36,35.06,-164.42,-1.79,4,Trailing Stop Hit (20 EMA)
SOBHA.NS,Sobha Limited,"Construction, Materials & Infra",2018-02-09,2018-02-14,524.32275390625,522.4699779865807,17,8913.49,8881.99,-31.5,34.52,-66.02,-0.74,5,Trailing Stop Hit (20 EMA)
BANKBARODA.NS,Bank of Baroda,Banking & Financial Services,2018-02-12,2018-02-15,144.8266143798828,138.2679123476686,64,9268.9,8849.15,-419.75,34.92,-454.67,-4.91,3,Trailing Stop Hit (20 EMA)
MINDACORP.NS,Minda Corporation Limited,Automobile & Auto Components,2018-02-12,2018-02-15,204.6807098388672,194.4684275755098,45,9210.63,8751.08,-459.55,34.74,-494.29,-5.37,3,Trailing Stop Hit (20 EMA)
HEG.NS,HEG Limited,Information Technology,2018-02-09,2018-02-16,484.47015380859375,452.91513235663325,19,9204.93,8605.39,-599.54,34.59,-634.13,-6.89,7,Trailing Stop Hit (20 EMA)
ARE&M.NS,Amara Raja Energy & Mobility Limited,Automobile & Auto Components,2018-02-12,2018-02-16,771.7315063476562,743.5100631863238,12,9260.78,8922.12,-338.66,34.98,-373.64,-4.03,4,Trailing Stop Hit (20 EMA)
JSL.NS,Jindal Stainless Limited,Metals & Mining,2018-02-12,2018-02-16,111.82483673095703,108.78269368974608,83,9281.46,9028.96,-252.5,35.12,-287.62,-3.1,4,Trailing Stop Hit (20 EMA)
ITI.NS,ITI Limited,Information Technology,2018-02-14,2018-02-16,125.1500015258789,117.29712409673844,74,9261.1,8679.99,-581.11,34.74,-615.85,-6.65,2,Trailing Stop Hit (20 EMA)
IGL.NS,Indraprastha Gas Limited,"Energy, Power & Utilities",2018-02-14,2018-02-16,135.2415313720703,133.643038264225,68,9196.42,9087.73,-108.69,35.08,-143.77,-1.56,2,Trailing Stop Hit (20 EMA)
CASTROLIND.NS,Castrol India Limited,"Energy, Power & Utilities",2018-02-07,2018-02-19,123.91924285888672,126.11326961989744,73,9046.1,9206.27,160.17,35.03,125.14,1.38,12,Trailing Stop Hit (20 EMA)
CUB.NS,City Union Bank Limited,Banking & Financial Services,2018-02-15,2018-02-19,109.25394439697266,106.86057304941593,83,9068.08,8869.43,-198.65,34.7,-233.35,-2.57,4,Trailing Stop Hit (20 EMA)
VOLTAS.NS,Voltas Limited,Consumer Goods & Retail,2018-02-26,2018-02-28,584.5845336914062,567.6503488476385,15,8768.77,8514.76,-254.01,33.98,-287.99,-3.28,2,Trailing Stop Hit (20 EMA)
HINDZINC.NS,Hindustan Zinc Limited,Metals & Mining,2018-02-09,2018-03-01,150.25436401367188,155.68368006031238,61,9165.52,9496.7,331.18,35.46,295.72,3.23,20,Trailing Stop Hit (20 EMA)
ENDURANCE.NS,Endurance Technologies Limited,Automobile & Auto Components,2018-02-15,2018-03-01,1191.17431640625,1353.43,7,8338.22,9474.01,1135.79,34.46,1101.33,13.21,14,Target Hit (3x ATR)
ASAHIINDIA.NS,Asahi India Glass Limited,Automobile & Auto Components,2018-02-27,2018-03-01,339.6095886230469,337.9446277904201,27,9169.46,9124.5,-44.96,35.08,-80.04,-0.87,2,Trailing Stop Hit (20 EMA)
HEG.NS,HEG Limited,Information Technology,2018-02-27,2018-03-05,470.8848876953125,455.5147754949672,19,8946.81,8654.78,-292.03,34.34,-326.37,-3.65,6,Trailing Stop Hit (20 EMA)
GRAPHITE.NS,Graphite India Limited,Information Technology,2018-03-01,2018-03-06,544.3045043945312,529.1335535188521,16,8708.87,8466.14,-242.73,33.87,-276.6,-3.18,5,Trailing Stop Hit (20 EMA)
AUBANK.NS,AU Small Finance Bank Limited,Banking & Financial Services,2018-03-01,2018-03-06,296.731689453125,291.7708889122016,30,8901.95,8753.13,-148.82,34.38,-183.2,-2.06,5,Trailing Stop Hit (20 EMA)
JSWDULUX.NS,JSW Dulux Limited,Consumer Goods & Retail,2018-03-06,2018-03-08,1427.0496826171875,1393.4812273384618,6,8562.3,8360.89,-201.41,33.57,-234.98,-2.74,2,Trailing Stop Hit (20 EMA)
IGL.NS,Indraprastha Gas Limited,"Energy, Power & Utilities",2018-02-27,2018-03-09,134.1209259033203,133.43684705657924,68,9120.22,9073.71,-46.51,34.97,-81.48,-0.89,10,Trailing Stop Hit (20 EMA)
TRENT.NS,Trent Limited,Consumer Goods & Retail,2018-03-08,2018-03-12,329.6365051269531,316.194567391843,27,8900.19,8537.25,-362.94,34.16,-397.1,-4.46,4,Trailing Stop Hit (20 EMA)
ERIS.NS,Eris Lifesciences Limited,Healthcare & Pharmaceuticals,2018-02-28,2018-03-13,718.9441528320312,795.92,12,8627.33,9551.04,923.71,34.88,888.83,10.3,13,Target Hit (3x ATR)
FEDERALBNK.NS,The Federal Bank  Limited,Banking & Financial Services,2018-03-09,2018-03-13,87.36752319335938,87.36751787800364,104,9086.22,9086.22,0.0,34.95,-34.95,-0.38,4,Trailing Stop Hit (20 EMA)
ZYDUSWELL.NS,Zydus Wellness Limited,Consumer Goods & Retail,2018-02-08,2018-03-15,222.7675323486328,237.57632610115513,41,9133.47,9740.63,607.16,35.67,571.49,6.26,35,Trailing Stop Hit (20 EMA)
BANKBARODA.NS,Bank of Baroda,Banking & Financial Services,2018-03-14,2018-03-16,125.16144561767578,122.677049334431,72,9011.62,8832.75,-178.87,34.59,-213.46,-2.37,2,Trailing Stop Hit (20 EMA)
HEG.NS,HEG Limited,Information Technology,2018-03-13,2018-03-19,485.4477844238281,574.18,18,8738.06,10335.24,1597.18,35.84,1561.34,17.87,6,Target Hit (3x ATR)
LICHSGFIN.NS,LIC Housing Finance Limited,Banking & Financial Services,2018-03-13,2018-03-19,434.8811340332031,433.311360348861,20,8697.62,8666.23,-31.39,34.06,-65.45,-0.75,6,Trailing Stop Hit (20 EMA)
JWL.NS,Jupiter Wagons Limited,Information Technology,2018-03-14,2018-03-19,16.82792854309082,16.280610968131327,540,9087.08,8791.53,-295.55,34.64,-330.19,-3.63,5,Trailing Stop Hit (20 EMA)
ITI.NS,ITI Limited,Information Technology,2018-03-15,2018-03-19,122.30000305175781,116.42267847212159,74,9050.2,8615.28,-434.92,34.43,-469.35,-5.19,4,Trailing Stop Hit (20 EMA)
AUBANK.NS,AU Small Finance Bank Limited,Banking & Financial Services,2018-03-15,2018-03-19,295.5162658691406,289.71210342516736,30,8865.49,8691.36,-174.13,34.28,-208.41,-2.35,4,Trailing Stop Hit (20 EMA)
ANANTRAJ.NS,Anant Raj Limited,"Construction, Materials & Infra",2018-03-15,2018-03-19,22.48190689086914,21.977825116228967,407,9150.14,8944.97,-205.17,34.87,-240.04,-2.62,4,Trailing Stop Hit (20 EMA)
MINDACORP.NS,Minda Corporation Limited,Automobile & Auto Components,2018-03-15,2018-03-19,185.4943389892578,181.9062714253377,49,9089.22,8913.41,-175.81,34.76,-210.57,-2.32,4,Trailing Stop Hit (20 EMA)
TATACOMM.NS,Tata Communications Limited,Information Technology,2018-03-20,2018-03-22,353.9662780761719,350.7723026663831,25,8849.16,8769.31,-79.85,34.34,-114.19,-1.29,2,Trailing Stop Hit (20 EMA)
DIVISLAB.NS,Divi's Laboratories Limited,Healthcare & Pharmaceuticals,2018-03-13,2018-03-23,974.9181518554688,990.9934793706256,9,8774.26,8918.94,144.68,34.4,110.28,1.26,10,Trailing Stop Hit (20 EMA)
ADANIENSOL.NS,Adani Energy Solutions Limited,"Energy, Power & Utilities",2018-03-20,2018-03-23,194.5,193.35000610351562,46,8947.0,8894.1,-52.9,34.58,-87.48,-0.98,3,Trailing Stop Hit (20 EMA)
POLYMED.NS,Poly Medicure Limited,Healthcare & Pharmaceuticals,2018-03-23,2018-03-28,244.5386199951172,242.40903579653678,37,9047.93,8969.13,-78.8,34.79,-113.59,-1.26,5,Trailing Stop Hit (20 EMA)
CANBK.NS,Canara Bank,Banking & Financial Services,2018-03-26,2018-03-28,45.788475036621094,44.823622502442454,197,9020.33,8830.25,-190.08,34.6,-224.68,-2.49,2,Trailing Stop Hit (20 EMA)
KPIL.NS,Kalpataru Projects International Limited,"Construction, Materials & Infra",2018-03-27,2018-03-28,429.07965087890625,398.37,21,9010.67,8365.77,-644.9,34.12,-679.02,-7.54,1,Stop Loss Hit (2x ATR)
JKCEMENT.NS,JK Cement Limited,"Construction, Materials & Infra",2018-03-27,2018-04-02,960.548583984375,953.118937018997,9,8644.94,8578.07,-66.87,33.9,-100.77,-1.17,6,Trailing Stop Hit (20 EMA)
PGEL.NS,PG Electroplast Limited,Consumer Goods & Retail,2018-03-27,2018-04-02,26.76447105407715,33.05,338,9046.39,11170.9,2124.51,37.06,2087.45,23.07,6,Target Hit (3x ATR)
SAMMAANCAP.NS,Sammaan Capital Limited,Banking & Financial Services,2018-03-27,2018-04-02,922.19287109375,909.1646089365704,9,8299.74,8182.48,-117.26,33.07,-150.33,-1.81,6,Trailing Stop Hit (20 EMA)
ADANIENSOL.NS,Adani Energy Solutions Limited,"Energy, Power & Utilities",2018-03-28,2018-04-03,193.6999969482422,191.5,46,8910.2,8809.0,-101.2,34.45,-135.65,-1.52,6,Trailing Stop Hit (20 EMA)
EIHOTEL.NS,EIH Limited,Consumer Goods & Retail,2018-04-05,2018-04-09,158.9282989501953,157.34336281854888,57,9058.91,8968.57,-90.34,34.8,-125.14,-1.38,4,Trailing Stop Hit (20 EMA)
DMART.NS,Avenue Supermarts Limited,Consumer Goods & Retail,2018-04-02,2018-04-11,1357.300048828125,1500.0,6,8143.8,9000.0,856.2,33.73,822.47,10.1,9,Target Hit (3x ATR)
PVRINOX.NS,PVR INOX Limited,Diversified & Others,2018-04-09,2018-04-11,1268.2926025390625,1243.1538635757274,7,8878.05,8702.08,-175.97,34.3,-210.27,-2.37,2,Trailing Stop Hit (20 EMA)
KPRMILL.NS,K.P.R. Mill Limited,Diversified & Others,2018-04-12,2018-04-16,128.40353393554688,126.22071108212229,71,9116.65,8961.67,-154.98,34.86,-189.84,-2.08,4,Trailing Stop Hit (20 EMA)
GABRIEL.NS,Gabriel India Limited,Automobile & Auto Components,2018-04-02,2018-04-17,140.93295288085938,140.27540838358686,64,9019.71,8977.63,-42.08,34.76,-76.84,-0.85,15,Trailing Stop Hit (20 EMA)
EIHOTEL.NS,EIH Limited,Consumer Goods & Retail,2018-04-10,2018-04-17,157.78387451171875,175.52,58,9151.46,10180.16,1028.7,36.15,992.55,10.85,7,Target Hit (3x ATR)
ZYDUSWELL.NS,Zydus Wellness Limited,Consumer Goods & Retail,2018-04-16,2018-04-18,233.53782653808594,233.07899222878027,39,9107.98,9090.08,-17.9,34.98,-52.88,-0.58,2,Trailing Stop Hit (20 EMA)
POLYMED.NS,Poly Medicure Limited,Healthcare & Pharmaceuticals,2018-04-13,2018-04-19,261.351806640625,248.10721378616168,35,9147.31,8683.75,-463.56,34.6,-498.16,-5.45,6,Trailing Stop Hit (20 EMA)
CHOLAFIN.NS,Cholamandalam Investment and Finance Company Limited,Banking & Financial Services,2018-03-27,2018-04-23,286.32879638671875,315.03,31,8876.19,9765.93,889.74,35.4,854.34,9.63,27,Target Hit (3x ATR)
MUTHOOTFIN.NS,Muthoot Finance Limited,Banking & Financial Services,2018-03-27,2018-04-24,353.0928039550781,391.71,25,8827.32,9792.75,965.43,35.36,930.07,10.54,28,Target Hit (3x ATR)
ERIS.NS,Eris Lifesciences Limited,Healthcare & Pharmaceuticals,2018-04-20,2018-04-24,761.4539794921875,753.8203180961951,12,9137.45,9045.84,-91.61,34.97,-126.58,-1.39,4,Trailing Stop Hit (20 EMA)
SOBHA.NS,Sobha Limited,"Construction, Materials & Infra",2018-04-06,2018-04-25,506.89617919921875,497.848371080289,18,9124.13,8961.27,-162.86,34.86,-197.72,-2.17,19,Trailing Stop Hit (20 EMA)
WELSPUNLIV.NS,Welspun Living Limited,Diversified & Others,2018-04-20,2018-04-26,54.08856964111328,53.768153034640775,170,9195.06,9140.59,-54.47,35.13,-89.6,-0.97,6,Trailing Stop Hit (20 EMA)
MINDACORP.NS,Minda Corporation Limited,Automobile & Auto Components,2018-04-23,2018-04-30,194.23089599609375,179.86550752679997,47,9128.85,8453.68,-675.17,34.34,-709.51,-7.77,7,Trailing Stop Hit (20 EMA)
AXISBANK.NS,Axis Bank Limited,Banking & Financial Services,2018-04-27,2018-05-02,535.8787231445312,514.2017349103618,17,9109.94,8741.43,-368.51,34.62,-403.13,-4.43,5,Trailing Stop Hit (20 EMA)
INDIANB.NS,Indian Bank,Banking & Financial Services,2018-04-27,2018-05-02,264.3323669433594,262.2794926150343,35,9251.63,9179.78,-71.85,35.23,-107.08,-1.16,5,Trailing Stop Hit (20 EMA)
ABB.NS,ABB India Limited,Information Technology,2018-04-23,2018-05-03,1151.165283203125,1140.3142285945214,8,9209.32,9122.51,-86.81,35.12,-121.93,-1.32,10,Trailing Stop Hit (20 EMA)
GALLANTT.NS,Gallantt Ispat Limited,Information Technology,2018-04-30,2018-05-03,40.370025634765625,39.82913832971335,229,9244.74,9120.87,-123.87,35.16,-159.03,-1.72,3,Trailing Stop Hit (20 EMA)
CGPOWER.NS,CG Power and Industrial Solutions Limited,Information Technology,2018-04-30,2018-05-03,82.83065032958984,80.47507274768587,111,9194.2,8932.73,-261.47,34.91,-296.38,-3.22,3,Trailing Stop Hit (20 EMA)
AXISBANK.NS,Axis Bank Limited,Banking & Financial Services,2018-05-02,2018-05-04,520.5238647460938,516.2619889298646,17,8848.91,8776.45,-72.46,34.35,-106.81,-1.21,2,Trailing Stop Hit (20 EMA)
JWL.NS,Jupiter Wagons Limited,Information Technology,2018-05-07,2018-05-09,16.728649139404297,15.289086903195319,547,9150.57,8363.13,-787.44,34.27,-821.71,-8.98,2,Trailing Stop Hit (20 EMA)
TMPV.NS,Tata Motors Passenger Vehicles Limited,Automobile & Auto Components,2018-05-09,2018-05-11,333.1385803222656,325.3934326686073,27,8994.74,8785.62,-209.12,34.53,-243.65,-2.71,2,Trailing Stop Hit (20 EMA)
MFSL.NS,Max Financial Services Limited,Banking & Financial Services,2018-04-20,2018-05-14,478.6499938964844,498.0617569647765,19,9094.35,9463.17,368.82,35.33,333.49,3.67,24,Trailing Stop Hit (20 EMA)
IPCALAB.NS,IPCA Laboratories Limited,Healthcare & Pharmaceuticals,2018-05-10,2018-05-14,353.0212707519531,347.89739526087476,25,8825.53,8697.43,-128.1,34.24,-162.34,-1.84,4,Trailing Stop Hit (20 EMA)
TATACOMM.NS,Tata Communications Limited,Information Technology,2018-05-11,2018-05-15,353.18896484375,347.21389911124436,25,8829.72,8680.35,-149.37,34.22,-183.59,-2.08,4,Trailing Stop Hit (20 EMA)
INDIANB.NS,Indian Bank,Banking & Financial Services,2018-05-11,2018-05-15,267.6991271972656,260.9235177609419,33,8834.07,8610.48,-223.59,34.16,-257.75,-2.92,4,Trailing Stop Hit (20 EMA)
DMART.NS,Avenue Supermarts Limited,Consumer Goods & Retail,2018-05-15,2018-05-18,1485.449951171875,1466.6346858068887,6,8912.7,8799.81,-112.89,34.44,-147.33,-1.65,3,Trailing Stop Hit (20 EMA)
ARE&M.NS,Amara Raja Energy & Mobility Limited,Automobile & Auto Components,2018-05-17,2018-05-18,790.4210815429688,748.51,11,8694.63,8233.61,-461.02,33.58,-494.6,-5.69,1,Stop Loss Hit (2x ATR)
GICRE.NS,General Insurance Corporation of India,Banking & Financial Services,2018-05-17,2018-05-21,290.828125,284.7660413828968,31,9015.67,8827.75,-187.92,34.6,-222.52,-2.47,4,Trailing Stop Hit (20 EMA)
ENDURANCE.NS,Endurance Technologies Limited,Automobile & Auto Components,2018-05-18,2018-05-22,1218.569091796875,1180.511080069082,7,8529.98,8263.58,-266.4,33.44,-299.84,-3.52,4,Trailing Stop Hit (20 EMA)
SOBHA.NS,Sobha Limited,"Construction, Materials & Infra",2018-05-24,2018-05-28,504.8160095214844,484.8933997787072,17,8581.87,8243.19,-338.68,33.46,-372.14,-4.34,4,Trailing Stop Hit (20 EMA)
ZYDUSWELL.NS,Zydus Wellness Limited,Consumer Goods & Retail,2018-05-25,2018-05-29,250.55274963378906,247.19096051192224,35,8769.35,8651.68,-117.67,34.13,-151.8,-1.73,4,Trailing Stop Hit (20 EMA)
ANANTRAJ.NS,Anant Raj Limited,"Construction, Materials & Infra",2018-05-25,2018-05-29,17.622587203979492,17.320155693559222,504,8881.78,8729.36,-152.42,34.33,-186.75,-2.1,4,Trailing Stop Hit (20 EMA)
USHAMART.NS,Usha Martin Limited,Information Technology,2018-05-22,2018-05-30,24.3310546875,22.59560275546016,366,8905.17,8269.99,-635.18,33.9,-669.08,-7.51,8,Trailing Stop Hit (20 EMA)
MINDACORP.NS,Minda Corporation Limited,Automobile & Auto Components,2018-05-24,2018-05-30,175.35806274414062,175.71578138121836,50,8767.9,8785.79,17.89,34.27,-16.38,-0.19,6,Trailing Stop Hit (20 EMA)
PGEL.NS,PG Electroplast Limited,Consumer Goods & Retail,2018-05-28,2018-05-30,26.349790573120117,24.81873763000339,337,8879.88,8363.91,-515.97,33.95,-549.92,-6.19,2,Trailing Stop Hit (20 EMA)
JINDALSAW.NS,Jindal Saw Limited,Information Technology,2018-05-28,2018-05-30,46.08509826660156,44.813941955566406,193,8894.42,8649.09,-245.33,34.26,-279.59,-3.14,2,Trailing Stop Hit (20 EMA)
CASTROLIND.NS,Castrol India Limited,"Energy, Power & Utilities",2018-05-28,2018-05-30,120.71701049804688,117.44175507072892,73,8812.34,8573.25,-239.09,34.08,-273.17,-3.1,2,Trailing Stop Hit (20 EMA)
GICRE.NS,General Insurance Corporation of India,Banking & Financial Services,2018-05-28,2018-05-31,295.78460693359375,288.12551309568585,30,8873.54,8643.77,-229.77,34.23,-264.0,-2.98,3,Trailing Stop Hit (20 EMA)
DMART.NS,Avenue Supermarts Limited,Consumer Goods & Retail,2018-05-25,2018-06-04,1497.550048828125,1482.6643760451236,5,7487.75,7413.32,-74.43,31.31,-105.74,-1.41,10,Trailing Stop Hit (20 EMA)
SAMMAANCAP.NS,Sammaan Capital Limited,Banking & Financial Services,2018-05-28,2018-06-04,906.5132446289062,900.8221278327413,9,8158.62,8107.4,-51.22,32.82,-84.04,-1.03,7,Trailing Stop Hit (20 EMA)
HINDZINC.NS,Hindustan Zinc Limited,Metals & Mining,2018-05-31,2018-06-04,149.5596923828125,146.7335296659341,58,8674.46,8510.54,-163.92,33.86,-197.78,-2.28,4,Trailing Stop Hit (20 EMA)
ATUL.NS,Atul Limited,Chemicals & Fertilisers,2018-05-31,2018-06-04,2724.65234375,2683.802033881644,3,8173.96,8051.41,-122.55,32.78,-155.33,-1.9,4,Trailing Stop Hit (20 EMA)
CUB.NS,City Union Bank Limited,Banking & Financial Services,2018-05-31,2018-06-05,127.0101318359375,120.79457286526404,68,8636.69,8214.03,-422.66,33.51,-456.17,-5.28,5,Trailing Stop Hit (20 EMA)
ANANTRAJ.NS,Anant Raj Limited,"Construction, Materials & Infra",2018-06-04,2018-06-06,17.662914276123047,16.674918504653146,490,8654.83,8170.71,-484.12,33.48,-517.6,-5.98,2,Trailing Stop Hit (20 EMA)
HINDZINC.NS,Hindustan Zinc Limited,Metals & Mining,2018-06-06,2018-06-08,150.11485290527344,148.6643410571269,57,8556.55,8473.87,-82.68,33.68,-116.36,-1.36,2,Trailing Stop Hit (20 EMA)
MFSL.NS,Max Financial Services Limited,Banking & Financial Services,2018-06-07,2018-06-11,483.5,477.92865521132575,17,8219.5,8124.79,-94.71,32.9,-127.61,-1.55,4,Trailing Stop Hit (20 EMA)
USHAMART.NS,Usha Martin Limited,Information Technology,2018-06-07,2018-06-11,23.042940139770508,28.35,373,8595.02,10574.55,1979.53,35.91,1943.62,22.61,4,Target Hit (3x ATR)
IPCALAB.NS,IPCA Laboratories Limited,Healthcare & Pharmaceuticals,2018-06-08,2018-06-12,334.073486328125,329.5028341340959,26,8685.91,8567.07,-118.84,33.94,-152.78,-1.76,4,Trailing Stop Hit (20 EMA)
IGL.NS,Indraprastha Gas Limited,"Energy, Power & Utilities",2018-06-08,2018-06-13,122.60726165771484,118.03237166411043,70,8582.51,8262.27,-320.24,33.5,-353.74,-4.12,5,Trailing Stop Hit (20 EMA)
ANANTRAJ.NS,Anant Raj Limited,"Construction, Materials & Infra",2018-06-06,2018-06-15,17.804054260253906,17.552363716914293,483,8599.36,8477.79,-121.57,33.75,-155.32,-1.81,9,Trailing Stop Hit (20 EMA)
JWL.NS,Jupiter Wagons Limited,Information Technology,2018-06-07,2018-06-15,14.048091888427734,14.207905787937568,612,8597.43,8695.24,97.81,33.98,63.83,0.74,8,Trailing Stop Hit (20 EMA)
ABB.NS,ABB India Limited,Information Technology,2018-06-07,2018-06-15,1090.7386474609375,1071.61682606069,7,7635.17,7501.32,-133.85,31.59,-165.44,-2.17,8,Trailing Stop Hit (20 EMA)
EIHOTEL.NS,EIH Limited,Consumer Goods & Retail,2018-06-08,2018-06-15,166.2238311767578,166.64200457262143,52,8643.64,8665.38,21.74,34.0,-12.26,-0.14,7,Trailing Stop Hit (20 EMA)
PVRINOX.NS,PVR INOX Limited,Diversified & Others,2018-06-08,2018-06-18,1375.6201171875,1341.6017237480253,6,8253.72,8049.61,-204.11,32.89,-237.0,-2.87,10,Trailing Stop Hit (20 EMA)
DIVISLAB.NS,Divi's Laboratories Limited,Healthcare & Pharmaceuticals,2018-06-14,2018-06-19,1021.3359375,1019.7594807905908,8,8170.69,8158.08,-12.61,32.89,-45.5,-0.56,5,Trailing Stop Hit (20 EMA)
WOCKPHARMA.NS,Wockhardt Limited,Healthcare & Pharmaceuticals,2018-06-08,2018-06-20,635.4196166992188,643.2432888383072,13,8260.46,8362.16,101.7,33.23,68.47,0.83,12,Trailing Stop Hit (20 EMA)
MMTC.NS,MMTC Limited,Services & Logistics,2018-06-12,2018-06-22,37.51527404785156,36.018705747500945,235,8816.09,8464.4,-351.69,33.98,-385.67,-4.37,10,Trailing Stop Hit (20 EMA)
KPRMILL.NS,K.P.R. Mill Limited,Diversified & Others,2018-06-20,2018-06-25,124.27764129638672,138.75,69,8575.16,9573.75,998.59,34.84,963.75,11.24,5,Target Hit (3x ATR)
VOLTAS.NS,Voltas Limited,Consumer Goods & Retail,2018-06-26,2018-06-28,504.1821594238281,505.7715288763462,17,8571.1,8598.12,27.02,33.84,-6.82,-0.08,2,Trailing Stop Hit (20 EMA)
OFSS.NS,Oracle Financial Services Software Limited,Information Technology,2018-06-11,2018-07-03,2686.27099609375,2740.037594299974,3,8058.81,8220.11,161.3,32.82,128.48,1.59,22,Trailing Stop Hit (20 EMA)
MINDACORP.NS,Minda Corporation Limited,Automobile & Auto Components,2018-06-29,2018-07-03,160.92588806152344,153.68565346518486,54,8690.0,8299.03,-390.97,33.67,-424.64,-4.89,4,Trailing Stop Hit (20 EMA)
ZYDUSWELL.NS,Zydus Wellness Limited,Consumer Goods & Retail,2018-06-29,2018-07-03,260.2644958496094,256.08847464595294,33,8588.73,8450.92,-137.81,33.71,-171.52,-2.0,4,Trailing Stop Hit (20 EMA)
ASAHIINDIA.NS,Asahi India Glass Limited,Automobile & Auto Components,2018-07-04,2018-07-06,332.4261779785156,325.9186412304958,26,8643.08,8473.88,-169.2,33.79,-202.99,-2.35,2,Trailing Stop Hit (20 EMA)
SOBHA.NS,Sobha Limited,"Construction, Materials & Infra",2018-07-06,2018-07-11,455.2173767089844,443.79997095060656,18,8193.91,7988.4,-205.51,32.74,-238.25,-2.91,5,Trailing Stop Hit (20 EMA)
CHOLAFIN.NS,Cholamandalam Investment and Finance Company Limited,Banking & Financial Services,2018-07-10,2018-07-12,310.26995849609375,301.8349529522471,27,8377.29,8149.54,-227.75,33.14,-260.89,-3.11,2,Trailing Stop Hit (20 EMA)
GABRIEL.NS,Gabriel India Limited,Automobile & Auto Components,2018-07-10,2018-07-12,134.13877868652344,130.8247861765447,64,8584.88,8372.79,-212.09,33.61,-245.7,-2.86,2,Trailing Stop Hit (20 EMA)
MFSL.NS,Max Financial Services Limited,Banking & Financial Services,2018-07-09,2018-07-13,450.3999938964844,446.67426420622854,19,8557.6,8486.81,-70.79,33.7,-104.49,-1.22,4,Trailing Stop Hit (20 EMA)
IGL.NS,Indraprastha Gas Limited,"Energy, Power & Utilities",2018-07-09,2018-07-13,116.85042572021484,114.15171231455491,74,8646.93,8447.23,-199.7,33.78,-233.48,-2.7,4,Trailing Stop Hit (20 EMA)
ABB.NS,ABB India Limited,Information Technology,2018-07-10,2018-07-13,1064.43994140625,1045.1426952512481,8,8515.52,8361.14,-154.38,33.53,-187.91,-2.21,3,Trailing Stop Hit (20 EMA)
JSWDULUX.NS,JSW Dulux Limited,Consumer Goods & Retail,2018-07-11,2018-07-13,1485.081787109375,1484.03019384523,5,7425.41,7420.15,-5.26,31.25,-36.51,-0.49,2,Trailing Stop Hit (20 EMA)
DIVISLAB.NS,Divi's Laboratories Limited,Healthcare & Pharmaceuticals,2018-07-03,2018-07-16,1022.3246459960938,1018.1897220725625,8,8178.6,8145.52,-33.08,32.89,-65.97,-0.81,13,Trailing Stop Hit (20 EMA)
ITI.NS,ITI Limited,Information Technology,2018-07-10,2018-07-16,92.55000305175781,86.42916213110125,93,8607.15,8037.91,-569.24,33.3,-602.54,-7.0,6,Trailing Stop Hit (20 EMA)
ACE.NS,Action Construction Equipment Limited,Information Technology,2018-07-11,2018-07-16,134.84657287597656,131.8810692332067,64,8630.18,8440.39,-189.79,33.74,-223.53,-2.59,5,Trailing Stop Hit (20 EMA)
GABRIEL.NS,Gabriel India Limited,Automobile & Auto Components,2018-07-13,2018-07-17,139.1884765625,131.60143288797065,61,8490.5,8027.69,-462.81,33.14,-495.95,-5.84,4,Trailing Stop Hit (20 EMA)
PNB.NS,Punjab National Bank,Banking & Financial Services,2018-07-17,2018-07-19,70.95867919921875,68.11852091246793,119,8444.08,8106.1,-337.98,33.17,-371.15,-4.4,2,Trailing Stop Hit (20 EMA)
ATUL.NS,Atul Limited,Chemicals & Fertilisers,2018-07-05,2018-07-20,2613.325927734375,2793.62,3,7839.98,8380.86,540.88,32.74,508.14,6.48,15,Target Hit (3x ATR)
LTF.NS,L&T Finance Limited,Banking & Financial Services,2018-07-18,2018-07-20,128.401611328125,128.61338463746887,65,8346.1,8359.87,13.77,33.33,-19.56,-0.23,2,Trailing Stop Hit (20 EMA)
IGL.NS,Indraprastha Gas Limited,"Energy, Power & Utilities",2018-07-16,2018-07-25,115.8177261352539,127.06,73,8454.69,9275.38,820.69,34.4,786.29,9.3,9,Target Hit (3x ATR)
SAMMAANCAP.NS,Sammaan Capital Limited,Banking & Financial Services,2018-07-18,2018-07-25,894.9132080078125,970.71,9,8054.22,8736.39,682.17,33.36,648.81,8.06,7,Target Hit (3x ATR)
CHOLAFIN.NS,Cholamandalam Investment and Finance Company Limited,Banking & Financial Services,2018-07-23,2018-07-25,300.4053039550781,296.87206376979236,28,8411.35,8312.42,-98.93,33.35,-132.28,-1.57,2,Trailing Stop Hit (20 EMA)
JWL.NS,Jupiter Wagons Limited,Information Technology,2018-07-24,2018-07-26,13.650973320007324,13.209465074123784,630,8600.11,8321.96,-278.15,33.59,-311.74,-3.62,2,Trailing Stop Hit (20 EMA)
KPRMILL.NS,K.P.R. Mill Limited,Diversified & Others,2018-07-24,2018-07-26,121.25074005126953,119.15888401500433,71,8608.8,8460.28,-148.52,33.74,-182.26,-2.12,2,Trailing Stop Hit (20 EMA)
HINDZINC.NS,Hindustan Zinc Limited,Metals & Mining,2018-07-25,2018-07-27,142.241943359375,136.26158227593487,60,8534.52,8175.69,-358.83,33.34,-392.17,-4.6,2,Trailing Stop Hit (20 EMA)
CHOLAFIN.NS,Cholamandalam Investment and Finance Company Limited,Banking & Financial Services,2018-07-26,2018-07-30,301.47894287109375,286.5651094129295,28,8441.41,8023.82,-417.59,33.08,-450.67,-5.34,4,Trailing Stop Hit (20 EMA)
ENDURANCE.NS,Endurance Technologies Limited,Automobile & Auto Components,2018-07-20,2018-07-31,1207.49560546875,1333.21,7,8452.47,9332.47,880.0,34.45,845.55,10.0,11,Target Hit (3x ATR)
MUTHOOTFIN.NS,Muthoot Finance Limited,Banking & Financial Services,2018-07-26,2018-08-01,357.2056884765625,350.67218755774627,23,8215.73,8065.46,-150.27,32.85,-183.12,-2.23,6,Trailing Stop Hit (20 EMA)
ADANIENSOL.NS,Adani Energy Solutions Limited,"Energy, Power & Utilities",2018-07-23,2018-08-02,160.75,162.99079396771208,53,8519.75,8638.51,118.76,33.82,84.94,1.0,10,Trailing Stop Hit (20 EMA)
JSWDULUX.NS,JSW Dulux Limited,Consumer Goods & Retail,2018-07-26,2018-08-02,1489.8035888671875,1477.1260426932108,5,7449.02,7385.63,-63.39,31.25,-94.64,-1.27,7,Trailing Stop Hit (20 EMA)
ASAHIINDIA.NS,Asahi India Glass Limited,Automobile & Auto Components,2018-07-30,2018-08-02,323.70941162109375,322.8902399481351,26,8416.44,8395.15,-21.29,33.45,-54.74,-0.65,3,Trailing Stop Hit (20 EMA)
GALLANTT.NS,Gallantt Ispat Limited,Information Technology,2018-08-02,2018-08-06,43.812049865722656,43.26563108966657,195,8543.35,8436.8,-106.55,33.63,-140.18,-1.64,4,Trailing Stop Hit (20 EMA)
TATACOMM.NS,Tata Communications Limited,Information Technology,2018-08-01,2018-08-07,331.9165344238281,324.1972414150773,26,8629.83,8429.13,-200.7,33.73,-234.43,-2.72,6,Trailing Stop Hit (20 EMA)
WOCKPHARMA.NS,Wockhardt Limited,Healthcare & Pharmaceuticals,2018-08-02,2018-08-07,555.4966430664062,555.3798265499365,15,8332.45,8330.7,-1.75,33.28,-35.03,-0.42,5,Trailing Stop Hit (20 EMA)
ANANTRAJ.NS,Anant Raj Limited,"Construction, Materials & Infra",2018-07-24,2018-08-08,16.37247657775879,16.568728692038533,525,8595.55,8698.58,103.03,33.98,69.05,0.8,15,Trailing Stop Hit (20 EMA)
PGEL.NS,PG Electroplast Limited,Consumer Goods & Retail,2018-08-03,2018-08-08,19.115337371826172,18.35517705125085,451,8621.02,8278.18,-342.84,33.57,-376.41,-4.37,5,Trailing Stop Hit (20 EMA)
CUB.NS,City Union Bank Limited,Banking & Financial Services,2018-08-07,2018-08-08,123.77259826660156,132.77,68,8416.54,9028.36,611.82,34.1,577.72,6.86,1,Target Hit (3x ATR)
J&KBANK.NS,The Jammu & Kashmir Bank Limited,Banking & Financial Services,2018-07-26,2018-08-09,50.532352447509766,57.01,169,8539.97,9634.69,1094.72,34.86,1059.86,12.41,14,Target Hit (3x ATR)
ZYDUSWELL.NS,Zydus Wellness Limited,Consumer Goods & Retail,2018-08-03,2018-08-10,295.06268310546875,282.8102353983808,29,8556.82,8201.5,-355.32,33.39,-388.71,-4.54,7,Trailing Stop Hit (20 EMA)
ITI.NS,ITI Limited,Information Technology,2018-07-27,2018-08-13,90.8499984741211,89.8232731049794,94,8539.9,8443.39,-96.51,33.63,-130.14,-1.52,17,Trailing Stop Hit (20 EMA)
HEG.NS,HEG Limited,Information Technology,2018-08-08,2018-08-13,738.6546630859375,702.5392388299477,11,8125.2,7727.93,-397.27,32.4,-429.67,-5.29,5,Trailing Stop Hit (20 EMA)
GRAVITA.NS,Gravita India Limited,Metals & Mining,2018-08-10,2018-08-14,141.66416931152344,138.66601652173796,60,8499.85,8319.96,-179.89,33.46,-213.35,-2.51,4,Trailing Stop Hit (20 EMA)
FEDERALBNK.NS,The Federal Bank  Limited,Banking & Financial Services,2018-07-17,2018-08-17,82.0697021484375,82.08088685620172,103,8453.18,8454.33,1.15,33.54,-32.39,-0.38,31,Trailing Stop Hit (20 EMA)
DMART.NS,Avenue Supermarts Limited,Consumer Goods & Retail,2018-08-17,2018-08-21,1616.699951171875,1594.8660802985673,5,8083.5,7974.33,-109.17,32.59,-141.76,-1.75,4,Trailing Stop Hit (20 EMA)
JINDALSAW.NS,Jindal Saw Limited,Information Technology,2018-08-20,2018-08-23,36.82068634033203,35.44071565093578,231,8505.58,8186.81,-318.77,33.33,-352.1,-4.14,3,Trailing Stop Hit (20 EMA)
ADANIENSOL.NS,Adani Energy Solutions Limited,"Energy, Power & Utilities",2018-08-21,2018-08-24,169.89999389648438,166.81571028822546,49,8325.1,8173.97,-151.13,33.1,-184.23,-2.21,3,Trailing Stop Hit (20 EMA)
GLAXO.NS,GlaxoSmithKline Pharmaceuticals Limited,Healthcare & Pharmaceuticals,2018-07-24,2018-08-27,1290.19189453125,1401.85,6,7741.15,8411.1,669.95,32.65,637.3,8.23,34,Target Hit (3x ATR)
ITI.NS,ITI Limited,Information Technology,2018-08-23,2018-08-27,93.80000305175781,89.34586790173375,90,8442.0,8041.13,-400.87,33.1,-433.97,-5.14,4,Trailing Stop Hit (20 EMA)
ZYDUSWELL.NS,Zydus Wellness Limited,Consumer Goods & Retail,2018-08-24,2018-08-27,288.5486755371094,318.13,29,8367.91,9225.77,857.86,34.25,823.61,9.84,3,Target Hit (3x ATR)
UNIONBANK.NS,Union Bank of India,Banking & Financial Services,2018-08-27,2018-08-29,75.3318099975586,72.45518595369322,112,8437.16,8114.98,-322.18,33.17,-355.35,-4.21,2,Trailing Stop Hit (20 EMA)
ERIS.NS,Eris Lifesciences Limited,Healthcare & Pharmaceuticals,2018-08-27,2018-08-30,710.8811645507812,678.455170087686,11,7819.69,7463.01,-356.68,31.75,-388.43,-4.97,3,Trailing Stop Hit (20 EMA)
ITI.NS,ITI Limited,Information Technology,2018-08-28,2018-08-30,91.75,105.67,93,8532.75,9827.31,1294.56,35.05,1259.51,14.76,2,Target Hit (3x ATR)
ASAHIINDIA.NS,Asahi India Glass Limited,Automobile & Auto Components,2018-08-31,2018-09-03,332.5834655761719,356.2,25,8314.59,8905.0,590.41,33.84,556.57,6.69,3,Target Hit (3x ATR)
NATCOPHARM.NS,Natco Pharma Limited,Healthcare & Pharmaceuticals,2018-08-31,2018-09-04,732.2064208984375,726.4841263090348,11,8054.27,7991.33,-62.94,32.58,-95.52,-1.19,4,Trailing Stop Hit (20 EMA)
JINDALSAW.NS,Jindal Saw Limited,Information Technology,2018-08-27,2018-09-05,37.876399993896484,37.392504275715304,224,8484.31,8375.92,-108.39,33.5,-141.89,-1.67,9,Trailing Stop Hit (20 EMA)
USHAMART.NS,Usha Martin Limited,Information Technology,2018-08-27,2018-09-06,26.954992294311523,31.56,315,8490.82,9941.4,1450.58,35.13,1415.45,16.67,10,Target Hit (3x ATR)
MOTHERSON.NS,Samvardhana Motherson International Limited,Automobile & Auto Components,2018-09-07,2018-09-11,50.38070297241211,49.51651004004863,173,8715.86,8566.36,-149.5,33.98,-183.48,-2.11,4,Trailing Stop Hit (20 EMA)
GICRE.NS,General Insurance Corporation of India,Banking & Financial Services,2018-09-14,2018-09-18,282.7188720703125,301.77,30,8481.57,9053.1,571.53,34.19,537.34,6.34,4,Target Hit (3x ATR)
WOCKPHARMA.NS,Wockhardt Limited,Healthcare & Pharmaceuticals,2018-09-14,2018-09-18,622.2373657226562,595.2580635681616,13,8089.09,7738.35,-350.74,32.36,-383.1,-4.74,4,Trailing Stop Hit (20 EMA)
VOLTAS.NS,Voltas Limited,Consumer Goods & Retail,2018-09-14,2018-09-18,592.1473388671875,574.5260119311698,14,8290.06,8043.36,-246.7,32.92,-279.62,-3.37,4,Trailing Stop Hit (20 EMA)
GALLANTT.NS,Gallantt Ispat Limited,Information Technology,2018-09-14,2018-09-18,53.400543212890625,62.85,162,8650.89,10181.7,1530.81,35.57,1495.24,17.28,4,Target Hit (3x ATR)
JWL.NS,Jupiter Wagons Limited,Information Technology,2018-09-17,2018-09-18,14.643771171569824,17.12,593,8683.76,10152.16,1468.4,35.57,1432.83,16.5,1,Target Hit (3x ATR)
MUTHOOTFIN.NS,Muthoot Finance Limited,Banking & Financial Services,2018-09-05,2018-09-21,382.23284912109375,418.87,22,8409.12,9215.14,806.02,34.28,771.74,9.18,16,Target Hit (3x ATR)
USHAMART.NS,Usha Martin Limited,Information Technology,2018-09-14,2018-09-21,31.773494720458984,29.51152891532578,273,8674.16,8056.65,-617.51,33.39,-650.9,-7.5,7,Trailing Stop Hit (20 EMA)
MMTC.NS,MMTC Limited,Services & Logistics,2018-09-18,2018-09-21,32.338050842285156,31.347380607569043,273,8828.29,8557.83,-270.46,34.09,-304.55,-3.45,3,Trailing Stop Hit (20 EMA)
PGEL.NS,PG Electroplast Limited,Consumer Goods & Retail,2018-09-19,2018-09-21,16.75714683532715,14.93,529,8864.53,7897.97,-966.56,33.44,-1000.0,-11.28,2,Stop Loss Hit (2x ATR)
JSL.NS,Jindal Stainless Limited,Metals & Mining,2018-09-21,2018-09-24,66.78154754638672,59.68,131,8748.38,7818.08,-930.3,33.23,-963.53,-11.01,3,Stop Loss Hit (2x ATR)
MINDACORP.NS,Minda Corporation Limited,Automobile & Auto Components,2018-09-21,2018-09-25,146.44927978515625,139.38564337838173,59,8640.51,8223.75,-416.76,33.52,-450.28,-5.21,4,Trailing Stop Hit (20 EMA)
JKCEMENT.NS,JK Cement Limited,"Construction, Materials & Infra",2018-09-21,2018-09-25,771.09912109375,747.9474231420619,11,8482.09,8227.42,-254.67,33.33,-288.0,-3.4,4,Trailing Stop Hit (20 EMA)
ASAHIINDIA.NS,Asahi India Glass Limited,Automobile & Auto Components,2018-09-21,2018-09-25,334.3388366699219,319.85748309505266,26,8692.81,8316.29,-376.52,33.69,-410.21,-4.72,4,Trailing Stop Hit (20 EMA)
NATCOPHARM.NS,Natco Pharma Limited,Healthcare & Pharmaceuticals,2018-09-21,2018-09-25,741.9259033203125,711.8280591047998,11,8161.18,7830.11,-331.07,32.53,-363.6,-4.46,4,Trailing Stop Hit (20 EMA)
POLYMED.NS,Poly Medicure Limited,Healthcare & Pharmaceuticals,2018-10-09,2018-10-11,210.78736877441406,238.8,40,8431.49,9552.0,1120.51,34.64,1085.87,12.88,2,Target Hit (3x ATR)
HEG.NS,HEG Limited,Information Technology,2018-10-10,2018-10-16,664.6121826171875,784.22,12,7975.35,9410.64,1435.29,33.97,1401.32,17.57,6,Target Hit (3x ATR)
MMTC.NS,MMTC Limited,Services & Logistics,2018-10-11,2018-10-17,29.630908966064453,28.668598284764755,293,8681.86,8399.9,-281.96,33.76,-315.72,-3.64,6,Trailing Stop Hit (20 EMA)
PGEL.NS,PG Electroplast Limited,Consumer Goods & Retail,2018-10-15,2018-10-17,13.179889678955078,13.068615215809167,666,8777.81,8703.7,-74.11,34.19,-108.3,-1.23,2,Trailing Stop Hit (20 EMA)
PVRINOX.NS,PVR INOX Limited,Diversified & Others,2018-10-10,2018-10-19,1269.231201171875,1253.7464604403426,6,7615.39,7522.48,-92.91,31.58,-124.49,-1.63,9,Trailing Stop Hit (20 EMA)
HINDZINC.NS,Hindustan Zinc Limited,Metals & Mining,2018-10-19,2018-10-23,144.56344604492188,142.3176357233279,60,8673.81,8539.06,-134.75,33.89,-168.64,-1.94,4,Trailing Stop Hit (20 EMA)
COFORGE.NS,Coforge Limited,Information Technology,2018-10-17,2018-10-25,218.38983154296875,218.2021192076696,40,8735.59,8728.08,-7.51,34.17,-41.68,-0.48,8,Trailing Stop Hit (20 EMA)
ATUL.NS,Atul Limited,Chemicals & Fertilisers,2018-10-23,2018-10-25,3096.600830078125,3077.975890972868,2,6193.2,6155.95,-37.25,28.47,-65.72,-1.06,2,Trailing Stop Hit (20 EMA)
KPRMILL.NS,K.P.R. Mill Limited,Diversified & Others,2018-10-29,2018-10-31,118.70069122314453,117.96719030465844,73,8665.15,8611.6,-53.55,33.97,-87.52,-1.01,2,Trailing Stop Hit (20 EMA)
MOTHERSON.NS,Samvardhana Motherson International Limited,Automobile & Auto Components,2018-10-30,2018-11-01,40.309547424316406,40.75826447345653,220,8868.1,8966.82,98.72,34.57,64.15,0.72,2,Trailing Stop Hit (20 EMA)
USHAMART.NS,Usha Martin Limited,Information Technology,2018-10-30,2018-11-02,30.43766975402832,36.56,291,8857.36,10638.96,1781.6,36.29,1745.31,19.7,3,Target Hit (3x ATR)
ENDURANCE.NS,Endurance Technologies Limited,Automobile & Auto Components,2018-10-30,2018-11-05,1156.9547119140625,1156.681091146853,7,8098.68,8096.77,-1.91,32.74,-34.65,-0.43,6,Trailing Stop Hit (20 EMA)
CREDITACC.NS,CREDITACCESS GRAMEEN LIMITED,Banking & Financial Services,2018-10-29,2018-11-06,273.72943115234375,328.21,31,8485.61,10174.51,1688.9,35.36,1653.54,19.49,8,Target Hit (3x ATR)
TRENT.NS,Trent Limited,Consumer Goods & Retail,2018-11-02,2018-11-06,324.7660827636719,322.1374287903634,28,9093.45,9019.85,-73.6,34.88,-108.48,-1.19,4,Trailing Stop Hit (20 EMA)
UNIONBANK.NS,Union Bank of India,Banking & Financial Services,2018-10-29,2018-11-09,58.4702262878418,68.6,149,8712.06,10221.4,1509.34,35.68,1473.66,16.92,11,Target Hit (3x ATR)
JWL.NS,Jupiter Wagons Limited,Information Technology,2018-10-31,2018-11-09,14.197011947631836,13.68298319659672,635,9015.1,8688.69,-326.41,34.46,-360.87,-4.0,9,Trailing Stop Hit (20 EMA)
CANBK.NS,Canara Bank,Banking & Financial Services,2018-10-29,2018-11-12,40.320945739746094,40.26237405070887,216,8709.32,8696.67,-12.65,34.11,-46.76,-0.54,14,Trailing Stop Hit (20 EMA)
NATCOPHARM.NS,Natco Pharma Limited,Healthcare & Pharmaceuticals,2018-10-29,2018-11-13,686.519775390625,695.9933629044419,12,8238.24,8351.92,113.68,33.18,80.5,0.98,15,Trailing Stop Hit (20 EMA)
ABB.NS,ABB India Limited,Information Technology,2018-11-01,2018-11-13,1141.690673828125,1124.8581210803163,7,7991.83,7874.01,-117.82,32.38,-150.2,-1.88,12,Trailing Stop Hit (20 EMA)
VOLTAS.NS,Voltas Limited,Consumer Goods & Retail,2018-11-09,2018-11-13,516.9837646484375,506.2744626093129,17,8788.72,8606.67,-182.05,34.11,-216.16,-2.46,4,Trailing Stop Hit (20 EMA)
IPCALAB.NS,IPCA Laboratories Limited,Healthcare & Pharmaceuticals,2018-10-30,2018-11-14,320.4722900390625,365.86,27,8652.75,9878.22,1225.47,35.25,1190.22,13.76,15,Target Hit (3x ATR)
LTFOODS.NS,LT Foods Limited,Consumer Goods & Retail,2018-11-05,2018-11-15,39.83953857421875,38.73799343851173,229,9123.25,8871.0,-252.25,34.76,-287.01,-3.15,10,Trailing Stop Hit (20 EMA)
AUBANK.NS,AU Small Finance Bank Limited,Banking & Financial Services,2018-11-14,2018-11-20,286.3404541015625,281.82717968100457,31,8876.55,8736.64,-139.91,34.34,-174.25,-1.96,6,Trailing Stop Hit (20 EMA)
ECLERX.NS,eClerx Services Limited,Services & Logistics,2018-11-15,2018-11-21,388.5325927734375,361.33021800215414,23,8936.25,8310.6,-625.65,33.98,-659.63,-7.38,6,Trailing Stop Hit (20 EMA)
SOBHA.NS,Sobha Limited,"Construction, Materials & Infra",2018-11-16,2018-11-26,433.36090087890625,425.405380213229,21,9100.58,8933.51,-167.07,34.81,-201.88,-2.22,10,Trailing Stop Hit (20 EMA)
JINDALSAW.NS,Jindal Saw Limited,Information Technology,2018-11-22,2018-11-27,36.518611907958984,36.10113973096382,248,9056.62,8953.08,-103.54,34.78,-138.32,-1.53,5,Trailing Stop Hit (20 EMA)
DIVISLAB.NS,Divi's Laboratories Limited,Healthcare & Pharmaceuticals,2018-10-29,2018-11-28,1366.4639892578125,1412.9763292510088,6,8198.78,8477.86,279.08,33.26,245.82,3.0,30,Trailing Stop Hit (20 EMA)
JWL.NS,Jupiter Wagons Limited,Information Technology,2018-11-29,2018-12-03,16.232250213623047,20.848759425255878,556,9025.13,11591.91,2566.78,37.46,2529.32,28.03,4,Target Hit (3x ATR)
POLYMED.NS,Poly Medicure Limited,Healthcare & Pharmaceuticals,2018-11-29,2018-12-03,209.18276977539062,235.48,43,8994.86,10125.64,1130.78,35.92,1094.86,12.17,4,Target Hit (3x ATR)
PGEL.NS,PG Electroplast Limited,Consumer Goods & Retail,2018-11-30,2018-12-04,10.541913986206055,10.297645710403737,865,9118.76,8907.46,-211.3,34.8,-246.1,-2.7,4,Trailing Stop Hit (20 EMA)
JSWDULUX.NS,JSW Dulux Limited,Consumer Goods & Retail,2018-12-03,2018-12-05,1273.6666259765625,1269.2247976826425,7,8915.67,8884.57,-31.1,34.53,-65.63,-0.74,2,Trailing Stop Hit (20 EMA)
ANANTRAJ.NS,Anant Raj Limited,"Construction, Materials & Infra",2018-12-03,2018-12-05,15.053722381591797,14.371430712474721,619,9318.25,8895.92,-422.33,35.03,-457.36,-4.91,2,Trailing Stop Hit (20 EMA)
GLAXO.NS,GlaxoSmithKline Pharmaceuticals Limited,Healthcare & Pharmaceuticals,2018-12-03,2018-12-05,1130.465576171875,1119.6238762094576,8,9043.72,8956.99,-86.73,34.77,-121.5,-1.34,2,Trailing Stop Hit (20 EMA)
SOBHA.NS,Sobha Limited,"Construction, Materials & Infra",2018-12-03,2018-12-05,432.84503173828125,426.37485309575464,21,9089.75,8953.87,-135.88,34.81,-170.69,-1.88,2,Trailing Stop Hit (20 EMA)
SAMMAANCAP.NS,Sammaan Capital Limited,Banking & Financial Services,2018-12-03,2018-12-06,596.6075439453125,582.0988863622704,15,8949.11,8731.48,-217.63,34.42,-252.05,-2.82,3,Trailing Stop Hit (20 EMA)
LTF.NS,L&T Finance Limited,Banking & Financial Services,2018-11-28,2018-12-07,118.4200668334961,117.42749599735609,76,8999.93,8924.49,-75.44,34.68,-110.12,-1.22,9,Trailing Stop Hit (20 EMA)
OFSS.NS,Oracle Financial Services Software Limited,Information Technology,2018-12-04,2018-12-10,2504.39697265625,2474.7993952165857,3,7513.19,7424.4,-88.79,31.35,-120.14,-1.6,6,Trailing Stop Hit (20 EMA)
KPRMILL.NS,K.P.R. Mill Limited,Diversified & Others,2018-12-07,2018-12-11,113.48902130126953,110.01456091802321,81,9192.61,8911.18,-281.43,34.88,-316.31,-3.44,4,Trailing Stop Hit (20 EMA)
ENDURANCE.NS,Endurance Technologies Limited,Automobile & Auto Components,2018-12-07,2018-12-11,1113.8004150390625,1073.011733505774,8,8910.4,8584.09,-326.31,34.21,-360.52,-4.05,4,Trailing Stop Hit (20 EMA)
COFORGE.NS,Coforge Limited,Information Technology,2018-12-11,2018-12-13,203.02159118652344,203.35488180532883,45,9135.97,9150.97,15.0,35.07,-20.07,-0.22,2,Trailing Stop Hit (20 EMA)
ZYDUSWELL.NS,Zydus Wellness Limited,Consumer Goods & Retail,2018-11-27,2018-12-17,238.1557159423828,269.53413215181354,37,8811.76,9972.76,1161.0,35.54,1125.46,12.77,20,Target Hit (3x ATR)
ACE.NS,Action Construction Equipment Limited,Information Technology,2018-12-12,2018-12-18,93.45198059082031,90.09987223616783,98,9158.29,8829.79,-328.5,34.76,-363.26,-3.97,6,Trailing Stop Hit (20 EMA)
BANKINDIA.NS,Bank of India,Banking & Financial Services,2018-12-12,2018-12-19,72.86400604248047,83.43,126,9180.86,10512.18,1331.32,36.53,1294.79,14.1,7,Target Hit (3x ATR)
TMPV.NS,Tata Motors Passenger Vehicles Limited,Automobile & Auto Components,2018-12-17,2018-12-20,169.46763610839844,167.59538844603705,54,9151.25,9050.15,-101.1,34.98,-136.08,-1.49,3,Trailing Stop Hit (20 EMA)
WOCKPHARMA.NS,Wockhardt Limited,Healthcare & Pharmaceuticals,2018-12-17,2018-12-20,484.8842468261719,474.65557820635917,19,9212.8,9018.46,-194.34,35.02,-229.36,-2.49,3,Trailing Stop Hit (20 EMA)
ENDURANCE.NS,Endurance Technologies Limited,Automobile & Auto Components,2018-12-11,2018-12-21,1103.6636962890625,1120.1430003704445,8,8829.31,8961.14,131.83,34.51,97.32,1.1,10,Trailing Stop Hit (20 EMA)
CHOLAFIN.NS,Cholamandalam Investment and Finance Company Limited,Banking & Financial Services,2018-12-19,2018-12-21,250.17831420898438,244.70510795962267,37,9256.6,9054.09,-202.51,35.11,-237.62,-2.57,2,Trailing Stop Hit (20 EMA)
PGEL.NS,PG Electroplast Limited,Consumer Goods & Retail,2018-12-14,2018-12-26,11.381270408630371,10.493046623238053,813,9252.97,8530.85,-722.12,34.56,-756.68,-8.18,12,Trailing Stop Hit (20 EMA)
MMTC.NS,MMTC Limited,Services & Logistics,2018-12-17,2018-12-26,28.892597198486328,28.307410256090712,319,9216.74,9030.06,-186.68,35.04,-221.72,-2.41,9,Trailing Stop Hit (20 EMA)
PNB.NS,Punjab National Bank,Banking & Financial Services,2018-12-12,2018-12-31,63.83575439453125,71.55,144,9192.35,10303.2,1110.85,36.33,1074.52,11.69,19,Target Hit (3x ATR)
HINDZINC.NS,Hindustan Zinc Limited,Metals & Mining,2018-12-27,2019-01-02,149.25634765625,148.2220876583266,62,9253.89,9189.77,-64.12,35.24,-99.36,-1.07,6,Trailing Stop Hit (20 EMA)
JSL.NS,Jindal Stainless Limited,Metals & Mining,2018-12-31,2019-01-03,33.48870086669922,32.99909306946604,279,9343.35,9206.75,-136.6,35.37,-171.97,-1.84,3,Trailing Stop Hit (20 EMA)
ITI.NS,ITI Limited,Information Technology,2018-12-31,2019-01-03,93.80000305175781,92.41284972353517,99,9286.2,9148.87,-137.33,35.25,-172.58,-1.86,3,Trailing Stop Hit (20 EMA)
LTFOODS.NS,LT Foods Limited,Consumer Goods & Retail,2019-01-02,2019-01-04,40.43622589111328,38.69209498240056,230,9300.33,8899.18,-401.15,35.01,-436.16,-4.69,2,Trailing Stop Hit (20 EMA)
JKCEMENT.NS,JK Cement Limited,"Construction, Materials & Infra",2019-01-02,2019-01-04,697.0904541015625,693.0561640906101,13,9062.18,9009.73,-52.45,34.84,-87.29,-0.96,2,Trailing Stop Hit (20 EMA)
WELSPUNLIV.NS,Welspun Living Limited,Diversified & Others,2019-01-02,2019-01-04,57.81466293334961,57.16318511322407,161,9308.16,9203.27,-104.89,35.33,-140.22,-1.51,2,Trailing Stop Hit (20 EMA)
ASAHIINDIA.NS,Asahi India Glass Limited,Automobile & Auto Components,2018-12-31,2019-01-07,249.15724182128906,250.4619980763384,37,9218.82,9267.09,48.27,35.29,12.98,0.14,7,Trailing Stop Hit (20 EMA)
TATACOMM.NS,Tata Communications Limited,Information Technology,2019-01-03,2019-01-07,301.3844299316406,295.7972331308707,30,9041.53,8873.92,-167.61,34.67,-202.28,-2.24,4,Trailing Stop Hit (20 EMA)
MOTILALOFS.NS,Motilal Oswal Financial Services Limited,Banking & Financial Services,2018-12-19,2019-01-08,613.06689453125,674.51,15,9196.0,10117.65,921.65,36.15,885.5,9.63,20,Target Hit (3x ATR)
ANANTRAJ.NS,Anant Raj Limited,"Construction, Materials & Infra",2019-01-07,2019-01-09,14.625362396240234,14.414898242918543,635,9287.11,9153.46,-133.65,35.25,-168.9,-1.82,2,Trailing Stop Hit (20 EMA)
GRAVITA.NS,Gravita India Limited,Metals & Mining,2019-01-07,2019-01-09,70.70793914794922,68.30708349590905,131,9262.74,8948.23,-314.51,35.02,-349.53,-3.77,2,Trailing Stop Hit (20 EMA)
CASTROLIND.NS,Castrol India Limited,"Energy, Power & Utilities",2019-01-07,2019-01-10,102.07401275634766,101.89302268245312,91,9288.74,9272.27,-16.47,35.38,-51.85,-0.56,3,Trailing Stop Hit (20 EMA)
MUTHOOTFIN.NS,Muthoot Finance Limited,Banking & Financial Services,2018-12-07,2019-01-11,412.42291259765625,472.3,22,9073.3,10390.6,1317.3,36.28,1281.02,14.12,35,Target Hit (3x ATR)
PGEL.NS,PG Electroplast Limited,Consumer Goods & Retail,2019-01-03,2019-01-11,11.646066665649414,11.010624259942059,798,9293.56,8786.48,-507.08,34.88,-541.96,-5.83,8,Trailing Stop Hit (20 EMA)
SOBHA.NS,Sobha Limited,"Construction, Materials & Infra",2019-01-09,2019-01-11,451.4156188964844,431.2507316692159,20,9028.31,8625.01,-403.3,34.41,-437.71,-4.85,2,Trailing Stop Hit (20 EMA)
COFORGE.NS,Coforge Limited,Information Technology,2019-01-09,2019-01-11,213.0196075439453,208.25693991216264,43,9159.84,8955.05,-204.79,34.9,-239.69,-2.62,2,Trailing Stop Hit (20 EMA)
ENDURANCE.NS,Endurance Technologies Limited,Automobile & Auto Components,2019-01-10,2019-01-14,1164.82275390625,1154.4925877039934,7,8153.76,8081.45,-72.31,32.78,-105.09,-1.29,4,Trailing Stop Hit (20 EMA)
J&KBANK.NS,The Jammu & Kashmir Bank Limited,Banking & Financial Services,2019-01-14,2019-01-15,35.630558013916016,38.85,258,9192.68,10023.3,830.62,36.04,794.58,8.64,1,Target Hit (3x ATR)
ITI.NS,ITI Limited,Information Technology,2019-01-15,2019-01-16,94.5,104.24,98,9261.0,10215.52,954.52,36.33,918.19,9.91,1,Target Hit (3x ATR)
DIVISLAB.NS,Divi's Laboratories Limited,Healthcare & Pharmaceuticals,2019-01-10,2019-01-18,1442.6552734375,1416.8557880666303,6,8655.93,8501.13,-154.8,33.84,-188.64,-2.18,8,Trailing Stop Hit (20 EMA)
GRAPHITE.NS,Graphite India Limited,Information Technology,2019-01-16,2019-01-18,611.50146484375,595.180805889101,15,9172.52,8927.71,-244.81,34.89,-279.7,-3.05,2,Trailing Stop Hit (20 EMA)
ECLERX.NS,eClerx Services Limited,Services & Logistics,2019-01-16,2019-01-18,365.0393981933594,357.2660093316624,25,9125.98,8931.65,-194.33,34.84,-229.17,-2.51,2,Trailing Stop Hit (20 EMA)
TATACOMM.NS,Tata Communications Limited,Information Technology,2019-01-16,2019-01-18,298.68548583984375,294.69481859049023,31,9259.25,9135.54,-123.71,35.2,-158.91,-1.72,2,Trailing Stop Hit (20 EMA)
PVRINOX.NS,PVR INOX Limited,Diversified & Others,2019-01-04,2019-01-22,1539.2803955078125,1567.2907539149157,6,9235.68,9403.74,168.06,35.45,132.61,1.44,18,Trailing Stop Hit (20 EMA)
ERIS.NS,Eris Lifesciences Limited,Healthcare & Pharmaceuticals,2019-01-16,2019-01-23,675.0985107421875,648.6232826849933,13,8776.28,8432.1,-344.18,33.91,-378.09,-4.31,7,Trailing Stop Hit (20 EMA)
KPIL.NS,Kalpataru Projects International Limited,"Construction, Materials & Infra",2019-01-21,2019-01-23,344.97723388671875,340.17074368902934,26,8969.41,8844.44,-124.97,34.56,-159.53,-1.78,2,Trailing Stop Hit (20 EMA)
MOTHERSON.NS,Samvardhana Motherson International Limited,Automobile & Auto Components,2019-01-21,2019-01-23,40.60868835449219,40.25568617377838,227,9218.17,9138.04,-80.13,35.15,-115.28,-1.25,2,Trailing Stop Hit (20 EMA)
ABB.NS,ABB India Limited,Information Technology,2019-01-22,2019-01-24,1134.41162109375,1125.053455359647,8,9075.29,9000.43,-74.86,34.85,-109.71,-1.21,2,Trailing Stop Hit (20 EMA)
ADANIPOWER.NS,Adani Power Limited,"Energy, Power & Utilities",2019-01-22,2019-01-25,10.260000228881836,10.17390099225408,898,9213.48,9136.16,-77.32,35.14,-112.46,-1.22,3,Trailing Stop Hit (20 EMA)
KPRMILL.NS,K.P.R. Mill Limited,Diversified & Others,2019-01-28,2019-01-30,104.19486236572266,102.55414483676583,88,9169.15,9024.76,-144.39,34.98,-179.37,-1.96,2,Trailing Stop Hit (20 EMA)
CUB.NS,City Union Bank Limited,Banking & Financial Services,2019-01-29,2019-01-31,137.05142211914062,135.27817655159996,66,9045.39,8928.36,-117.03,34.75,-151.78,-1.68,2,Trailing Stop Hit (20 EMA)
JINDALSAW.NS,Jindal Saw Limited,Information Technology,2019-01-29,2019-02-04,35.951416015625,35.500764680981796,255,9167.61,9052.69,-114.92,35.01,-149.93,-1.64,6,Trailing Stop Hit (20 EMA)
ECLERX.NS,eClerx Services Limited,Services & Logistics,2019-01-31,2019-02-04,355.99334716796875,343.965115942237,25,8899.83,8599.13,-300.7,34.22,-334.92,-3.76,4,Trailing Stop Hit (20 EMA)
NATCOPHARM.NS,Natco Pharma Limited,Healthcare & Pharmaceuticals,2019-01-31,2019-02-04,650.2240600585938,643.5739678918371,14,9103.14,9010.04,-93.1,34.89,-127.99,-1.41,4,Trailing Stop Hit (20 EMA)
TMPV.NS,Tata Motors Passenger Vehicles Limited,Automobile & Auto Components,2019-01-31,2019-02-05,176.5308074951172,173.55345880520494,52,9179.6,9024.78,-154.82,34.99,-189.81,-2.07,5,Trailing Stop Hit (20 EMA)
KPRMILL.NS,K.P.R. Mill Limited,Diversified & Others,2019-02-01,2019-02-05,102.54450988769531,100.51774036192298,89,9126.46,8946.08,-180.38,34.86,-215.24,-2.36,4,Trailing Stop Hit (20 EMA)
ASAHIINDIA.NS,Asahi India Glass Limited,Automobile & Auto Components,2019-02-01,2019-02-05,250.32745361328125,249.41752456811713,36,9011.79,8979.03,-32.76,34.75,-67.51,-0.75,4,Trailing Stop Hit (20 EMA)
EIHOTEL.NS,EIH Limited,Consumer Goods & Retail,2019-01-31,2019-02-07,193.59483337402344,180.32198955683867,47,9098.96,8475.13,-623.83,34.33,-658.16,-7.23,7,Trailing Stop Hit (20 EMA)
TRENT.NS,Trent Limited,Consumer Goods & Retail,2019-02-05,2019-02-07,356.8558349609375,351.1391046398649,25,8921.4,8778.48,-142.92,34.43,-177.35,-1.99,2,Trailing Stop Hit (20 EMA)
DMART.NS,Avenue Supermarts Limited,Consumer Goods & Retail,2019-02-01,2019-02-11,1442.949951171875,1450.8821395040156,6,8657.7,8705.29,47.59,34.06,13.53,0.16,10,Trailing Stop Hit (20 EMA)
CHOLAFIN.NS,Cholamandalam Investment and Finance Company Limited,Banking & Financial Services,2019-01-31,2019-02-12,228.84210205078125,234.42932629800572,40,9153.68,9377.17,223.49,35.32,188.17,2.06,12,Trailing Stop Hit (20 EMA)
JSL.NS,Jindal Stainless Limited,Metals & Mining,2019-02-12,2019-02-14,31.677175521850586,27.89,284,8996.32,7920.76,-1075.56,33.64,-1109.2,-12.33,2,Stop Loss Hit (2x ATR)
MMTC.NS,MMTC Limited,Services & Logistics,2019-02-14,2019-02-18,27.268312454223633,25.988570940429398,327,8916.74,8498.26,-418.48,34.14,-452.62,-5.08,4,Trailing Stop Hit (20 EMA)
JKCEMENT.NS,JK Cement Limited,"Construction, Materials & Infra",2019-02-15,2019-02-19,690.6673583984375,676.2234921098443,12,8288.01,8114.68,-173.33,32.99,-206.32,-2.49,4,Trailing Stop Hit (20 EMA)
MOTILALOFS.NS,Motilal Oswal Financial Services Limited,Banking & Financial Services,2019-02-21,2019-02-25,595.3241577148438,563.7123156673197,14,8334.54,7891.97,-442.57,32.81,-475.38,-5.7,4,Trailing Stop Hit (20 EMA)
GABRIEL.NS,Gabriel India Limited,Automobile & Auto Components,2019-02-22,2019-02-26,139.36618041992188,131.389142135496,64,8919.44,8408.91,-510.53,34.05,-544.58,-6.11,4,Trailing Stop Hit (20 EMA)
ANANTRAJ.NS,Anant Raj Limited,"Construction, Materials & Infra",2019-02-22,2019-02-26,13.136308670043945,12.90752493994876,679,8919.55,8764.21,-155.34,34.41,-189.75,-2.13,4,Trailing Stop Hit (20 EMA)
MOTHERSON.NS,Samvardhana Motherson International Limited,Automobile & Auto Components,2019-02-22,2019-02-26,35.772544860839844,40.27,249,8907.36,10027.23,1119.87,35.72,1084.15,12.17,4,Target Hit (3x ATR)
BLS.NS,BLS International Services Limited,Consumer Goods & Retail,2019-02-25,2019-02-27,25.14438819885254,24.557705573610097,356,8951.4,8742.54,-208.86,34.43,-243.29,-2.72,2,Trailing Stop Hit (20 EMA)
USHAMART.NS,Usha Martin Limited,Information Technology,2019-02-20,2019-02-28,31.391834259033203,30.604562633591648,283,8883.89,8661.09,-222.8,34.26,-257.06,-2.89,8,Trailing Stop Hit (20 EMA)
JWL.NS,Jupiter Wagons Limited,Information Technology,2019-02-27,2019-03-01,19.607763290405273,19.11136345445141,455,8921.53,8695.67,-225.86,34.35,-260.21,-2.92,2,Trailing Stop Hit (20 EMA)
GRAVITA.NS,Gravita India Limited,Metals & Mining,2019-02-22,2019-03-06,59.31559371948242,67.31848695543077,150,8897.34,10097.77,1200.43,35.77,1164.66,13.09,12,Target Hit (3x ATR)
CANBK.NS,Canara Bank,Banking & Financial Services,2019-02-27,2019-03-06,39.13603210449219,43.41,228,8923.02,9897.48,974.46,35.59,938.87,10.52,7,Target Hit (3x ATR)
WOCKPHARMA.NS,Wockhardt Limited,Healthcare & Pharmaceuticals,2019-03-01,2019-03-08,387.76910400390625,383.8306986967745,23,8918.69,8828.11,-90.58,34.48,-125.06,-1.4,7,Trailing Stop Hit (20 EMA)
CGPOWER.NS,CG Power and Industrial Solutions Limited,Information Technology,2019-03-01,2019-03-11,36.155059814453125,34.04131535393268,249,9002.61,8476.29,-526.32,34.22,-560.54,-6.23,10,Trailing Stop Hit (20 EMA)
KPIL.NS,Kalpataru Projects International Limited,"Construction, Materials & Infra",2019-02-25,2019-03-12,339.0372009277344,384.5172037624749,26,8814.97,9997.45,1182.48,35.57,1146.91,13.01,15,Target Hit (3x ATR)
ABB.NS,ABB India Limited,Information Technology,2019-03-07,2019-03-12,1101.09375,1085.268501034751,8,8808.75,8682.15,-126.6,34.2,-160.8,-1.83,5,Trailing Stop Hit (20 EMA)
TRENT.NS,Trent Limited,Consumer Goods & Retail,2019-03-11,2019-03-13,337.3143310546875,368.79,27,9107.49,9957.33,849.84,35.89,813.95,8.94,2,Target Hit (3x ATR)
DMART.NS,Avenue Supermarts Limited,Consumer Goods & Retail,2019-03-11,2019-03-14,1482.199951171875,1469.9424206830722,6,8893.2,8819.65,-73.55,34.43,-107.98,-1.21,3,Trailing Stop Hit (20 EMA)
MINDACORP.NS,Minda Corporation Limited,Automobile & Auto Components,2019-02-27,2019-03-15,133.45590209960938,137.10454279941942,66,8808.09,9048.9,240.81,34.58,206.23,2.34,16,Trailing Stop Hit (20 EMA)
BANKBARODA.NS,Bank of Baroda,Banking & Financial Services,2019-03-01,2019-03-15,92.82986450195312,101.74,96,8911.67,9767.04,855.37,35.44,819.93,9.2,14,Target Hit (3x ATR)
MMTC.NS,MMTC Limited,Services & Logistics,2019-03-01,2019-03-15,26.23467445373535,26.935705378821076,343,8998.49,9238.95,240.46,35.0,205.46,2.28,14,Trailing Stop Hit (20 EMA)
UNIONBANK.NS,Union Bank of India,Banking & Financial Services,2019-03-01,2019-03-19,64.71991729736328,72.86,139,8996.07,10127.54,1131.47,35.93,1095.54,12.18,18,Target Hit (3x ATR)
ERIS.NS,Eris Lifesciences Limited,Healthcare & Pharmaceuticals,2019-03-08,2019-03-19,606.0142211914062,608.7157847596627,15,9090.21,9130.74,40.53,34.99,5.54,0.06,11,Trailing Stop Hit (20 EMA)
CUB.NS,City Union Bank Limited,Banking & Financial Services,2019-02-28,2019-03-22,130.74404907226562,140.08,68,8890.6,9525.44,634.84,35.16,599.68,6.75,22,Target Hit (3x ATR)
ADANIENSOL.NS,Adani Energy Solutions Limited,"Energy, Power & Utilities",2019-03-15,2019-03-25,235.1999969482422,216.14863565234077,39,9172.8,8429.8,-743.0,34.37,-777.37,-8.47,10,Trailing Stop Hit (20 EMA)
SOBHA.NS,Sobha Limited,"Construction, Materials & Infra",2019-03-19,2019-04-01,429.4217529296875,484.33627581604594,21,9017.86,10171.06,1153.2,35.99,1117.21,12.39,13,Target Hit (3x ATR)
IGL.NS,Indraprastha Gas Limited,"Energy, Power & Utilities",2019-03-19,2019-04-02,133.1527557373047,132.34783518226104,69,9187.54,9132.0,-55.54,35.11,-90.65,-0.99,14,Trailing Stop Hit (20 EMA)
TMPV.NS,Tata Motors Passenger Vehicles Limited,Automobile & Auto Components,2019-04-01,2019-04-03,182.5223388671875,202.5,51,9308.64,10327.5,1018.86,36.51,982.35,10.55,2,Target Hit (3x ATR)
ADANIPOWER.NS,Adani Power Limited,"Energy, Power & Utilities",2019-04-02,2019-04-04,10.010000228881836,9.658119104250671,945,9459.45,9126.92,-332.53,35.43,-367.96,-3.89,2,Trailing Stop Hit (20 EMA)
TRENT.NS,Trent Limited,Consumer Goods & Retail,2019-04-02,2019-04-04,360.972412109375,353.63202760179547,26,9385.28,9194.43,-190.85,35.41,-226.26,-2.41,2,Trailing Stop Hit (20 EMA)
ITI.NS,ITI Limited,Information Technology,2019-04-01,2019-04-08,100.05000305175781,97.33264421230112,93,9304.65,9051.94,-252.71,35.17,-287.88,-3.09,7,Trailing Stop Hit (20 EMA)
JSL.NS,Jindal Stainless Limited,Metals & Mining,2019-04-01,2019-04-09,41.07750701904297,39.105850450512506,228,9365.67,8916.13,-449.54,35.1,-484.64,-5.17,8,Trailing Stop Hit (20 EMA)
GICRE.NS,General Insurance Corporation of India,Banking & Financial Services,2019-04-01,2019-04-10,207.4170379638672,210.2171944111642,45,9333.77,9459.77,126.0,35.62,90.38,0.97,9,Trailing Stop Hit (20 EMA)
GALLANTT.NS,Gallantt Ispat Limited,Information Technology,2019-04-08,2019-04-10,49.786624908447266,48.198106051531745,189,9409.67,9109.44,-300.23,35.35,-335.58,-3.57,2,Trailing Stop Hit (20 EMA)
GRAPHITE.NS,Graphite India Limited,Information Technology,2019-04-10,2019-04-12,375.17498779296875,367.0757260406531,24,9004.2,8809.82,-194.38,34.56,-228.94,-2.54,2,Trailing Stop Hit (20 EMA)
LICHSGFIN.NS,LIC Housing Finance Limited,Banking & Financial Services,2019-04-11,2019-04-15,457.05926513671875,453.777641071683,20,9141.19,9075.55,-65.64,35.0,-100.64,-1.1,4,Trailing Stop Hit (20 EMA)
OFSS.NS,Oracle Financial Services Software Limited,Information Technology,2019-04-02,2019-04-16,2400.463134765625,2552.58,3,7201.39,7657.74,456.35,31.23,425.12,5.9,14,Target Hit (3x ATR)
CASTROLIND.NS,Castrol India Limited,"Energy, Power & Utilities",2019-03-22,2019-04-18,108.85408782958984,111.96289942290716,85,9252.6,9516.85,264.25,35.58,228.67,2.47,27,Trailing Stop Hit (20 EMA)
ACE.NS,Action Construction Equipment Limited,Information Technology,2019-04-12,2019-04-18,107.41162872314453,102.45769308601676,86,9237.4,8811.36,-426.04,34.84,-460.88,-4.99,6,Trailing Stop Hit (20 EMA)
ASAHIINDIA.NS,Asahi India Glass Limited,Automobile & Auto Components,2019-04-15,2019-04-18,251.79022216796875,249.8110620315179,36,9064.45,8993.2,-71.25,34.82,-106.07,-1.17,3,Trailing Stop Hit (20 EMA)
GICRE.NS,General Insurance Corporation of India,Banking & Financial Services,2019-04-15,2019-04-18,210.57565307617188,209.81057523899776,44,9265.33,9231.67,-33.66,35.31,-68.97,-0.74,3,Trailing Stop Hit (20 EMA)
HEG.NS,HEG Limited,Information Technology,2019-04-15,2019-04-18,363.15576171875,358.32359998311097,25,9078.89,8958.09,-120.8,34.81,-155.61,-1.71,3,Trailing Stop Hit (20 EMA)
HINDZINC.NS,Hindustan Zinc Limited,Metals & Mining,2019-03-28,2019-04-22,149.6089324951172,151.95910531429118,62,9275.75,9421.46,145.71,35.52,110.19,1.19,25,Trailing Stop Hit (20 EMA)
JINDALSAW.NS,Jindal Saw Limited,Information Technology,2019-04-16,2019-04-22,38.569244384765625,37.129433814347294,241,9295.19,8948.19,-347.0,35.06,-382.06,-4.11,6,Trailing Stop Hit (20 EMA)
PVRINOX.NS,PVR INOX Limited,Diversified & Others,2019-03-27,2019-04-23,1571.3731689453125,1631.4382090196723,5,7856.87,8157.19,300.32,32.52,267.8,3.41,27,Trailing Stop Hit (20 EMA)
MFSL.NS,Max Financial Services Limited,Banking & Financial Services,2019-04-18,2019-04-23,442.8500061035156,431.0,20,8857.0,8620.0,-237.0,34.2,-271.2,-3.06,5,Trailing Stop Hit (20 EMA)
CUB.NS,City Union Bank Limited,Banking & Financial Services,2019-04-23,2019-04-25,145.71067810058594,142.25561058389067,63,9179.77,8962.1,-217.67,34.93,-252.6,-2.75,2,Trailing Stop Hit (20 EMA)
GRAVITA.NS,Gravita India Limited,Metals & Mining,2019-04-16,2019-04-26,82.33567810058594,80.89125533706071,113,9303.93,9140.71,-163.22,35.26,-198.48,-2.13,10,Trailing Stop Hit (20 EMA)
CGPOWER.NS,CG Power and Industrial Solutions Limited,Information Technology,2019-04-26,2019-05-02,38.77284622192383,37.0441202067441,236,9150.39,8742.41,-407.98,34.66,-442.64,-4.84,6,Trailing Stop Hit (20 EMA)
TRENT.NS,Trent Limited,Consumer Goods & Retail,2019-04-30,2019-05-03,352.8384094238281,383.82,25,8820.96,9595.5,774.54,35.15,739.39,8.38,3,Target Hit (3x ATR)
ZYDUSWELL.NS,Zydus Wellness Limited,Consumer Goods & Retail,2019-04-30,2019-05-03,255.5295867919922,253.91815782344372,35,8943.54,8887.14,-56.4,34.57,-90.97,-1.02,3,Trailing Stop Hit (20 EMA)
AXISBANK.NS,Axis Bank Limited,Banking & Financial Services,2019-04-30,2019-05-03,762.1264038085938,749.5046325470017,11,8383.39,8244.55,-138.84,33.23,-172.07,-2.05,3,Trailing Stop Hit (20 EMA)
LAURUSLABS.NS,Laurus Labs Limited,Healthcare & Pharmaceuticals,2019-05-02,2019-05-06,78.4354248046875,75.95196689438032,116,9098.51,8810.43,-288.08,34.67,-322.75,-3.55,4,Trailing Stop Hit (20 EMA)
ZYDUSWELL.NS,Zydus Wellness Limited,Consumer Goods & Retail,2019-05-03,2019-05-07,254.787353515625,254.41414852005,35,8917.56,8904.5,-13.06,34.55,-47.61,-0.53,4,Trailing Stop Hit (20 EMA)
FEDERALBNK.NS,The Federal Bank  Limited,Banking & Financial Services,2019-05-03,2019-05-10,91.80801391601562,90.53921312371058,99,9088.99,8963.38,-125.61,34.82,-160.43,-1.77,7,Trailing Stop Hit (20 EMA)
CGPOWER.NS,CG Power and Industrial Solutions Limited,Information Technology,2019-05-08,2019-05-10,38.723453521728516,36.550200289527844,236,9138.74,8625.85,-512.89,34.54,-547.43,-5.99,2,Trailing Stop Hit (20 EMA)
ZYDUSWELL.NS,Zydus Wellness Limited,Consumer Goods & Retail,2019-05-09,2019-05-13,255.19749450683594,254.1818400730287,35,8931.91,8896.36,-35.55,34.57,-70.12,-0.79,4,Trailing Stop Hit (20 EMA)
JSL.NS,Jindal Stainless Limited,Metals & Mining,2019-05-10,2019-05-14,37.307586669921875,33.88037642036012,243,9065.74,8232.93,-832.81,34.03,-866.84,-9.56,4,Trailing Stop Hit (20 EMA)
ERIS.NS,Eris Lifesciences Limited,Healthcare & Pharmaceuticals,2019-05-10,2019-05-14,600.7184448242188,593.5258367033479,15,9010.78,8902.89,-107.89,34.66,-142.55,-1.58,4,Trailing Stop Hit (20 EMA)
ZYDUSWELL.NS,Zydus Wellness Limited,Consumer Goods & Retail,2019-05-14,2019-05-16,254.48458862304688,254.39889046314624,35,8906.96,8903.96,-3.0,34.54,-37.54,-0.42,2,Trailing Stop Hit (20 EMA)
ENDURANCE.NS,Endurance Technologies Limited,Automobile & Auto Components,2019-05-15,2019-05-17,1129.2470703125,1116.9546219638041,7,7904.73,7818.68,-86.05,32.22,-118.27,-1.5,2,Trailing Stop Hit (20 EMA)
GABRIEL.NS,Gabriel India Limited,Automobile & Auto Components,2019-05-16,2019-05-17,135.23855590820312,127.58,66,8925.74,8420.28,-505.46,34.08,-539.54,-6.04,1,Stop Loss Hit (2x ATR)
JSL.NS,Jindal Stainless Limited,Metals & Mining,2019-05-20,2019-05-22,37.258628845214844,35.67175843588561,240,8942.07,8561.22,-380.85,34.23,-415.08,-4.64,2,Trailing Stop Hit (20 EMA)
MMTC.NS,MMTC Limited,Services & Logistics,2019-05-20,2019-05-22,25.201040267944336,24.90571392262208,355,8946.37,8841.53,-104.84,34.53,-139.37,-1.56,2,Trailing Stop Hit (20 EMA)
JSWDULUX.NS,JSW Dulux Limited,Consumer Goods & Retail,2019-05-20,2019-05-22,1371.458984375,1345.092430549136,6,8228.75,8070.55,-158.2,32.86,-191.06,-2.32,2,Trailing Stop Hit (20 EMA)
BANKINDIA.NS,Bank of India,Banking & Financial Services,2019-05-20,2019-05-22,76.52423095703125,74.40756999201437,116,8876.81,8631.28,-245.53,34.23,-279.76,-3.15,2,Trailing Stop Hit (20 EMA)
ACE.NS,Action Construction Equipment Limited,Information Technology,2019-05-20,2019-05-22,94.08211517333984,93.19808130956065,95,8937.8,8853.82,-83.98,34.53,-118.51,-1.33,2,Trailing Stop Hit (20 EMA)
ANANTRAJ.NS,Anant Raj Limited,"Construction, Materials & Infra",2019-05-23,2019-05-24,12.361184120178223,13.81,722,8924.77,9970.82,1046.05,35.68,1010.37,11.32,1,Target Hit (3x ATR)
ITI.NS,ITI Limited,Information Technology,2019-05-20,2019-05-27,92.19999694824219,103.35,97,8943.4,10024.95,1081.55,35.75,1045.8,11.69,7,Target Hit (3x ATR)
SOBHA.NS,Sobha Limited,"Construction, Materials & Infra",2019-05-20,2019-05-27,452.6817932128906,501.94,19,8600.95,9536.86,935.91,34.84,901.07,10.48,7,Target Hit (3x ATR)
ACE.NS,Action Construction Equipment Limited,Information Technology,2019-05-23,2019-05-27,96.79649353027344,110.42,92,8905.28,10158.64,1253.36,35.85,1217.51,13.67,4,Target Hit (3x ATR)
MOTILALOFS.NS,Motilal Oswal Financial Services Limited,Banking & Financial Services,2019-05-20,2019-05-28,698.496337890625,773.87,12,8381.96,9286.44,904.48,34.33,870.15,10.38,8,Target Hit (3x ATR)
MMTC.NS,MMTC Limited,Services & Logistics,2019-05-23,2019-05-28,24.90571403503418,27.47,358,8916.25,9834.26,918.01,35.51,882.5,9.9,5,Target Hit (3x ATR)
ADANIENSOL.NS,Adani Energy Solutions Limited,"Energy, Power & Utilities",2019-05-20,2019-05-29,224.0,249.39,39,8736.0,9726.21,990.21,35.2,955.01,10.93,9,Target Hit (3x ATR)
GRAPHITE.NS,Graphite India Limited,Information Technology,2019-05-24,2019-05-29,316.55010986328125,372.2,29,9179.95,10793.8,1613.85,36.82,1577.03,17.18,5,Target Hit (3x ATR)
ARE&M.NS,Amara Raja Energy & Mobility Limited,Automobile & Auto Components,2019-05-27,2019-05-29,586.0067138671875,583.4465095448934,16,9376.11,9335.14,-40.97,35.56,-76.53,-0.82,2,Trailing Stop Hit (20 EMA)
USHAMART.NS,Usha Martin Limited,Information Technology,2019-05-28,2019-05-30,31.057876586914062,30.199134292420688,307,9534.77,9271.13,-263.64,35.66,-299.3,-3.14,2,Trailing Stop Hit (20 EMA)
POLYMED.NS,Poly Medicure Limited,Healthcare & Pharmaceuticals,2019-05-28,2019-05-30,190.4136962890625,190.36507084019124,50,9520.68,9518.25,-2.43,35.9,-38.33,-0.4,2,Trailing Stop Hit (20 EMA)
CANBK.NS,Canara Bank,Banking & Financial Services,2019-05-23,2019-05-31,43.8587646484375,44.99588790253115,203,8903.33,9134.17,230.84,34.77,196.07,2.2,8,Trailing Stop Hit (20 EMA)
HEG.NS,HEG Limited,Information Technology,2019-05-24,2019-05-31,312.4736633300781,301.9425960255668,29,9061.74,8756.34,-305.4,34.58,-339.98,-3.75,7,Trailing Stop Hit (20 EMA)
GRAVITA.NS,Gravita India Limited,Metals & Mining,2019-05-30,2019-06-03,68.0246353149414,64.82345749131302,139,9455.42,9010.46,-444.96,35.31,-480.27,-5.08,4,Trailing Stop Hit (20 EMA)
IPCALAB.NS,IPCA Laboratories Limited,Healthcare & Pharmaceuticals,2019-05-31,2019-06-04,455.8081970214844,451.7997900634408,20,9116.16,9036.0,-80.16,34.94,-115.1,-1.26,4,Trailing Stop Hit (20 EMA)
POLYMED.NS,Poly Medicure Limited,Healthcare & Pharmaceuticals,2019-05-31,2019-06-04,190.94857788085938,189.6843194022193,49,9356.48,9294.53,-61.95,35.48,-97.43,-1.04,4,Trailing Stop Hit (20 EMA)
ASAHIINDIA.NS,Asahi India Glass Limited,Automobile & Auto Components,2019-05-27,2019-06-06,234.77340698242188,225.9792548446029,40,9390.94,9039.17,-351.77,35.26,-387.03,-4.12,10,Trailing Stop Hit (20 EMA)
MUTHOOTFIN.NS,Muthoot Finance Limited,Banking & Financial Services,2019-05-20,2019-06-07,551.69140625,554.3429469639904,16,8827.06,8869.49,42.43,34.41,8.02,0.09,18,Trailing Stop Hit (20 EMA)
ACE.NS,Action Construction Equipment Limited,Information Technology,2019-06-12,2019-06-14,100.77111053466797,99.32057417143268,93,9371.71,9236.81,-134.9,35.44,-170.34,-1.82,2,Trailing Stop Hit (20 EMA)
JSL.NS,Jindal Stainless Limited,Metals & Mining,2019-06-12,2019-06-14,37.503421783447266,36.418910310819655,250,9375.86,9104.73,-271.13,35.31,-306.44,-3.27,2,Trailing Stop Hit (20 EMA)
IPCALAB.NS,IPCA Laboratories Limited,Healthcare & Pharmaceuticals,2019-06-13,2019-06-17,453.9861755371094,452.6421822810525,20,9079.72,9052.84,-26.88,34.9,-61.78,-0.68,4,Trailing Stop Hit (20 EMA)
DMART.NS,Avenue Supermarts Limited,Consumer Goods & Retail,2019-06-18,2019-06-21,1342.0,1315.5130648636448,6,8052.0,7893.08,-158.92,32.47,-191.39,-2.38,3,Trailing Stop Hit (20 EMA)
AUBANK.NS,AU Small Finance Bank Limited,Banking & Financial Services,2019-06-25,2019-06-27,346.9100646972656,342.83026412909805,26,9019.66,8913.59,-106.07,34.68,-140.75,-1.56,2,Trailing Stop Hit (20 EMA)
MUTHOOTFIN.NS,Muthoot Finance Limited,Banking & Financial Services,2019-06-25,2019-07-01,570.793701171875,562.0269484535312,16,9132.7,8992.43,-140.27,34.9,-175.17,-1.92,6,Trailing Stop Hit (20 EMA)
ARE&M.NS,Amara Raja Energy & Mobility Limited,Automobile & Auto Components,2019-06-27,2019-07-01,567.1710205078125,565.2135451327761,16,9074.74,9043.42,-31.32,34.88,-66.2,-0.73,4,Trailing Stop Hit (20 EMA)
ITI.NS,ITI Limited,Information Technology,2019-06-26,2019-07-02,92.69999694824219,90.35472414049538,100,9270.0,9035.47,-234.53,35.12,-269.65,-2.91,6,Trailing Stop Hit (20 EMA)
POLYMED.NS,Poly Medicure Limited,Healthcare & Pharmaceuticals,2019-06-27,2019-07-02,182.0016326904297,178.91500543637585,51,9282.08,9124.67,-157.41,35.21,-192.62,-2.08,5,Trailing Stop Hit (20 EMA)
USHAMART.NS,Usha Martin Limited,Information Technology,2019-06-28,2019-07-02,29.05414390563965,28.159041809515053,321,9326.38,9039.05,-287.33,35.19,-322.52,-3.46,4,Trailing Stop Hit (20 EMA)
HINDZINC.NS,Hindustan Zinc Limited,Metals & Mining,2019-06-26,2019-07-03,130.67727661132812,130.6834091119214,71,9278.09,9278.52,0.43,35.38,-34.95,-0.38,7,Trailing Stop Hit (20 EMA)
OFSS.NS,Oracle Financial Services Software Limited,Information Technology,2019-07-02,2019-07-04,2289.42919921875,2256.5302078524414,4,9157.72,9026.12,-131.6,34.97,-166.57,-1.82,2,Trailing Stop Hit (20 EMA)
KPIL.NS,Kalpataru Projects International Limited,"Construction, Materials & Infra",2019-06-20,2019-07-05,463.91448974609375,469.4244658395393,20,9278.29,9388.49,110.2,35.49,74.71,0.81,15,Trailing Stop Hit (20 EMA)
MOTHERSON.NS,Samvardhana Motherson International Limited,Automobile & Auto Components,2019-06-27,2019-07-05,30.275787353515625,30.779106553981357,308,9324.94,9479.96,155.02,35.63,119.39,1.28,8,Trailing Stop Hit (20 EMA)
ANANTRAJ.NS,Anant Raj Limited,"Construction, Materials & Infra",2019-07-01,2019-07-05,13.115911483764648,12.503898668031589,713,9351.64,8915.28,-436.36,35.08,-471.44,-5.04,4,Trailing Stop Hit (20 EMA)
LAURUSLABS.NS,Laurus Labs Limited,Healthcare & Pharmaceuticals,2019-07-01,2019-07-05,67.31897735595703,67.01614025491843,139,9357.34,9315.24,-42.1,35.51,-77.61,-0.83,4,Trailing Stop Hit (20 EMA)
ADANIENSOL.NS,Adani Energy Solutions Limited,"Energy, Power & Utilities",2019-07-02,2019-07-05,236.1999969482422,226.08937885570944,39,9211.8,8817.49,-394.31,34.81,-429.12,-4.66,3,Trailing Stop Hit (20 EMA)
MMTC.NS,MMTC Limited,Services & Logistics,2019-07-03,2019-07-05,24.315065383911133,24.170860500975085,381,9264.04,9209.1,-54.94,35.28,-90.22,-0.97,2,Trailing Stop Hit (20 EMA)
AXISBANK.NS,Axis Bank Limited,Banking & Financial Services,2019-06-27,2019-07-08,795.5194702148438,791.3834373921967,11,8750.71,8705.22,-45.49,34.16,-79.65,-0.91,11,Trailing Stop Hit (20 EMA)
FEDERALBNK.NS,The Federal Bank  Limited,Banking & Financial Services,2019-06-27,2019-07-08,102.05592346191406,100.1285623411193,91,9287.09,9111.7,-175.39,35.21,-210.6,-2.27,11,Trailing Stop Hit (20 EMA)
DMART.NS,Avenue Supermarts Limited,Consumer Goods & Retail,2019-07-08,2019-07-10,1393.0,1370.0,6,8358.0,8220.0,-138.0,33.18,-171.18,-2.05,2,Trailing Stop Hit (20 EMA)
LICHSGFIN.NS,LIC Housing Finance Limited,Banking & Financial Services,2019-07-09,2019-07-10,490.56756591796875,464.31,18,8830.22,8357.58,-472.64,33.89,-506.53,-5.74,1,Stop Loss Hit (2x ATR)
NATCOPHARM.NS,Natco Pharma Limited,Healthcare & Pharmaceuticals,2019-07-09,2019-07-11,505.8467102050781,504.5980622992855,18,9105.24,9082.77,-22.47,34.97,-57.44,-0.63,2,Trailing Stop Hit (20 EMA)
MFSL.NS,Max Financial Services Limited,Banking & Financial Services,2019-07-12,2019-07-16,418.5,413.95001220703125,21,8788.5,8692.95,-95.55,34.19,-129.74,-1.48,4,Trailing Stop Hit (20 EMA)
TATACOMM.NS,Tata Communications Limited,Information Technology,2019-07-11,2019-07-17,284.0942077636719,273.03514321197906,31,8806.92,8464.09,-342.83,33.97,-376.8,-4.28,6,Trailing Stop Hit (20 EMA)
ZYDUSWELL.NS,Zydus Wellness Limited,Consumer Goods & Retail,2019-07-10,2019-07-19,264.92449951171875,265.27235193048205,34,9007.43,9019.26,11.83,34.79,-22.96,-0.25,9,Trailing Stop Hit (20 EMA)
CREDITACC.NS,CREDITACCESS GRAMEEN LIMITED,Banking & Financial Services,2019-07-15,2019-07-19,515.01611328125,514.1369646074315,17,8755.27,8740.33,-14.94,34.2,-49.14,-0.56,4,Trailing Stop Hit (20 EMA)
DMART.NS,Avenue Supermarts Limited,Consumer Goods & Retail,2019-07-15,2019-07-19,1425.25,1395.8035487481616,6,8551.5,8374.82,-176.68,33.57,-210.25,-2.46,4,Trailing Stop Hit (20 EMA)
PVRINOX.NS,PVR INOX Limited,Diversified & Others,2019-07-10,2019-07-22,1663.8358154296875,1670.8361145512945,5,8319.18,8354.18,35.0,33.29,1.71,0.02,12,Trailing Stop Hit (20 EMA)
COFORGE.NS,Coforge Limited,Information Technology,2019-07-12,2019-07-24,246.96348571777344,243.72861340382707,36,8890.69,8774.23,-116.46,34.38,-150.84,-1.7,12,Trailing Stop Hit (20 EMA)
JWL.NS,Jupiter Wagons Limited,Information Technology,2019-07-23,2019-07-25,16.8775691986084,16.331530407849467,534,9012.62,8721.04,-291.58,34.48,-326.06,-3.62,2,Trailing Stop Hit (20 EMA)
IGL.NS,Indraprastha Gas Limited,"Energy, Power & Utilities",2019-07-25,2019-07-29,139.39537048339844,135.21148544285776,64,8921.3,8653.54,-267.76,34.3,-302.06,-3.39,4,Trailing Stop Hit (20 EMA)
GRAPHITE.NS,Graphite India Limited,Information Technology,2019-07-26,2019-07-30,284.52484130859375,272.0121381999217,31,8820.27,8432.38,-387.89,33.95,-421.84,-4.78,4,Trailing Stop Hit (20 EMA)
USHAMART.NS,Usha Martin Limited,Information Technology,2019-07-26,2019-07-31,27.956857681274414,27.51878475058888,320,8946.19,8806.01,-140.18,34.5,-174.68,-1.95,5,Trailing Stop Hit (20 EMA)
ZYDUSWELL.NS,Zydus Wellness Limited,Consumer Goods & Retail,2019-07-29,2019-07-31,277.068115234375,296.33,32,8866.18,9482.56,616.38,35.09,581.29,6.56,2,Target Hit (3x ATR)
JSWDULUX.NS,JSW Dulux Limited,Consumer Goods & Retail,2019-07-31,2019-08-02,1420.0242919921875,1392.1942426906749,6,8520.15,8353.17,-166.98,33.52,-200.5,-2.35,2,Trailing Stop Hit (20 EMA)
MFSL.NS,Max Financial Services Limited,Banking & Financial Services,2019-08-02,2019-08-06,414.29998779296875,403.3500061035156,21,8700.3,8470.35,-229.95,33.86,-263.81,-3.03,4,Trailing Stop Hit (20 EMA)
VOLTAS.NS,Voltas Limited,Consumer Goods & Retail,2019-08-01,2019-08-07,587.1113891601562,574.9526999927702,15,8806.67,8624.29,-182.38,34.14,-216.52,-2.46,6,Trailing Stop Hit (20 EMA)
JSWDULUX.NS,JSW Dulux Limited,Consumer Goods & Retail,2019-08-06,2019-08-08,1392.478515625,1392.2273260273328,6,8354.87,8353.36,-1.51,33.32,-34.83,-0.42,2,Trailing Stop Hit (20 EMA)
J&KBANK.NS,The Jammu & Kashmir Bank Limited,Banking & Financial Services,2019-08-07,2019-08-08,42.794883728027344,49.81,208,8901.34,10360.48,1459.14,36.05,1423.09,15.99,1,Target Hit (3x ATR)
JSL.NS,Jindal Stainless Limited,Metals & Mining,2019-08-07,2019-08-09,30.159412384033203,28.592689528818656,295,8897.03,8434.84,-462.19,34.04,-496.23,-5.58,2,Trailing Stop Hit (20 EMA)
MOTHERSON.NS,Samvardhana Motherson International Limited,Automobile & Auto Components,2019-08-09,2019-08-13,27.44813346862793,24.85,327,8975.54,8125.95,-849.59,33.83,-883.42,-9.84,4,Stop Loss Hit (2x ATR)
LAURUSLABS.NS,Laurus Labs Limited,Healthcare & Pharmaceuticals,2019-08-09,2019-08-14,66.57324981689453,65.23012283870733,134,8920.82,8740.84,-179.98,34.39,-214.37,-2.4,5,Trailing Stop Hit (20 EMA)
KPIL.NS,Kalpataru Projects International Limited,"Construction, Materials & Infra",2019-08-13,2019-08-16,445.2597351074219,439.4881385072439,20,8905.19,8789.76,-115.43,34.43,-149.86,-1.68,3,Trailing Stop Hit (20 EMA)
SAMMAANCAP.NS,Sammaan Capital Limited,Banking & Financial Services,2019-08-13,2019-08-16,450.25689697265625,409.71724231167315,19,8554.88,7784.63,-770.25,32.95,-803.2,-9.39,3,Trailing Stop Hit (20 EMA)
MMTC.NS,MMTC Limited,Services & Logistics,2019-08-16,2019-08-20,20.47584342956543,19.726241433914986,433,8866.04,8541.46,-324.58,34.12,-358.7,-4.05,4,Trailing Stop Hit (20 EMA)
JINDALSAW.NS,Jindal Saw Limited,Information Technology,2019-08-16,2019-08-20,30.80303382873535,30.776633646393186,288,8871.27,8863.67,-7.6,34.45,-42.05,-0.47,4,Trailing Stop Hit (20 EMA)
LTFOODS.NS,LT Foods Limited,Consumer Goods & Retail,2019-08-09,2019-08-21,20.241060256958008,19.228051673818715,443,8966.79,8518.03,-448.76,34.23,-482.99,-5.39,12,Trailing Stop Hit (20 EMA)
CUB.NS,City Union Bank Limited,Banking & Financial Services,2019-08-16,2019-08-22,139.22511291503906,140.28245228368684,63,8771.18,8837.79,66.61,34.32,32.29,0.37,6,Trailing Stop Hit (20 EMA)
DMART.NS,Avenue Supermarts Limited,Consumer Goods & Retail,2019-08-09,2019-08-23,1450.800048828125,1464.3244136557132,6,8704.8,8785.95,81.15,34.19,46.96,0.54,14,Trailing Stop Hit (20 EMA)
GABRIEL.NS,Gabriel India Limited,Automobile & Auto Components,2019-08-21,2019-08-23,89.10638427734375,88.12202179686112,99,8821.53,8724.08,-97.45,34.25,-131.7,-1.49,2,Trailing Stop Hit (20 EMA)
MMTC.NS,MMTC Limited,Services & Logistics,2019-08-27,2019-08-29,19.245323181152344,18.900779889115906,460,8852.85,8694.36,-158.49,34.26,-192.75,-2.18,2,Trailing Stop Hit (20 EMA)
J&KBANK.NS,The Jammu & Kashmir Bank Limited,Banking & Financial Services,2019-08-28,2019-08-30,37.397762298583984,35.34398746318771,235,8788.47,8305.84,-482.63,33.8,-516.43,-5.88,2,Trailing Stop Hit (20 EMA)
ANANTRAJ.NS,Anant Raj Limited,"Construction, Materials & Infra",2019-08-28,2019-08-30,11.218896865844727,12.88,784,8795.62,10097.92,1302.3,35.66,1266.64,14.4,2,Target Hit (3x ATR)
TRENT.NS,Trent Limited,Consumer Goods & Retail,2019-08-02,2019-09-03,440.4330139160156,456.2578037570506,20,8808.66,9125.16,316.5,34.66,281.84,3.2,32,Trailing Stop Hit (20 EMA)
MMTC.NS,MMTC Limited,Services & Logistics,2019-08-29,2019-09-03,20.377403259277344,19.203161521496643,435,8864.17,8353.38,-510.79,33.92,-544.71,-6.15,5,Trailing Stop Hit (20 EMA)
ITI.NS,ITI Limited,Information Technology,2019-08-29,2019-09-03,71.75,68.3499984741211,123,8825.25,8407.05,-418.2,33.94,-452.14,-5.12,5,Trailing Stop Hit (20 EMA)
POLYMED.NS,Poly Medicure Limited,Healthcare & Pharmaceuticals,2019-08-21,2019-09-04,170.47764587402344,197.26,51,8694.36,10060.26,1365.9,35.49,1330.41,15.3,14,Target Hit (3x ATR)
MINDACORP.NS,Minda Corporation Limited,Automobile & Auto Components,2019-08-27,2019-09-04,90.79655456542969,84.93800510828,97,8807.27,8238.99,-568.28,33.73,-602.01,-6.84,8,Trailing Stop Hit (20 EMA)
GLAXO.NS,GlaxoSmithKline Pharmaceuticals Limited,Healthcare & Pharmaceuticals,2019-08-30,2019-09-06,1012.1076049804688,1066.09,8,8096.86,8528.72,431.86,33.19,398.67,4.92,7,Target Hit (3x ATR)
TRENT.NS,Trent Limited,Consumer Goods & Retail,2019-09-04,2019-09-06,464.4349365234375,456.6157612405793,18,8359.83,8219.08,-140.75,33.18,-173.93,-2.08,2,Trailing Stop Hit (20 EMA)
TMPV.NS,Tata Motors Passenger Vehicles Limited,Automobile & Auto Components,2019-09-05,2019-09-09,115.00807189941406,115.93359147265275,76,8740.61,8810.95,70.34,34.25,36.09,0.41,4,Trailing Stop Hit (20 EMA)
USHAMART.NS,Usha Martin Limited,Information Technology,2019-08-27,2019-09-11,26.2393741607666,25.206976401681047,337,8842.67,8494.75,-347.92,34.04,-381.96,-4.32,15,Trailing Stop Hit (20 EMA)
OFSS.NS,Oracle Financial Services Software Limited,Information Technology,2019-09-06,2019-09-11,2138.080078125,2149.6085610083815,4,8552.32,8598.43,46.11,33.81,12.3,0.14,5,Trailing Stop Hit (20 EMA)
ERIS.NS,Eris Lifesciences Limited,Healthcare & Pharmaceuticals,2019-09-11,2019-09-12,373.2364501953125,422.77,24,8957.67,10146.48,1188.81,35.9,1152.91,12.87,1,Target Hit (3x ATR)
WOCKPHARMA.NS,Wockhardt Limited,Healthcare & Pharmaceuticals,2019-09-11,2019-09-12,268.5299987792969,304.43,33,8861.49,10046.19,1184.7,35.68,1149.02,12.97,1,Target Hit (3x ATR)
BLS.NS,BLS International Services Limited,Consumer Goods & Retail,2019-09-09,2019-09-13,20.773006439208984,23.16,426,8849.3,9866.16,1016.86,35.47,981.39,11.09,4,Target Hit (3x ATR)
GRAVITA.NS,Gravita India Limited,Metals & Mining,2019-09-09,2019-09-13,38.2255973815918,46.78,231,8830.11,10806.18,1976.07,36.42,1939.65,21.97,4,Target Hit (3x ATR)
KPIL.NS,Kalpataru Projects International Limited,"Construction, Materials & Infra",2019-09-11,2019-09-13,425.8748474121094,420.4217178508373,21,8943.37,8828.86,-114.51,34.51,-149.02,-1.67,2,Trailing Stop Hit (20 EMA)
J&KBANK.NS,The Jammu & Kashmir Bank Limited,Banking & Financial Services,2019-08-30,2019-09-16,39.69034194946289,37.066953226951206,223,8850.95,8265.93,-585.02,33.83,-618.85,-6.99,17,Trailing Stop Hit (20 EMA)
GRAPHITE.NS,Graphite India Limited,Information Technology,2019-09-11,2019-09-16,251.62152099609375,284.9,35,8806.75,9971.5,1164.75,35.54,1129.21,12.82,5,Target Hit (3x ATR)
ACE.NS,Action Construction Equipment Limited,Information Technology,2019-09-06,2019-09-17,63.303062438964844,63.49620768199426,138,8735.82,8762.48,26.66,34.2,-7.54,-0.09,11,Trailing Stop Hit (20 EMA)
JSWDULUX.NS,JSW Dulux Limited,Consumer Goods & Retail,2019-09-17,2019-09-19,1386.5467529296875,1386.1091213519883,6,8319.28,8316.65,-2.63,33.26,-35.89,-0.43,2,Trailing Stop Hit (20 EMA)
ECLERX.NS,eClerx Services Limited,Services & Logistics,2019-09-16,2019-09-20,176.76751708984375,163.73250282546095,52,9191.91,8514.09,-677.82,34.47,-712.29,-7.75,4,Trailing Stop Hit (20 EMA)
SOBHA.NS,Sobha Limited,"Construction, Materials & Infra",2019-09-18,2019-09-20,494.3927001953125,480.3919553176662,18,8899.07,8647.06,-252.01,34.27,-286.28,-3.22,2,Trailing Stop Hit (20 EMA)
EIHOTEL.NS,EIH Limited,Consumer Goods & Retail,2019-09-19,2019-09-20,154.9447784423828,173.45,58,8986.8,10060.1,1073.3,35.85,1037.45,11.54,1,Target Hit (3x ATR)
MOTILALOFS.NS,Motilal Oswal Financial Services Limited,Banking & Financial Services,2019-09-20,2019-09-23,605.769775390625,687.81,15,9086.55,10317.15,1230.6,36.23,1194.37,13.14,3,Target Hit (3x ATR)
ABB.NS,ABB India Limited,Information Technology,2019-09-20,2019-09-23,1225.3564453125,1344.63,7,8577.5,9412.41,834.91,34.68,800.23,9.33,3,Target Hit (3x ATR)
OFSS.NS,Oracle Financial Services Software Limited,Information Technology,2019-09-20,2019-09-24,2227.040771484375,2116.3656263523403,4,8908.16,8465.46,-442.7,34.1,-476.8,-5.35,4,Trailing Stop Hit (20 EMA)
HINDZINC.NS,Hindustan Zinc Limited,Metals & Mining,2019-09-20,2019-09-24,118.01095581054688,116.04523078229887,77,9086.84,8935.48,-151.36,34.8,-186.16,-2.05,4,Trailing Stop Hit (20 EMA)
KPRMILL.NS,K.P.R. Mill Limited,Diversified & Others,2019-09-20,2019-09-25,107.78827667236328,107.80021495119888,85,9162.0,9163.02,1.02,35.1,-34.08,-0.37,5,Trailing Stop Hit (20 EMA)
BANKBARODA.NS,Bank of Baroda,Banking & Financial Services,2019-09-20,2019-09-25,86.1316909790039,84.09535702897692,106,9129.96,8914.11,-215.85,34.81,-250.66,-2.75,5,Trailing Stop Hit (20 EMA)
SOBHA.NS,Sobha Limited,"Construction, Materials & Infra",2019-09-23,2019-09-25,511.5257873535156,490.9755673306267,18,9207.46,8837.56,-369.9,34.83,-404.73,-4.4,2,Trailing Stop Hit (20 EMA)
ASAHIINDIA.NS,Asahi India Glass Limited,Automobile & Auto Components,2019-09-23,2019-09-30,178.3677215576172,180.95100842268494,52,9275.12,9409.45,134.33,35.51,98.82,1.07,7,Trailing Stop Hit (20 EMA)
AXISBANK.NS,Axis Bank Limited,Banking & Financial Services,2019-09-20,2019-10-01,676.9989624023438,677.6304245697971,13,8800.99,8809.2,8.21,34.32,-26.11,-0.3,11,Trailing Stop Hit (20 EMA)
ENDURANCE.NS,Endurance Technologies Limited,Automobile & Auto Components,2019-09-20,2019-10-01,958.3486938476562,935.2507208273054,9,8625.14,8417.26,-207.88,33.72,-241.6,-2.8,11,Trailing Stop Hit (20 EMA)
CHOLAFIN.NS,Cholamandalam Investment and Finance Company Limited,Banking & Financial Services,2019-09-20,2019-10-03,284.845458984375,281.5188518536992,32,9115.05,9008.6,-106.45,34.91,-141.36,-1.55,13,Trailing Stop Hit (20 EMA)
HINDUNILVR.NS,Hindustan Unilever Limited,Consumer Goods & Retail,2019-09-20,2019-10-07,1752.8988037109375,1719.9395020461982,5,8764.49,8599.7,-164.79,34.06,-198.85,-2.27,17,Trailing Stop Hit (20 EMA)
ERIS.NS,Eris Lifesciences Limited,Healthcare & Pharmaceuticals,2019-10-11,2019-10-15,408.30340576171875,404.87541536942473,22,8982.67,8907.26,-75.41,34.64,-110.05,-1.23,4,Trailing Stop Hit (20 EMA)
ADANIENSOL.NS,Adani Energy Solutions Limited,"Energy, Power & Utilities",2019-10-15,2019-10-23,239.14999389648438,269.21,38,9087.7,10229.98,1142.28,36.13,1106.15,12.17,8,Target Hit (3x ATR)
MOTHERSON.NS,Samvardhana Motherson International Limited,Automobile & Auto Components,2019-10-17,2019-10-23,27.959510803222656,26.182476015497365,328,9170.72,8587.85,-582.87,34.54,-617.41,-6.73,6,Trailing Stop Hit (20 EMA)
MMTC.NS,MMTC Limited,Services & Logistics,2019-10-18,2019-10-23,18.25,16.79701004617654,503,9179.75,8448.9,-730.85,34.4,-765.25,-8.34,5,Trailing Stop Hit (20 EMA)
GRAPHITE.NS,Graphite India Limited,Information Technology,2019-10-22,2019-10-24,276.8770446777344,259.0373522629716,33,9136.94,8548.23,-588.71,34.45,-623.16,-6.82,2,Trailing Stop Hit (20 EMA)
MFSL.NS,Max Financial Services Limited,Banking & Financial Services,2019-10-22,2019-10-24,435.1000061035156,414.4802269952154,21,9137.1,8704.08,-433.02,34.61,-467.63,-5.12,2,Trailing Stop Hit (20 EMA)
EIHOTEL.NS,EIH Limited,Consumer Goods & Retail,2019-10-18,2019-10-25,174.52996826171875,166.74810475726042,52,9075.56,8670.9,-404.66,34.51,-439.17,-4.84,7,Trailing Stop Hit (20 EMA)
HEG.NS,HEG Limited,Information Technology,2019-10-22,2019-10-25,194.6494903564453,179.16801479571663,47,9148.53,8420.9,-727.63,34.33,-761.96,-8.33,3,Trailing Stop Hit (20 EMA)
ITI.NS,ITI Limited,Information Technology,2019-10-29,2019-10-30,86.75,97.72,104,9022.0,10162.88,1140.88,35.98,1104.9,12.25,1,Target Hit (3x ATR)
LAURUSLABS.NS,Laurus Labs Limited,Healthcare & Pharmaceuticals,2019-10-22,2019-11-01,66.51486206054688,79.22607517664525,137,9112.54,10853.97,1741.43,36.8,1704.63,18.71,10,Target Hit (3x ATR)
MINDACORP.NS,Minda Corporation Limited,Automobile & Auto Components,2019-10-29,2019-11-01,87.04228973388672,101.3,103,8965.36,10433.9,1468.54,36.2,1432.34,15.98,3,Target Hit (3x ATR)
MOTILALOFS.NS,Motilal Oswal Financial Services Limited,Banking & Financial Services,2019-10-31,2019-11-04,599.6854248046875,688.02,15,8995.28,10320.3,1325.02,36.13,1288.89,14.33,4,Target Hit (3x ATR)
J&KBANK.NS,The Jammu & Kashmir Bank Limited,Banking & Financial Services,2019-10-30,2019-11-05,31.140918731689453,30.967371171945747,296,9217.71,9166.34,-51.37,35.18,-86.55,-0.94,6,Trailing Stop Hit (20 EMA)
NATCOPHARM.NS,Natco Pharma Limited,Healthcare & Pharmaceuticals,2019-10-22,2019-11-06,547.884033203125,549.7022991335471,16,8766.14,8795.24,29.1,34.27,-5.17,-0.06,15,Trailing Stop Hit (20 EMA)
MUTHOOTFIN.NS,Muthoot Finance Limited,Banking & Financial Services,2019-10-29,2019-11-06,631.2694702148438,608.9311991373115,14,8837.77,8525.04,-312.73,34.08,-346.81,-3.92,8,Trailing Stop Hit (20 EMA)
GALLANTT.NS,Gallantt Ispat Limited,Information Technology,2019-11-04,2019-11-06,26.783849716186523,25.8877357259662,352,9427.92,9112.48,-315.44,35.37,-350.81,-3.72,2,Trailing Stop Hit (20 EMA)
HINDZINC.NS,Hindustan Zinc Limited,Metals & Mining,2019-11-04,2019-11-06,114.18667602539062,112.96613499704462,82,9363.31,9263.22,-100.09,35.45,-135.54,-1.45,2,Trailing Stop Hit (20 EMA)
GRAVITA.NS,Gravita India Limited,Metals & Mining,2019-11-04,2019-11-06,39.88552474975586,38.17817676684056,236,9412.98,9010.05,-402.93,35.25,-438.18,-4.66,2,Trailing Stop Hit (20 EMA)
MFSL.NS,Max Financial Services Limited,Banking & Financial Services,2019-11-04,2019-11-07,431.95001220703125,480.08,21,9070.95,10081.68,1010.73,35.96,974.77,10.75,3,Target Hit (3x ATR)
LTFOODS.NS,LT Foods Limited,Consumer Goods & Retail,2019-10-31,2019-11-11,23.91185188293457,22.737570433497783,387,9253.89,8799.44,-454.45,34.84,-489.29,-5.29,11,Trailing Stop Hit (20 EMA)
SOBHA.NS,Sobha Limited,"Construction, Materials & Infra",2019-11-07,2019-11-11,417.4597473144531,412.9035666691084,22,9184.11,9083.88,-100.23,35.05,-135.28,-1.47,4,Trailing Stop Hit (20 EMA)
KPIL.NS,Kalpataru Projects International Limited,"Construction, Materials & Infra",2019-11-08,2019-11-13,410.50372314453125,406.24735622490573,22,9031.08,8937.44,-93.64,34.73,-128.37,-1.42,5,Trailing Stop Hit (20 EMA)
POLYMED.NS,Poly Medicure Limited,Healthcare & Pharmaceuticals,2019-11-11,2019-11-14,211.7375946044922,202.66770898552028,44,9316.45,8917.38,-399.07,35.05,-434.12,-4.66,3,Trailing Stop Hit (20 EMA)
GRAVITA.NS,Gravita India Limited,Metals & Mining,2019-11-06,2019-11-15,40.6917724609375,40.11416527674677,228,9277.72,9146.03,-131.69,35.24,-166.93,-1.8,9,Trailing Stop Hit (20 EMA)
ABB.NS,ABB India Limited,Information Technology,2019-11-13,2019-11-15,1302.3597412109375,1279.967242714258,7,9116.52,8959.77,-156.75,34.86,-191.61,-2.1,2,Trailing Stop Hit (20 EMA)
WOCKPHARMA.NS,Wockhardt Limited,Healthcare & Pharmaceuticals,2019-11-18,2019-11-20,273.4617919921875,260.37010800502446,34,9297.7,8852.58,-445.12,34.95,-480.07,-5.16,2,Trailing Stop Hit (20 EMA)
MUTHOOTFIN.NS,Muthoot Finance Limited,Banking & Financial Services,2019-11-14,2019-11-21,635.1077880859375,614.970660160949,14,8891.51,8609.59,-281.92,34.22,-316.14,-3.56,7,Trailing Stop Hit (20 EMA)
VOLTAS.NS,Voltas Limited,Consumer Goods & Retail,2019-11-08,2019-11-22,669.928955078125,674.2614897057331,13,8709.08,8765.4,56.32,34.18,22.14,0.25,14,Trailing Stop Hit (20 EMA)
DIVISLAB.NS,Divi's Laboratories Limited,Healthcare & Pharmaceuticals,2019-11-15,2019-11-22,1675.86767578125,1650.0903773710038,5,8379.34,8250.45,-128.89,33.26,-162.15,-1.94,7,Trailing Stop Hit (20 EMA)
CASTROLIND.NS,Castrol India Limited,"Energy, Power & Utilities",2019-11-19,2019-11-22,108.3304443359375,103.85862330273193,86,9316.42,8931.84,-384.58,35.07,-419.65,-4.5,3,Trailing Stop Hit (20 EMA)
ENDURANCE.NS,Endurance Technologies Limited,Automobile & Auto Components,2019-11-19,2019-11-22,1064.47021484375,1039.362745146635,8,8515.76,8314.9,-200.86,33.48,-234.34,-2.75,3,Trailing Stop Hit (20 EMA)
MMTC.NS,MMTC Limited,Services & Logistics,2019-11-20,2019-11-22,18.899999618530273,18.25,496,9374.4,9052.0,-322.4,35.25,-357.65,-3.82,2,Trailing Stop Hit (20 EMA)
ECLERX.NS,eClerx Services Limited,Services & Logistics,2019-11-22,2019-11-25,166.79031372070312,188.46,55,9173.47,10365.3,1191.83,36.38,1155.45,12.6,3,Target Hit (3x ATR)
TATACOMM.NS,Tata Communications Limited,Information Technology,2019-11-22,2019-11-26,332.8955078125,329.99719356642964,27,8988.18,8909.92,-78.26,34.65,-112.91,-1.26,4,Trailing Stop Hit (20 EMA)
ARE&M.NS,Amara Raja Energy & Mobility Limited,Automobile & Auto Components,2019-11-11,2019-11-27,661.1409912109375,728.33,14,9255.97,10196.62,940.65,36.3,904.35,9.77,16,Target Hit (3x ATR)
JWL.NS,Jupiter Wagons Limited,Information Technology,2019-11-15,2019-11-27,15.28908920288086,18.25,609,9311.06,11114.25,1803.19,37.31,1765.88,18.97,12,Target Hit (3x ATR)
BANKINDIA.NS,Bank of India,Banking & Financial Services,2019-11-15,2019-11-28,59.03175735473633,66.84,157,9267.99,10493.88,1225.89,36.62,1189.27,12.83,13,Target Hit (3x ATR)
ADANIENSOL.NS,Adani Energy Solutions Limited,"Energy, Power & Utilities",2019-11-26,2019-11-29,275.95001220703125,312.6,33,9106.35,10315.8,1209.45,36.26,1173.19,12.88,3,Target Hit (3x ATR)
HEG.NS,HEG Limited,Information Technology,2019-11-22,2019-12-03,186.64053344726562,191.23302640839373,49,9145.39,9370.42,225.03,35.31,189.72,2.07,11,Trailing Stop Hit (20 EMA)
J&KBANK.NS,The Jammu & Kashmir Bank Limited,Banking & Financial Services,2019-11-28,2019-12-03,32.669307708740234,31.122267338691383,296,9670.12,9212.19,-457.93,35.76,-493.69,-5.11,5,Trailing Stop Hit (20 EMA)
INDIANB.NS,Indian Bank,Banking & Financial Services,2019-11-28,2019-12-03,107.74893188476562,105.99280318130118,89,9589.65,9433.36,-156.29,35.89,-192.18,-2.0,5,Trailing Stop Hit (20 EMA)
SOBHA.NS,Sobha Limited,"Construction, Materials & Infra",2019-11-29,2019-12-03,393.7296142578125,385.37663682759666,24,9449.51,9249.04,-200.47,35.54,-236.01,-2.5,4,Trailing Stop Hit (20 EMA)
UNIONBANK.NS,Union Bank of India,Banking & Financial Services,2019-11-19,2019-12-04,49.45222091674805,48.82951637904792,190,9395.92,9277.61,-118.31,35.52,-153.83,-1.64,15,Trailing Stop Hit (20 EMA)
ITI.NS,ITI Limited,Information Technology,2019-11-29,2019-12-04,91.5,88.30312344552978,106,9699.0,9360.13,-338.87,35.95,-374.82,-3.86,5,Trailing Stop Hit (20 EMA)
GICRE.NS,General Insurance Corporation of India,Banking & Financial Services,2019-12-03,2019-12-05,230.9227294921875,228.12902679938776,41,9467.83,9353.29,-114.54,35.67,-150.21,-1.59,2,Trailing Stop Hit (20 EMA)
ERIS.NS,Eris Lifesciences Limited,Healthcare & Pharmaceuticals,2019-11-25,2019-12-06,413.1221618652344,462.92,22,9088.69,10184.24,1095.55,36.08,1059.47,11.66,11,Target Hit (3x ATR)
TMPV.NS,Tata Motors Passenger Vehicles Limited,Automobile & Auto Components,2019-12-04,2019-12-06,165.0348663330078,159.11642005975622,57,9406.99,9069.64,-337.35,35.31,-372.66,-3.96,2,Trailing Stop Hit (20 EMA)
JSWDULUX.NS,JSW Dulux Limited,Consumer Goods & Retail,2019-12-04,2019-12-06,1624.5447998046875,1593.2479156839645,5,8122.72,7966.24,-156.48,32.64,-189.12,-2.33,2,Trailing Stop Hit (20 EMA)
MINDACORP.NS,Minda Corporation Limited,Automobile & Auto Components,2019-12-05,2019-12-09,91.32862854003906,88.94193094811398,103,9406.85,9161.02,-245.83,35.4,-281.23,-2.99,4,Trailing Stop Hit (20 EMA)
MMTC.NS,MMTC Limited,Services & Logistics,2019-12-06,2019-12-10,20.0,18.312909519549546,475,9500.0,8698.63,-801.37,35.03,-836.4,-8.8,4,Trailing Stop Hit (20 EMA)
LTFOODS.NS,LT Foods Limited,Consumer Goods & Retail,2019-12-06,2019-12-10,21.834566116333008,21.372949151617124,435,9498.04,9297.23,-200.81,35.65,-236.46,-2.49,4,Trailing Stop Hit (20 EMA)
JSWDULUX.NS,JSW Dulux Limited,Consumer Goods & Retail,2019-12-13,2019-12-17,1594.033203125,1575.0601013963314,5,7970.17,7875.3,-94.87,32.37,-127.24,-1.6,4,Trailing Stop Hit (20 EMA)
GLAXO.NS,GlaxoSmithKline Pharmaceuticals Limited,Healthcare & Pharmaceuticals,2019-12-13,2019-12-17,1394.7296142578125,1367.4493713469035,6,8368.38,8204.7,-163.68,33.18,-196.86,-2.35,4,Trailing Stop Hit (20 EMA)
GRAVITA.NS,Gravita India Limited,Metals & Mining,2019-12-13,2019-12-19,38.03589630126953,38.362151329423824,247,9394.87,9475.45,80.58,35.71,44.87,0.48,6,Trailing Stop Hit (20 EMA)
JSWDULUX.NS,JSW Dulux Limited,Consumer Goods & Retail,2019-12-17,2019-12-19,1594.6427001953125,1580.58550025528,5,7973.21,7902.93,-70.28,32.39,-102.67,-1.29,2,Trailing Stop Hit (20 EMA)
ARE&M.NS,Amara Raja Energy & Mobility Limited,Automobile & Auto Components,2019-12-17,2019-12-19,695.8999633789062,681.9653436660788,13,9046.7,8865.55,-181.15,34.68,-215.83,-2.39,2,Trailing Stop Hit (20 EMA)
JKCEMENT.NS,JK Cement Limited,"Construction, Materials & Infra",2019-12-18,2019-12-20,1145.8231201171875,1117.9031696312854,8,9166.58,8943.23,-223.35,34.89,-258.24,-2.82,2,Trailing Stop Hit (20 EMA)
IPCALAB.NS,IPCA Laboratories Limited,Healthcare & Pharmaceuticals,2019-12-11,2019-12-23,556.6242065429688,544.8873093595602,16,8905.99,8718.2,-187.79,34.36,-222.15,-2.49,12,Trailing Stop Hit (20 EMA)
AXISBANK.NS,Axis Bank Limited,Banking & Financial Services,2019-12-13,2019-12-23,748.2960205078125,732.7812508340957,12,8979.55,8793.38,-186.17,34.52,-220.69,-2.46,10,Trailing Stop Hit (20 EMA)
GLAXO.NS,GlaxoSmithKline Pharmaceuticals Limited,Healthcare & Pharmaceuticals,2019-12-19,2019-12-23,1385.56787109375,1370.267723692768,6,8313.41,8221.61,-91.8,33.13,-124.93,-1.5,4,Trailing Stop Hit (20 EMA)
JSL.NS,Jindal Stainless Limited,Metals & Mining,2019-12-20,2019-12-24,38.335750579833984,37.167214307317764,243,9315.59,9031.63,-283.96,35.17,-319.13,-3.43,4,Trailing Stop Hit (20 EMA)
GRAVITA.NS,Gravita India Limited,Metals & Mining,2019-12-20,2019-12-27,39.88552474975586,46.18,234,9333.21,10806.12,1472.91,37.02,1435.89,15.38,7,Target Hit (3x ATR)
WOCKPHARMA.NS,Wockhardt Limited,Healthcare & Pharmaceuticals,2019-12-26,2019-12-30,230.7809295654297,228.29197692871094,40,9231.24,9131.68,-99.56,35.15,-134.71,-1.46,4,Trailing Stop Hit (20 EMA)
DMART.NS,Avenue Supermarts Limited,Consumer Goods & Retail,2019-12-17,2019-12-31,1883.949951171875,1870.9666211371707,5,9419.75,9354.83,-64.92,35.61,-100.53,-1.07,14,Trailing Stop Hit (20 EMA)
ASAHIINDIA.NS,Asahi India Glass Limited,Automobile & Auto Components,2019-12-26,2019-12-31,196.59654235839844,195.95426397329337,47,9240.04,9209.85,-30.19,35.25,-65.44,-0.71,5,Trailing Stop Hit (20 EMA)
CANBK.NS,Canara Bank,Banking & Financial Services,2019-12-27,2019-12-31,37.95111846923828,37.5194683564074,249,9449.83,9342.35,-107.48,35.64,-143.12,-1.51,4,Trailing Stop Hit (20 EMA)
JWL.NS,Jupiter Wagons Limited,Information Technology,2019-12-30,2020-01-01,15.090530395507812,14.693412688883557,629,9491.94,9242.16,-249.78,35.57,-285.35,-3.01,2,Trailing Stop Hit (20 EMA)
TMPV.NS,Tata Motors Passenger Vehicles Limited,Automobile & Auto Components,2019-12-12,2020-01-02,168.8831024169922,189.5,55,9288.57,10422.5,1133.93,36.57,1097.36,11.81,21,Target Hit (3x ATR)
ANANTRAJ.NS,Anant Raj Limited,"Construction, Materials & Infra",2019-12-27,2020-01-03,13.766757011413574,15.24,687,9457.76,10469.88,1012.12,36.82,975.3,10.31,7,Target Hit (3x ATR)
BANKBARODA.NS,Bank of Baroda,Banking & Financial Services,2019-12-27,2020-01-03,89.52371215820312,86.66815099383194,105,9399.99,9100.16,-299.83,35.33,-335.16,-3.57,7,Trailing Stop Hit (20 EMA)
JSL.NS,Jindal Stainless Limited,Metals & Mining,2019-12-31,2020-01-06,37.84614562988281,37.46975970247447,248,9385.84,9292.5,-93.34,35.52,-128.86,-1.37,6,Trailing Stop Hit (20 EMA)
GICRE.NS,General Insurance Corporation of India,Banking & Financial Services,2020-01-02,2020-01-06,212.73194885253906,205.0041418087654,44,9360.21,9020.18,-340.03,35.2,-375.23,-4.01,4,Trailing Stop Hit (20 EMA)
LICHSGFIN.NS,LIC Housing Finance Limited,Banking & Financial Services,2020-01-02,2020-01-06,397.68292236328125,380.94194933893493,23,9146.71,8761.66,-385.05,34.68,-419.73,-4.59,4,Trailing Stop Hit (20 EMA)
COFORGE.NS,Coforge Limited,Information Technology,2019-12-17,2020-01-08,296.0579528808594,324.02,31,9177.8,10044.62,866.82,36.05,830.77,9.05,22,Target Hit (3x ATR)
MINDACORP.NS,Minda Corporation Limited,Automobile & Auto Components,2019-12-26,2020-01-08,94.00762176513672,93.81278500866624,99,9306.75,9287.47,-19.28,35.43,-54.71,-0.59,13,Trailing Stop Hit (20 EMA)
MFSL.NS,Max Financial Services Limited,Banking & Financial Services,2019-12-18,2020-01-09,533.1500244140625,536.1670613458572,17,9063.55,9114.84,51.29,34.94,16.35,0.18,22,Trailing Stop Hit (20 EMA)
JINDALSAW.NS,Jindal Saw Limited,Information Technology,2020-01-01,2020-01-10,38.283050537109375,42.56,246,9417.63,10469.76,1052.13,36.77,1015.36,10.78,9,Target Hit (3x ATR)
WELSPUNLIV.NS,Welspun Living Limited,Diversified & Others,2020-01-07,2020-01-10,46.3776741027832,46.6318978865844,204,9461.05,9512.91,51.86,35.82,16.04,0.17,3,Trailing Stop Hit (20 EMA)
GLAXO.NS,GlaxoSmithKline Pharmaceuticals Limited,Healthcare & Pharmaceuticals,2020-01-08,2020-01-10,1362.1640625,1357.2330632691537,7,9535.15,9500.63,-34.52,35.9,-70.42,-0.74,2,Trailing Stop Hit (20 EMA)
JSL.NS,Jindal Stainless Limited,Metals & Mining,2020-01-09,2020-01-10,40.34311294555664,45.47,238,9601.66,10821.86,1220.2,37.35,1182.85,12.32,1,Target Hit (3x ATR)
JSWDULUX.NS,JSW Dulux Limited,Consumer Goods & Retail,2020-01-07,2020-01-14,1608.6593017578125,1597.8839385933074,5,8043.3,7989.42,-53.88,32.57,-86.45,-1.07,7,Trailing Stop Hit (20 EMA)
CREDITACC.NS,CREDITACCESS GRAMEEN LIMITED,Banking & Financial Services,2020-01-10,2020-01-14,765.8273315429688,752.3838913032301,12,9189.93,9028.61,-161.32,35.01,-196.33,-2.14,4,Trailing Stop Hit (20 EMA)
AUBANK.NS,AU Small Finance Bank Limited,Banking & Financial Services,2020-01-07,2020-01-15,397.9713134765625,428.29,23,9153.34,9850.67,697.33,35.8,661.53,7.23,8,Target Hit (3x ATR)
OFSS.NS,Oracle Financial Services Software Limited,Information Technology,2020-01-10,2020-01-16,2006.9407958984375,1998.7276711294858,4,8027.76,7994.91,-32.85,32.55,-65.4,-0.81,6,Trailing Stop Hit (20 EMA)
USHAMART.NS,Usha Martin Limited,Information Technology,2020-01-10,2020-01-17,26.430204391479492,26.592988233628823,365,9647.02,9706.44,59.42,36.26,23.16,0.24,7,Trailing Stop Hit (20 EMA)
LTF.NS,L&T Finance Limited,Banking & Financial Services,2020-01-08,2020-01-20,103.3277816772461,103.91372276222998,92,9506.16,9560.06,53.9,35.93,17.97,0.19,12,Trailing Stop Hit (20 EMA)
INDIANB.NS,Indian Bank,Banking & Financial Services,2020-01-16,2020-01-20,87.62894439697266,87.75737287140073,113,9902.07,9916.58,14.51,36.76,-22.25,-0.22,4,Trailing Stop Hit (20 EMA)
CREDITACC.NS,CREDITACCESS GRAMEEN LIMITED,Banking & Financial Services,2020-01-16,2020-01-21,773.2186889648438,761.7218199766643,12,9278.62,9140.66,-137.96,35.23,-173.19,-1.87,5,Trailing Stop Hit (20 EMA)
TATACOMM.NS,Tata Communications Limited,Information Technology,2019-12-31,2020-01-22,365.1364440917969,417.97,25,9128.41,10449.25,1320.84,36.41,1284.43,14.07,22,Target Hit (3x ATR)
ARE&M.NS,Amara Raja Energy & Mobility Limited,Automobile & Auto Components,2020-01-09,2020-01-22,685.4490356445312,736.49,14,9596.29,10310.86,714.57,36.83,677.74,7.06,13,Target Hit (3x ATR)
ADANIPOWER.NS,Adani Power Limited,"Energy, Power & Utilities",2020-01-13,2020-01-22,12.460000038146973,12.486617208658497,783,9756.18,9777.02,20.84,36.45,-15.61,-0.16,9,Trailing Stop Hit (20 EMA)
CASTROLIND.NS,Castrol India Limited,"Energy, Power & Utilities",2020-01-15,2020-01-22,94.114501953125,92.57960339526707,105,9882.02,9720.86,-161.16,36.53,-197.69,-2.0,7,Trailing Stop Hit (20 EMA)
JWL.NS,Jupiter Wagons Limited,Information Technology,2020-01-09,2020-01-27,14.792691230773926,15.315952245889756,649,9600.46,9940.05,339.59,36.45,303.14,3.16,18,Trailing Stop Hit (20 EMA)
ZYDUSWELL.NS,Zydus Wellness Limited,Consumer Goods & Retail,2020-01-14,2020-01-27,287.4387512207031,309.0,34,9772.92,10506.0,733.08,37.23,695.85,7.12,13,Target Hit (3x ATR)
MOTHERSON.NS,Samvardhana Motherson International Limited,Automobile & Auto Components,2020-01-24,2020-01-28,37.10036087036133,36.039256136646266,264,9794.5,9514.36,-280.14,36.21,-316.35,-3.23,4,Trailing Stop Hit (20 EMA)
KPRMILL.NS,K.P.R. Mill Limited,Diversified & Others,2020-01-23,2020-01-29,131.36756896972656,131.58331703876044,74,9721.2,9737.17,15.97,36.37,-20.4,-0.21,6,Trailing Stop Hit (20 EMA)
CASTROLIND.NS,Castrol India Limited,"Energy, Power & Utilities",2020-01-28,2020-01-30,93.7617416381836,92.71807558638874,104,9751.22,9642.68,-108.54,36.3,-144.84,-1.49,2,Trailing Stop Hit (20 EMA)
ADANIENSOL.NS,Adani Energy Solutions Limited,"Energy, Power & Utilities",2020-01-31,2020-02-04,332.1000061035156,330.7734919820515,29,9630.9,9592.43,-38.47,36.1,-74.57,-0.77,4,Trailing Stop Hit (20 EMA)
NATCOPHARM.NS,Natco Pharma Limited,Healthcare & Pharmaceuticals,2020-02-05,2020-02-07,613.4888305664062,665.48,15,9202.33,9982.2,779.87,36.01,743.86,8.08,2,Target Hit (3x ATR)
ARE&M.NS,Amara Raja Energy & Mobility Limited,Automobile & Auto Components,2020-02-03,2020-02-10,729.9007568359375,720.9097154471262,13,9488.71,9371.83,-116.88,35.71,-152.59,-1.61,7,Trailing Stop Hit (20 EMA)
VOLTAS.NS,Voltas Limited,Consumer Goods & Retail,2020-02-07,2020-02-11,677.462158203125,662.9268227696114,14,9484.47,9280.98,-203.49,35.61,-239.1,-2.52,4,Trailing Stop Hit (20 EMA)
KPIL.NS,Kalpataru Projects International Limited,"Construction, Materials & Infra",2020-02-10,2020-02-11,411.3247375488281,382.61,23,9460.47,8800.03,-660.44,35.09,-695.53,-7.35,1,Stop Loss Hit (2x ATR)
UNIONBANK.NS,Union Bank of India,Banking & Financial Services,2020-02-10,2020-02-12,42.74114990234375,41.692546674542285,230,9830.46,9589.29,-241.17,36.33,-277.5,-2.82,2,Trailing Stop Hit (20 EMA)
ERIS.NS,Eris Lifesciences Limited,Healthcare & Pharmaceuticals,2020-02-11,2020-02-14,500.0499572753906,491.48411326209117,19,9500.95,9338.2,-162.75,35.7,-198.45,-2.09,3,Trailing Stop Hit (20 EMA)
MMTC.NS,MMTC Limited,Services & Logistics,2020-02-12,2020-02-14,21.700000762939453,20.483329606511404,453,9830.1,9278.95,-551.15,36.02,-587.17,-5.97,2,Trailing Stop Hit (20 EMA)
SAMMAANCAP.NS,Sammaan Capital Limited,Banking & Financial Services,2020-02-06,2020-02-17,263.0323486328125,259.76826757595455,37,9732.2,9611.43,-120.77,36.25,-157.02,-1.61,11,Trailing Stop Hit (20 EMA)
WELSPUNLIV.NS,Welspun Living Limited,Diversified & Others,2020-02-13,2020-02-17,44.90913009643555,43.32961164255129,219,9835.1,9489.18,-345.92,36.25,-382.17,-3.89,4,Trailing Stop Hit (20 EMA)
LTF.NS,L&T Finance Limited,Banking & Financial Services,2020-02-06,2020-02-18,110.03011322021484,105.93823798594241,89,9792.68,9428.5,-364.18,36.13,-400.31,-4.09,12,Trailing Stop Hit (20 EMA)
MINDACORP.NS,Minda Corporation Limited,Automobile & Auto Components,2020-02-07,2020-02-18,107.79215240478516,105.28652655454306,91,9809.09,9581.07,-228.02,36.3,-264.32,-2.69,11,Trailing Stop Hit (20 EMA)
JINDALSAW.NS,Jindal Saw Limited,Information Technology,2020-02-17,2020-02-19,41.02558135986328,39.9349675827532,236,9682.04,9424.65,-257.39,35.99,-293.38,-3.03,2,Trailing Stop Hit (20 EMA)
BLS.NS,BLS International Services Limited,Consumer Goods & Retail,2020-02-19,2020-02-24,16.71628761291504,16.50991399282508,576,9628.58,9509.71,-118.87,36.02,-154.89,-1.61,5,Trailing Stop Hit (20 EMA)
ITI.NS,ITI Limited,Information Technology,2020-02-19,2020-02-24,86.3499984741211,82.19999694824219,111,9584.85,9124.2,-460.65,35.56,-496.21,-5.18,5,Trailing Stop Hit (20 EMA)
GRAVITA.NS,Gravita India Limited,Metals & Mining,2020-02-12,2020-02-25,58.80862045288086,59.34041759062421,167,9821.04,9909.85,88.81,36.65,52.16,0.53,13,Trailing Stop Hit (20 EMA)
MUTHOOTFIN.NS,Muthoot Finance Limited,Banking & Financial Services,2020-02-17,2020-02-25,780.0713500976562,849.07,12,9360.86,10188.84,827.98,36.41,791.57,8.46,8,Target Hit (3x ATR)
MOTILALOFS.NS,Motilal Oswal Financial Services Limited,Banking & Financial Services,2020-02-20,2020-02-25,800.1670532226562,755.2030326235247,12,9602.0,9062.44,-539.56,35.53,-575.09,-5.99,5,Trailing Stop Hit (20 EMA)
VOLTAS.NS,Voltas Limited,Consumer Goods & Retail,2020-02-19,2020-02-26,708.078125,676.0617421288077,13,9205.02,8788.8,-416.22,34.78,-451.0,-4.9,7,Trailing Stop Hit (20 EMA)
SAMMAANCAP.NS,Sammaan Capital Limited,Banking & Financial Services,2020-02-20,2020-02-27,283.9215087890625,264.20218707412135,33,9369.41,8718.67,-650.74,34.91,-685.65,-7.32,7,Trailing Stop Hit (20 EMA)
USHAMART.NS,Usha Martin Limited,Information Technology,2020-02-26,2020-02-28,25.42833709716797,23.376893923187353,373,9484.77,8719.58,-765.19,35.03,-800.22,-8.44,2,Trailing Stop Hit (20 EMA)
FEDERALBNK.NS,The Federal Bank  Limited,Banking & Financial Services,2020-02-27,2020-03-02,84.63985443115234,83.7393755180388,111,9395.02,9295.07,-99.95,35.54,-135.49,-1.44,4,Trailing Stop Hit (20 EMA)
COFORGE.NS,Coforge Limited,Information Technology,2020-03-03,2020-03-05,352.65460205078125,339.35848832917407,26,9169.02,8823.32,-345.7,34.77,-380.47,-4.15,2,Trailing Stop Hit (20 EMA)
IPCALAB.NS,IPCA Laboratories Limited,Healthcare & Pharmaceuticals,2020-03-31,2020-04-08,681.0733032226562,859.0,13,8853.95,11167.0,2313.05,36.82,2276.23,25.71,8,Target Hit (3x ATR)
ZYDUSWELL.NS,Zydus Wellness Limited,Consumer Goods & Retail,2020-04-07,2020-04-08,259.230224609375,306.92,36,9332.29,11049.12,1716.83,37.27,1679.56,18.0,1,Target Hit (3x ATR)
ITI.NS,ITI Limited,Information Technology,2020-03-31,2020-04-13,62.75,84.94999694824219,149,9349.75,12657.55,3307.8,38.96,3268.84,34.96,13,Target Hit (3x ATR)
TATACOMM.NS,Tata Communications Limited,Information Technology,2020-04-08,2020-04-13,241.7379150390625,311.32,40,9669.52,12452.8,2783.28,39.12,2744.16,28.38,5,Target Hit (3x ATR)
GLAXO.NS,GlaxoSmithKline Pharmaceuticals Limited,Healthcare & Pharmaceuticals,2020-04-07,2020-04-15,1039.8421630859375,1285.9561386651326,9,9358.58,11573.61,2215.03,37.83,2177.2,23.26,8,Target Hit (3x ATR)
GICRE.NS,General Insurance Corporation of India,Banking & Financial Services,2020-04-09,2020-04-15,101.19963836669922,103.34727720458393,100,10119.96,10334.73,214.77,37.47,177.3,1.75,6,Trailing Stop Hit (20 EMA)
MINDACORP.NS,Minda Corporation Limited,Automobile & Auto Components,2020-04-09,2020-04-15,64.05851745605469,62.54378819155899,159,10185.3,9944.46,-240.84,37.15,-277.99,-2.73,6,Trailing Stop Hit (20 EMA)
ECLERX.NS,eClerx Services Limited,Services & Logistics,2020-04-13,2020-04-16,134.93299865722656,167.96,77,10389.84,12932.92,2543.08,40.47,2502.61,24.09,3,Target Hit (3x ATR)
GALLANTT.NS,Gallantt Ispat Limited,Information Technology,2020-04-07,2020-04-17,21.058677673339844,21.844074961123468,448,9434.29,9786.15,351.86,36.08,315.78,3.35,10,Trailing Stop Hit (20 EMA)
VOLTAS.NS,Voltas Limited,Consumer Goods & Retail,2020-04-16,2020-04-20,503.47283935546875,504.7283738746385,21,10572.93,10599.3,26.37,38.27,-11.9,-0.11,4,Trailing Stop Hit (20 EMA)
SAMMAANCAP.NS,Sammaan Capital Limited,Banking & Financial Services,2020-04-16,2020-04-21,89.23968505859375,100.74092831927547,121,10798.0,12189.65,1391.65,40.19,1351.46,12.52,5,Trailing Stop Hit (20 EMA)
J&KBANK.NS,The Jammu & Kashmir Bank Limited,Banking & Financial Services,2020-04-17,2020-04-21,13.65997314453125,17.86304093850721,804,10982.62,14361.88,3379.26,42.66,3336.6,30.38,4,Target Hit (3x ATR)
LAURUSLABS.NS,Laurus Labs Limited,Healthcare & Pharmaceuticals,2020-04-07,2020-04-22,76.69119262695312,94.43,123,9433.02,11614.89,2181.87,37.95,2143.92,22.73,15,Target Hit (3x ATR)
JKCEMENT.NS,JK Cement Limited,"Construction, Materials & Infra",2020-04-13,2020-04-22,1016.9947509765625,1038.3289940630293,10,10169.95,10383.29,213.34,37.58,175.76,1.73,9,Trailing Stop Hit (20 EMA)
MFSL.NS,Max Financial Services Limited,Banking & Financial Services,2020-04-15,2020-04-24,395.8999938964844,408.3960144235879,26,10293.4,10618.3,324.9,37.97,286.93,2.79,9,Trailing Stop Hit (20 EMA)
KPIL.NS,Kalpataru Projects International Limited,"Construction, Materials & Infra",2020-04-20,2020-04-24,200.01422119140625,191.55862735395476,56,11200.8,10727.28,-473.52,39.15,-512.67,-4.58,4,Trailing Stop Hit (20 EMA)
ABB.NS,ABB India Limited,Information Technology,2020-04-22,2020-04-24,869.7854614257812,863.7987110812421,13,11307.21,11229.38,-77.83,39.8,-117.63,-1.04,2,Trailing Stop Hit (20 EMA)
COFORGE.NS,Coforge Limited,Information Technology,2020-04-23,2020-04-27,218.57095336914062,209.54924449266906,51,11147.12,10687.01,-460.11,39.05,-499.16,-4.48,4,Trailing Stop Hit (20 EMA)
ZYDUSWELL.NS,Zydus Wellness Limited,Consumer Goods & Retail,2020-04-24,2020-04-28,267.34808349609375,260.7805726484544,41,10961.27,10692.0,-269.27,38.83,-308.1,-2.81,4,Trailing Stop Hit (20 EMA)
ENDURANCE.NS,Endurance Technologies Limited,Automobile & Auto Components,2020-04-27,2020-04-29,602.1763916015625,609.1125065302051,18,10839.18,10964.03,124.85,38.97,85.88,0.79,2,Trailing Stop Hit (20 EMA)
DIVISLAB.NS,Divi's Laboratories Limited,Healthcare & Pharmaceuticals,2020-04-07,2020-05-04,1997.6536865234375,2150.4349596281704,4,7990.61,8601.74,611.13,33.15,577.98,7.23,27,Trailing Stop Hit (20 EMA)
ACE.NS,Action Construction Equipment Limited,Information Technology,2020-04-16,2020-05-04,44.000789642333984,43.921588443137516,245,10780.19,10760.79,-19.4,38.69,-58.09,-0.54,18,Trailing Stop Hit (20 EMA)
NATCOPHARM.NS,Natco Pharma Limited,Healthcare & Pharmaceuticals,2020-04-07,2020-05-05,541.7980346679688,571.3718288074357,17,9210.57,9713.32,502.75,35.73,467.02,5.07,28,Trailing Stop Hit (20 EMA)
SUMICHEM.NS,Sumitomo Chemical India Limited,Chemicals & Fertilisers,2020-04-07,2020-05-05,201.8336639404297,214.00966935048774,46,9284.35,9844.44,560.09,35.95,524.14,5.65,28,Trailing Stop Hit (20 EMA)
MOTILALOFS.NS,Motilal Oswal Financial Services Limited,Banking & Financial Services,2020-04-30,2020-05-05,489.6732482910156,490.2534622523662,22,10772.81,10785.58,12.77,38.71,-25.94,-0.24,5,Trailing Stop Hit (20 EMA)
JSWDULUX.NS,JSW Dulux Limited,Consumer Goods & Retail,2020-04-30,2020-05-05,1694.871826171875,1656.7220239245503,6,10169.23,9940.33,-228.9,37.13,-266.03,-2.62,5,Trailing Stop Hit (20 EMA)
CHOLAFIN.NS,Cholamandalam Investment and Finance Company Limited,Banking & Financial Services,2020-05-06,2020-05-08,148.02511596679688,150.44203259344977,74,10953.86,11132.71,178.85,39.27,139.58,1.27,2,Trailing Stop Hit (20 EMA)
ECLERX.NS,eClerx Services Limited,Services & Logistics,2020-05-07,2020-05-11,155.1696014404297,147.02799706938762,70,10861.87,10291.96,-569.91,38.3,-608.21,-5.6,4,Trailing Stop Hit (20 EMA)
SUMICHEM.NS,Sumitomo Chemical India Limited,Chemicals & Fertilisers,2020-05-08,2020-05-12,223.07164001464844,215.811748342999,49,10930.51,10574.78,-355.73,38.66,-394.39,-3.61,4,Trailing Stop Hit (20 EMA)
POLYMED.NS,Poly Medicure Limited,Healthcare & Pharmaceuticals,2020-05-11,2020-05-15,230.67486572265625,278.62,47,10841.72,13095.14,2253.42,41.18,2212.24,20.4,4,Target Hit (3x ATR)
LTF.NS,L&T Finance Limited,Banking & Financial Services,2020-05-13,2020-05-15,54.02701187133789,51.4938109377924,205,11075.54,10556.23,-519.31,38.83,-558.14,-5.04,2,Trailing Stop Hit (20 EMA)
CANBK.NS,Canara Bank,Banking & Financial Services,2020-05-13,2020-05-15,15.073805809020996,14.4079015428523,736,11094.32,10604.22,-490.1,38.88,-528.98,-4.77,2,Trailing Stop Hit (20 EMA)
CUB.NS,City Union Bank Limited,Banking & Financial Services,2020-05-14,2020-05-18,95.4955062866211,96.2977663911783,115,10981.98,11074.24,92.26,39.25,53.01,0.48,4,Trailing Stop Hit (20 EMA)
FEDERALBNK.NS,The Federal Bank  Limited,Banking & Financial Services,2020-05-14,2020-05-18,43.24872589111328,41.58165478678289,253,10941.93,10520.16,-421.77,38.62,-460.39,-4.21,4,Trailing Stop Hit (20 EMA)
CREDITACC.NS,CREDITACCESS GRAMEEN LIMITED,Banking & Financial Services,2020-05-15,2020-05-19,436.5384216308594,404.7901766843548,25,10913.46,10119.75,-793.71,38.18,-831.89,-7.62,4,Trailing Stop Hit (20 EMA)
ITI.NS,ITI Limited,Information Technology,2020-05-15,2020-05-19,86.25,81.59762100348368,127,10953.75,10362.9,-590.85,38.48,-629.33,-5.75,4,Trailing Stop Hit (20 EMA)
MMTC.NS,MMTC Limited,Services & Logistics,2020-05-18,2020-05-20,14.399999618530273,13.850000381469727,759,10929.6,10512.15,-417.45,38.6,-456.05,-4.17,2,Trailing Stop Hit (20 EMA)
LTFOODS.NS,LT Foods Limited,Consumer Goods & Retail,2020-05-26,2020-05-29,20.73023223876953,24.396803118136347,524,10862.64,12783.92,1921.28,40.87,1880.41,17.31,3,Target Hit (3x ATR)
ERIS.NS,Eris Lifesciences Limited,Healthcare & Pharmaceuticals,2020-05-29,2020-06-02,480.60552978515625,546.42,23,11053.93,12567.66,1513.73,40.88,1472.85,13.32,4,Target Hit (3x ATR)
SUMICHEM.NS,Sumitomo Chemical India Limited,Chemicals & Fertilisers,2020-05-26,2020-06-03,229.583984375,264.45,47,10790.45,12429.15,1638.7,40.43,1598.27,14.81,8,Target Hit (3x ATR)
JSWDULUX.NS,JSW Dulux Limited,Consumer Goods & Retail,2020-05-29,2020-06-03,1526.713134765625,1523.3214169025425,7,10686.99,10663.25,-23.74,38.48,-62.22,-0.58,5,Trailing Stop Hit (20 EMA)
HEG.NS,HEG Limited,Information Technology,2020-05-29,2020-06-05,141.30604553222656,166.48033221293576,78,11021.87,12985.47,1963.6,41.28,1922.32,17.44,7,Target Hit (3x ATR)
INDIANB.NS,Indian Bank,Banking & Financial Services,2020-06-01,2020-06-05,39.8118782043457,45.57,284,11306.57,12941.88,1635.31,41.57,1593.74,14.1,4,Target Hit (3x ATR)
ECLERX.NS,eClerx Services Limited,Services & Logistics,2020-06-03,2020-06-05,139.43185424804688,137.59789913000083,82,11433.41,11283.03,-150.38,40.0,-190.38,-1.67,2,Trailing Stop Hit (20 EMA)
DIVISLAB.NS,Divi's Laboratories Limited,Healthcare & Pharmaceuticals,2020-05-29,2020-06-08,2308.96435546875,2283.2089347390215,4,9235.86,9132.84,-103.02,35.17,-138.19,-1.5,10,Trailing Stop Hit (20 EMA)
JINDALSAW.NS,Jindal Saw Limited,Information Technology,2020-06-02,2020-06-08,23.738636016845703,27.65,483,11465.76,13354.95,1889.19,42.18,1847.01,16.11,6,Target Hit (3x ATR)
FLUOROCHEM.NS,Gujarat Fluorochemicals Limited,Chemicals & Fertilisers,2020-06-03,2020-06-08,312.6218566894531,378.5130440688735,36,11254.39,13626.47,2372.08,42.2,2329.88,20.7,5,Target Hit (3x ATR)
MMTC.NS,MMTC Limited,Services & Logistics,2020-05-27,2020-06-09,15.100000381469727,17.54,722,10902.2,12663.88,1761.68,40.8,1720.88,15.78,13,Target Hit (3x ATR)
ECLERX.NS,eClerx Services Limited,Services & Logistics,2020-06-05,2020-06-10,138.31956481933594,138.59344801295313,85,11757.16,11780.44,23.28,40.89,-17.61,-0.15,5,Trailing Stop Hit (20 EMA)
ACE.NS,Action Construction Equipment Limited,Information Technology,2020-05-27,2020-06-11,46.719940185546875,55.91,233,10885.75,13027.03,2141.28,41.16,2100.12,19.29,15,Target Hit (3x ATR)
FEDERALBNK.NS,The Federal Bank  Limited,Banking & Financial Services,2020-05-28,2020-06-12,40.77192687988281,41.96269589021219,269,10967.65,11287.97,320.32,39.47,280.85,2.56,15,Trailing Stop Hit (20 EMA)
AXISBANK.NS,Axis Bank Limited,Banking & Financial Services,2020-05-28,2020-06-12,389.0244140625,388.079075532801,28,10892.68,10866.21,-26.47,38.92,-65.39,-0.6,15,Trailing Stop Hit (20 EMA)
NATCOPHARM.NS,Natco Pharma Limited,Healthcare & Pharmaceuticals,2020-06-08,2020-06-12,601.9766235351562,564.0721846632676,20,12039.53,11281.44,-758.09,40.73,-798.82,-6.63,4,Trailing Stop Hit (20 EMA)
ADANIENSOL.NS,Adani Energy Solutions Limited,"Energy, Power & Utilities",2020-06-09,2020-06-16,188.4499969482422,216.77,64,12060.8,13873.28,1812.48,43.43,1769.05,14.67,7,Target Hit (3x ATR)
TATACOMM.NS,Tata Communications Limited,Information Technology,2020-06-12,2020-06-16,446.4056091308594,514.4748546183212,27,12052.95,13890.82,1837.87,43.44,1794.43,14.89,4,Target Hit (3x ATR)
ERIS.NS,Eris Lifesciences Limited,Healthcare & Pharmaceuticals,2020-06-15,2020-06-17,473.82830810546875,461.4274413037775,25,11845.71,11535.69,-310.02,40.75,-350.77,-2.96,2,Trailing Stop Hit (20 EMA)
ECLERX.NS,eClerx Services Limited,Services & Logistics,2020-06-16,2020-06-18,141.24134826660156,161.24,86,12146.76,13866.64,1719.88,43.53,1676.35,13.8,2,Target Hit (3x ATR)
ITI.NS,ITI Limited,Information Technology,2020-06-17,2020-06-18,90.55000305175781,103.76,135,12224.25,14007.6,1783.35,43.76,1739.59,14.23,1,Target Hit (3x ATR)
MOTHERSON.NS,Samvardhana Motherson International Limited,Automobile & Auto Components,2020-06-17,2020-06-25,25.534320831298828,24.841948633394953,480,12256.47,11924.14,-332.33,41.63,-373.96,-3.05,8,Trailing Stop Hit (20 EMA)
ABB.NS,ABB India Limited,Information Technology,2020-06-19,2020-06-26,778.7407836914062,873.12,16,12459.85,13969.92,1510.07,44.0,1466.07,11.77,7,Target Hit (3x ATR)
JSWDULUX.NS,JSW Dulux Limited,Consumer Goods & Retail,2020-06-24,2020-06-26,1520.903076171875,1518.237568621513,8,12167.22,12145.9,-21.32,41.78,-63.1,-0.52,2,Trailing Stop Hit (20 EMA)
KPRMILL.NS,K.P.R. Mill Limited,Diversified & Others,2020-06-19,2020-06-29,98.86139678955078,91.62872501738282,126,12456.54,11545.22,-911.32,41.49,-952.81,-7.65,10,Trailing Stop Hit (20 EMA)
COFORGE.NS,Coforge Limited,Information Technology,2020-06-26,2020-07-01,273.17755126953125,259.7444066815468,46,12566.17,11948.24,-617.93,42.02,-659.95,-5.25,5,Trailing Stop Hit (20 EMA)
SOBHA.NS,Sobha Limited,"Construction, Materials & Infra",2020-06-30,2020-07-02,215.37428283691406,210.675204867955,58,12491.71,12219.16,-272.55,42.22,-314.77,-2.52,2,Trailing Stop Hit (20 EMA)
ATUL.NS,Atul Limited,Chemicals & Fertilisers,2020-06-30,2020-07-02,4456.111328125,4423.26830168354,2,8912.22,8846.54,-65.68,34.49,-100.17,-1.12,2,Trailing Stop Hit (20 EMA)
CASTROLIND.NS,Castrol India Limited,"Energy, Power & Utilities",2020-06-22,2020-07-03,88.9290542602539,87.7396680744956,140,12450.07,12283.55,-166.52,42.24,-208.76,-1.68,11,Trailing Stop Hit (20 EMA)
EIHOTEL.NS,EIH Limited,Consumer Goods & Retail,2020-07-07,2020-07-09,65.41255187988281,64.63485290993947,190,12428.38,12280.62,-147.76,42.21,-189.97,-1.53,2,Trailing Stop Hit (20 EMA)
GRAPHITE.NS,Graphite India Limited,Information Technology,2020-07-07,2020-07-09,170.660888671875,167.9964298934918,73,12458.24,12263.74,-194.5,42.23,-236.73,-1.9,2,Trailing Stop Hit (20 EMA)
CANBK.NS,Canara Bank,Banking & Financial Services,2020-07-08,2020-07-10,18.450809478759766,17.58316540957758,674,12435.85,11851.05,-584.8,41.78,-626.58,-5.04,2,Trailing Stop Hit (20 EMA)
GICRE.NS,General Insurance Corporation of India,Banking & Financial Services,2020-07-08,2020-07-14,139.66505432128906,131.98063284451845,89,12430.19,11746.28,-683.91,41.66,-725.57,-5.84,6,Trailing Stop Hit (20 EMA)
SOBHA.NS,Sobha Limited,"Construction, Materials & Infra",2020-07-06,2020-07-15,221.3068084716797,217.547861293577,56,12393.18,12182.68,-210.5,42.07,-252.57,-2.04,9,Trailing Stop Hit (20 EMA)
GALLANTT.NS,Gallantt Ispat Limited,Information Technology,2020-07-13,2020-07-15,34.05233383178711,31.525087028873216,362,12326.94,11412.08,-914.86,41.2,-956.06,-7.76,2,Trailing Stop Hit (20 EMA)
GABRIEL.NS,Gabriel India Limited,Automobile & Auto Components,2020-07-09,2020-07-16,88.42100524902344,86.76455297811201,140,12378.94,12147.04,-231.9,42.03,-273.93,-2.21,7,Trailing Stop Hit (20 EMA)
TRENT.NS,Trent Limited,Consumer Goods & Retail,2020-07-14,2020-07-16,625.8890991210938,607.0211411131612,19,11891.89,11533.4,-358.49,40.78,-399.27,-3.36,2,Trailing Stop Hit (20 EMA)
GLAXO.NS,GlaxoSmithKline Pharmaceuticals Limited,Healthcare & Pharmaceuticals,2020-06-22,2020-07-20,1197.33837890625,1313.22,10,11973.38,13132.2,1158.82,42.56,1116.26,9.32,28,Target Hit (3x ATR)
FLUOROCHEM.NS,Gujarat Fluorochemicals Limited,Chemicals & Fertilisers,2020-07-14,2020-07-20,364.7172546386719,425.94,33,12035.67,14056.02,2020.35,43.61,1976.74,16.42,6,Target Hit (3x ATR)
HEG.NS,HEG Limited,Information Technology,2020-07-17,2020-07-21,154.1529083251953,151.30944696415054,80,12332.23,12104.76,-227.47,41.92,-269.39,-2.18,4,Trailing Stop Hit (20 EMA)
JKCEMENT.NS,JK Cement Limited,"Construction, Materials & Infra",2020-07-17,2020-07-21,1371.3057861328125,1520.25,9,12341.75,13682.25,1340.5,43.57,1296.93,10.51,4,Target Hit (3x ATR)
GICRE.NS,General Insurance Corporation of India,Banking & Financial Services,2020-07-20,2020-07-22,140.4464874267578,132.48517051350981,88,12359.29,11658.7,-700.59,41.49,-742.08,-6.0,2,Trailing Stop Hit (20 EMA)
BANKINDIA.NS,Bank of India,Banking & Financial Services,2020-07-21,2020-07-23,42.773555755615234,40.866237518923995,291,12447.1,11892.08,-555.02,41.83,-596.85,-4.8,2,Trailing Stop Hit (20 EMA)
ASAHIINDIA.NS,Asahi India Glass Limited,Automobile & Auto Components,2020-07-21,2020-07-24,177.4757537841797,170.79913854913636,70,12423.3,11955.94,-467.36,41.88,-509.24,-4.1,3,Trailing Stop Hit (20 EMA)
HEG.NS,HEG Limited,Information Technology,2020-07-22,2020-07-24,152.66879272460938,150.26640229392902,80,12213.5,12021.31,-192.19,41.69,-233.88,-1.91,2,Trailing Stop Hit (20 EMA)
WOCKPHARMA.NS,Wockhardt Limited,Healthcare & Pharmaceuticals,2020-07-23,2020-07-27,251.56826782226562,241.80436452562188,49,12326.85,11848.41,-478.44,41.65,-520.09,-4.22,4,Trailing Stop Hit (20 EMA)
CUB.NS,City Union Bank Limited,Banking & Financial Services,2020-07-24,2020-07-28,90.40335083007812,88.0365795309678,136,12294.86,11972.97,-321.89,41.74,-363.63,-2.96,4,Trailing Stop Hit (20 EMA)
IPCALAB.NS,IPCA Laboratories Limited,Healthcare & Pharmaceuticals,2020-07-16,2020-08-03,870.0470581054688,951.73,14,12180.66,13324.22,1143.56,43.0,1100.56,9.04,18,Target Hit (3x ATR)
HINDZINC.NS,Hindustan Zinc Limited,Metals & Mining,2020-07-22,2020-08-05,117.27851104736328,130.46,105,12314.24,13698.3,1384.06,43.56,1340.5,10.89,14,Target Hit (3x ATR)
ABB.NS,ABB India Limited,Information Technology,2020-08-04,2020-08-06,871.7709350585938,865.5214355420048,14,12204.79,12117.3,-87.49,41.78,-129.27,-1.06,2,Trailing Stop Hit (20 EMA)
GLAXO.NS,GlaxoSmithKline Pharmaceuticals Limited,Healthcare & Pharmaceuticals,2020-08-03,2020-08-10,1263.59375,1255.8265524381004,9,11372.34,11302.44,-69.9,39.95,-109.85,-0.97,7,Trailing Stop Hit (20 EMA)
MOTHERSON.NS,Samvardhana Motherson International Limited,Automobile & Auto Components,2020-08-03,2020-08-10,25.67888069152832,28.44,482,12377.22,13708.08,1330.86,43.65,1287.21,10.4,7,Target Hit (3x ATR)
JSL.NS,Jindal Stainless Limited,Metals & Mining,2020-08-05,2020-08-10,37.74822235107422,42.68,331,12494.66,14127.08,1632.42,44.2,1588.22,12.71,5,Target Hit (3x ATR)
BANKINDIA.NS,Bank of India,Banking & Financial Services,2020-08-03,2020-08-11,40.98600387573242,40.81157228757325,302,12377.77,12325.09,-52.68,42.22,-94.9,-0.77,8,Trailing Stop Hit (20 EMA)
HEG.NS,HEG Limited,Information Technology,2020-08-07,2020-08-11,145.86044311523438,145.5377989662634,86,12544.0,12516.25,-27.75,42.59,-70.34,-0.56,4,Trailing Stop Hit (20 EMA)
GICRE.NS,General Insurance Corporation of India,Banking & Financial Services,2020-08-10,2020-08-12,129.8098907470703,127.63915791763583,98,12721.37,12508.64,-212.73,42.8,-255.53,-2.01,2,Trailing Stop Hit (20 EMA)
SOBHA.NS,Sobha Limited,"Construction, Materials & Infra",2020-08-10,2020-08-12,225.74696350097656,218.49269126559307,56,12641.83,12235.59,-406.24,42.43,-448.67,-3.55,2,Trailing Stop Hit (20 EMA)
EIHOTEL.NS,EIH Limited,Consumer Goods & Retail,2020-07-30,2020-08-13,63.19354248046875,71.13,194,12259.55,13799.22,1539.67,43.59,1496.08,12.2,14,Target Hit (3x ATR)
TMPV.NS,Tata Motors Passenger Vehicles Limited,Automobile & Auto Components,2020-08-03,2020-08-13,110.13691711425781,124.05,112,12335.33,13893.6,1558.27,43.78,1514.49,12.28,10,Target Hit (3x ATR)
ADANIENSOL.NS,Adani Energy Solutions Limited,"Energy, Power & Utilities",2020-08-07,2020-08-13,249.6999969482422,241.3471567621794,50,12485.0,12067.36,-417.64,42.06,-459.7,-3.68,6,Trailing Stop Hit (20 EMA)
VOLTAS.NS,Voltas Limited,Consumer Goods & Retail,2020-07-17,2020-08-14,556.8817138671875,610.11,22,12251.4,13422.42,1171.02,43.18,1127.84,9.21,28,Target Hit (3x ATR)
KPIL.NS,Kalpataru Projects International Limited,"Construction, Materials & Infra",2020-08-10,2020-08-14,224.2485809326172,222.14815931153078,57,12782.17,12662.45,-119.72,43.03,-162.75,-1.27,4,Trailing Stop Hit (20 EMA)
UNIONBANK.NS,Union Bank of India,Banking & Financial Services,2020-08-11,2020-08-14,25.753746032714844,25.23907604529542,495,12748.1,12493.34,-254.76,42.81,-297.57,-2.33,3,Trailing Stop Hit (20 EMA)
SAMMAANCAP.NS,Sammaan Capital Limited,Banking & Financial Services,2020-08-11,2020-08-14,180.2423095703125,173.18682752074074,70,12616.96,12123.08,-493.88,42.27,-536.15,-4.25,3,Trailing Stop Hit (20 EMA)
TRENT.NS,Trent Limited,Consumer Goods & Retail,2020-08-13,2020-08-17,572.2210083007812,563.1666934374291,22,12588.86,12389.67,-199.19,42.52,-241.71,-1.92,4,Trailing Stop Hit (20 EMA)
ACE.NS,Action Construction Equipment Limited,Information Technology,2020-08-12,2020-08-19,59.9201774597168,69.05,213,12763.0,14707.65,1944.65,45.12,1899.53,14.88,7,Target Hit (3x ATR)
GLAXO.NS,GlaxoSmithKline Pharmaceuticals Limited,Healthcare & Pharmaceuticals,2020-08-13,2020-08-20,1303.05029296875,1270.5740152397286,9,11727.45,11435.17,-292.28,40.51,-332.79,-2.84,7,Trailing Stop Hit (20 EMA)
ADANIENSOL.NS,Adani Energy Solutions Limited,"Energy, Power & Utilities",2020-08-19,2020-08-21,245.14999389648438,277.0,53,12992.95,14681.0,1688.05,45.37,1642.68,12.64,2,Target Hit (3x ATR)
CREDITACC.NS,CREDITACCESS GRAMEEN LIMITED,Banking & Financial Services,2020-08-05,2020-08-24,567.797607421875,577.179095699368,22,12491.55,12697.94,206.39,42.72,163.67,1.31,19,Trailing Stop Hit (20 EMA)
TRENT.NS,Trent Limited,Consumer Goods & Retail,2020-08-18,2020-08-24,586.4991455078125,660.84,21,12316.48,13877.64,1561.16,43.75,1517.41,12.32,6,Target Hit (3x ATR)
HEG.NS,HEG Limited,Information Technology,2020-08-18,2020-08-25,148.1422882080078,166.82,86,12740.24,14346.52,1606.28,44.73,1561.55,12.26,7,Target Hit (3x ATR)
CUB.NS,City Union Bank Limited,Banking & Financial Services,2020-08-14,2020-08-26,87.03250122070312,96.36,146,12706.75,14068.56,1361.81,44.41,1317.4,10.37,12,Target Hit (3x ATR)
IGL.NS,Indraprastha Gas Limited,"Energy, Power & Utilities",2020-08-20,2020-08-27,182.95916748046875,180.24829196942073,71,12990.1,12797.63,-192.47,43.42,-235.89,-1.82,7,Trailing Stop Hit (20 EMA)
GRAVITA.NS,Gravita India Limited,Metals & Mining,2020-08-21,2020-08-28,51.06985092163086,49.48645109973357,256,13073.88,12668.53,-405.35,43.38,-448.73,-3.43,7,Trailing Stop Hit (20 EMA)
OFSS.NS,Oracle Financial Services Software Limited,Information Technology,2020-08-12,2020-08-31,2292.772705078125,2284.5997817143607,5,11463.86,11423.0,-40.86,40.17,-81.03,-0.71,19,Trailing Stop Hit (20 EMA)
MOTILALOFS.NS,Motilal Oswal Financial Services Limited,Banking & Financial Services,2020-08-18,2020-08-31,689.4974975585938,664.358755647746,18,12410.95,11958.46,-452.49,41.87,-494.36,-3.98,13,Trailing Stop Hit (20 EMA)
ZYDUSWELL.NS,Zydus Wellness Limited,Consumer Goods & Retail,2020-08-24,2020-08-31,333.03875732421875,323.8808990750518,39,12988.51,12631.36,-357.15,43.25,-400.4,-3.08,7,Trailing Stop Hit (20 EMA)
GALLANTT.NS,Gallantt Ispat Limited,Information Technology,2020-09-09,2020-09-11,33.952762603759766,32.16703089194021,391,13275.53,12577.31,-698.22,43.52,-741.74,-5.59,2,Trailing Stop Hit (20 EMA)
POLYMED.NS,Poly Medicure Limited,Healthcare & Pharmaceuticals,2020-09-02,2020-09-15,429.1016845703125,500.89,30,12873.05,15026.7,2153.65,45.59,2108.06,16.38,13,Target Hit (3x ATR)
HINDZINC.NS,Hindustan Zinc Limited,Metals & Mining,2020-09-11,2020-09-15,141.3288116455078,133.3637000512083,93,13143.58,12402.82,-740.76,43.18,-783.94,-5.96,4,Trailing Stop Hit (20 EMA)
ITI.NS,ITI Limited,Information Technology,2020-09-11,2020-09-15,137.0,132.0,96,13152.0,12672.0,-480.0,43.47,-523.47,-3.98,4,Trailing Stop Hit (20 EMA)
KPIL.NS,Kalpataru Projects International Limited,"Construction, Materials & Infra",2020-09-14,2020-09-17,253.5144805908203,239.14606281682222,52,13182.75,12435.6,-747.15,43.27,-790.42,-6.0,3,Trailing Stop Hit (20 EMA)
OFSS.NS,Oracle Financial Services Software Limited,Information Technology,2020-09-15,2020-09-17,2285.556640625,2229.0770079862855,5,11427.78,11145.39,-282.39,39.85,-322.24,-2.82,2,Trailing Stop Hit (20 EMA)
ASAHIINDIA.NS,Asahi India Glass Limited,Automobile & Auto Components,2020-09-03,2020-09-21,213.4438934326172,215.2563705093267,62,13233.52,13345.89,112.37,44.27,68.1,0.51,18,Trailing Stop Hit (20 EMA)
CUB.NS,City Union Bank Limited,Banking & Financial Services,2020-09-14,2020-09-21,103.02611541748047,98.88034804374753,128,13187.34,12656.68,-530.66,43.51,-574.17,-4.35,7,Trailing Stop Hit (20 EMA)
MOTHERSON.NS,Samvardhana Motherson International Limited,Automobile & Auto Components,2020-09-14,2020-09-21,30.580732345581055,30.51733174957637,433,13241.46,13214.0,-27.46,44.13,-71.59,-0.54,7,Trailing Stop Hit (20 EMA)
JSWDULUX.NS,JSW Dulux Limited,Consumer Goods & Retail,2020-09-15,2020-09-21,1769.8433837890625,1709.2115209073995,7,12388.9,11964.48,-424.42,41.85,-466.27,-3.76,6,Trailing Stop Hit (20 EMA)
SUMICHEM.NS,Sumitomo Chemical India Limited,Chemicals & Fertilisers,2020-09-15,2020-09-21,275.0970153808594,301.33,48,13204.66,14463.84,1259.18,45.38,1213.8,9.19,6,Target Hit (3x ATR)
JINDALSAW.NS,Jindal Saw Limited,Information Technology,2020-09-16,2020-09-21,31.471681594848633,29.552488670793387,424,13343.99,12530.26,-813.73,43.55,-857.28,-6.42,5,Trailing Stop Hit (20 EMA)
DIVISLAB.NS,Divi's Laboratories Limited,Healthcare & Pharmaceuticals,2020-09-18,2020-09-21,3230.868896484375,3040.1,4,12923.48,12160.4,-763.08,42.67,-805.75,-6.23,3,Stop Loss Hit (2x ATR)
ERIS.NS,Eris Lifesciences Limited,Healthcare & Pharmaceuticals,2020-09-14,2020-09-22,502.89093017578125,496.95851799263926,26,13075.16,12920.92,-154.24,43.64,-197.88,-1.51,8,Trailing Stop Hit (20 EMA)
OFSS.NS,Oracle Financial Services Software Limited,Information Technology,2020-09-21,2020-09-24,2301.461669921875,2267.9848575196233,5,11507.31,11339.92,-167.39,40.15,-207.54,-1.8,3,Trailing Stop Hit (20 EMA)
DIVISLAB.NS,Divi's Laboratories Limited,Healthcare & Pharmaceuticals,2020-09-22,2020-09-24,3126.728515625,2985.1050783950514,4,12506.91,11940.42,-566.49,41.95,-608.44,-4.86,2,Trailing Stop Hit (20 EMA)
COFORGE.NS,Coforge Limited,Information Technology,2020-09-11,2020-09-25,390.7128601074219,431.42,33,12893.52,14236.86,1343.34,44.78,1298.56,10.07,14,Target Hit (3x ATR)
MFSL.NS,Max Financial Services Limited,Banking & Financial Services,2020-09-28,2020-09-30,619.5499877929688,597.8760591680746,21,13010.55,12555.4,-455.15,43.19,-498.34,-3.83,2,Trailing Stop Hit (20 EMA)
JWL.NS,Jupiter Wagons Limited,Information Technology,2020-09-28,2020-09-30,17.373966217041016,15.809879829563826,758,13169.47,11983.89,-1185.58,42.79,-1228.37,-9.33,2,Trailing Stop Hit (20 EMA)
ANANTRAJ.NS,Anant Raj Limited,"Construction, Materials & Infra",2020-09-25,2020-10-05,12.46057415008545,15.26,1045,13021.3,15946.7,2925.4,46.72,2878.68,22.11,10,Target Hit (3x ATR)
GRAVITA.NS,Gravita India Limited,Metals & Mining,2020-09-28,2020-10-05,48.80543518066406,47.783692172388285,270,13177.47,12901.6,-275.87,43.74,-319.61,-2.43,7,Trailing Stop Hit (20 EMA)
MINDACORP.NS,Minda Corporation Limited,Automobile & Auto Components,2020-09-30,2020-10-05,71.53443908691406,70.60606559022779,182,13019.27,12850.3,-168.97,43.5,-212.47,-1.63,5,Trailing Stop Hit (20 EMA)
JSL.NS,Jindal Stainless Limited,Metals & Mining,2020-09-30,2020-10-07,43.4276008605957,43.076202080065016,300,13028.28,12922.86,-105.42,43.58,-149.0,-1.14,7,Trailing Stop Hit (20 EMA)
CGPOWER.NS,CG Power and Industrial Solutions Limited,Information Technology,2020-09-30,2020-10-08,23.658845901489258,23.030071910066734,551,13036.02,12689.57,-346.45,43.37,-389.82,-2.99,8,Trailing Stop Hit (20 EMA)
MUTHOOTFIN.NS,Muthoot Finance Limited,Banking & Financial Services,2020-09-29,2020-10-09,1033.8369140625,1034.121667932108,12,12406.04,12409.46,3.42,42.33,-38.91,-0.31,10,Trailing Stop Hit (20 EMA)
TMPV.NS,Tata Motors Passenger Vehicles Limited,Automobile & Auto Components,2020-10-06,2020-10-12,141.0200653076172,133.89767758003043,94,13255.89,12586.38,-669.51,43.51,-713.02,-5.38,6,Trailing Stop Hit (20 EMA)
PVRINOX.NS,PVR INOX Limited,Diversified & Others,2020-10-01,2020-10-13,1300.5,1239.065161789253,10,13005.0,12390.65,-614.35,43.02,-657.37,-5.05,12,Trailing Stop Hit (20 EMA)
LICHSGFIN.NS,LIC Housing Finance Limited,Banking & Financial Services,2020-10-06,2020-10-13,258.852294921875,256.6831926327616,51,13201.47,13090.84,-110.63,43.96,-154.59,-1.17,7,Trailing Stop Hit (20 EMA)
INDIANB.NS,Indian Bank,Banking & Financial Services,2020-10-09,2020-10-13,51.541404724121094,50.25715170961991,255,13143.06,12815.57,-327.49,43.61,-371.1,-2.82,4,Trailing Stop Hit (20 EMA)
GALLANTT.NS,Gallantt Ispat Limited,Information Technology,2020-10-09,2020-10-13,32.5090217590332,31.463556647963884,405,13166.15,12742.74,-423.41,43.56,-466.97,-3.55,4,Trailing Stop Hit (20 EMA)
NATCOPHARM.NS,Natco Pharma Limited,Healthcare & Pharmaceuticals,2020-09-18,2020-10-14,854.193603515625,864.5658038679094,15,12812.9,12968.49,155.59,43.38,112.21,0.88,26,Trailing Stop Hit (20 EMA)
CUB.NS,City Union Bank Limited,Banking & Financial Services,2020-09-30,2020-10-14,100.22901916503906,101.88340605578244,130,13029.77,13244.84,215.07,43.91,171.16,1.31,14,Trailing Stop Hit (20 EMA)
TATACOMM.NS,Tata Communications Limited,Information Technology,2020-10-08,2020-10-14,810.7120361328125,788.6013682793415,16,12971.39,12617.62,-353.77,43.21,-396.98,-3.06,6,Trailing Stop Hit (20 EMA)
GRAPHITE.NS,Graphite India Limited,Information Technology,2020-09-25,2020-10-15,165.6029510498047,172.6378630514372,78,12917.03,13465.75,548.72,44.02,504.7,3.91,20,Trailing Stop Hit (20 EMA)
SOBHA.NS,Sobha Limited,"Construction, Materials & Infra",2020-10-06,2020-10-15,256.2017822265625,244.16440689424456,52,13322.49,12696.55,-625.94,43.71,-669.65,-5.03,9,Trailing Stop Hit (20 EMA)
HINDZINC.NS,Hindustan Zinc Limited,Metals & Mining,2020-10-14,2020-10-16,126.70244598388672,125.4719378399267,102,12923.65,12798.14,-125.51,43.33,-168.84,-1.31,2,Trailing Stop Hit (20 EMA)
JSL.NS,Jindal Stainless Limited,Metals & Mining,2020-10-12,2020-10-19,50.28200912475586,58.06,260,13073.32,15095.6,2022.28,45.9,1976.38,15.12,7,Target Hit (3x ATR)
DMART.NS,Avenue Supermarts Limited,Consumer Goods & Retail,2020-10-19,2020-10-21,2094.300048828125,2077.386008821844,6,12565.8,12464.32,-101.48,42.56,-144.04,-1.15,2,Trailing Stop Hit (20 EMA)
GICRE.NS,General Insurance Corporation of India,Banking & Financial Services,2020-10-19,2020-10-21,109.18791961669922,108.01572359070283,119,12993.36,12853.87,-139.49,43.47,-182.96,-1.41,2,Trailing Stop Hit (20 EMA)
BANKBARODA.NS,Bank of Baroda,Banking & Financial Services,2020-10-19,2020-10-21,37.44109344482422,36.238855539508265,347,12992.06,12574.88,-417.18,43.18,-460.36,-3.54,2,Trailing Stop Hit (20 EMA)
JSWDULUX.NS,JSW Dulux Limited,Consumer Goods & Retail,2020-10-20,2020-10-22,1694.45166015625,1656.4900520800047,7,11861.16,11595.43,-265.73,40.82,-306.55,-2.58,2,Trailing Stop Hit (20 EMA)
MMTC.NS,MMTC Limited,Services & Logistics,2020-10-20,2020-10-22,16.450000762939453,16.299999237060547,791,13011.95,12893.3,-118.65,43.53,-162.18,-1.25,2,Trailing Stop Hit (20 EMA)
ATUL.NS,Atul Limited,Chemicals & Fertilisers,2020-10-22,2020-10-26,5948.28759765625,5903.549780583967,2,11896.58,11807.1,-89.48,41.08,-130.56,-1.1,4,Trailing Stop Hit (20 EMA)
IPCALAB.NS,IPCA Laboratories Limited,Healthcare & Pharmaceuticals,2020-10-22,2020-10-26,1054.52001953125,1034.44968063936,12,12654.24,12413.4,-240.84,42.62,-283.46,-2.24,4,Trailing Stop Hit (20 EMA)
TATACOMM.NS,Tata Communications Limited,Information Technology,2020-10-16,2020-10-27,809.0488891601562,910.28,15,12135.73,13654.2,1518.47,43.3,1475.17,12.16,11,Target Hit (3x ATR)
MINDACORP.NS,Minda Corporation Limited,Automobile & Auto Components,2020-10-23,2020-10-27,69.38451385498047,68.10450399270924,186,12905.52,12667.44,-238.08,43.19,-281.27,-2.18,4,Trailing Stop Hit (20 EMA)
EIHOTEL.NS,EIH Limited,Consumer Goods & Retail,2020-10-23,2020-10-27,77.61018371582031,75.2494031717118,166,12883.29,12491.4,-391.89,42.96,-434.85,-3.38,4,Trailing Stop Hit (20 EMA)
CHOLAFIN.NS,Cholamandalam Investment and Finance Company Limited,Banking & Financial Services,2020-10-23,2020-10-27,248.10604858398438,240.94572750320347,52,12901.51,12529.18,-372.33,43.03,-415.36,-3.22,4,Trailing Stop Hit (20 EMA)
MMTC.NS,MMTC Limited,Services & Logistics,2020-10-23,2020-10-27,16.5,16.299999237060547,785,12952.5,12795.5,-157.0,43.36,-200.36,-1.55,4,Trailing Stop Hit (20 EMA)
ARE&M.NS,Amara Raja Energy & Mobility Limited,Automobile & Auto Components,2020-10-22,2020-10-28,702.2453002929688,699.6051536255305,18,12640.42,12592.89,-47.53,42.79,-90.32,-0.71,6,Trailing Stop Hit (20 EMA)
TRENT.NS,Trent Limited,Consumer Goods & Retail,2020-10-27,2020-10-30,678.8345947265625,658.4299943803996,19,12897.86,12510.17,-387.69,43.0,-430.69,-3.34,3,Trailing Stop Hit (20 EMA)
CASTROLIND.NS,Castrol India Limited,"Energy, Power & Utilities",2020-10-28,2020-11-02,83.82258605957031,80.59273644151615,153,12824.86,12330.69,-494.17,42.73,-536.9,-4.19,5,Trailing Stop Hit (20 EMA)
PNB.NS,Punjab National Bank,Banking & Financial Services,2020-11-02,2020-11-04,25.200698852539062,25.15397243985582,507,12776.75,12753.06,-23.69,43.12,-66.81,-0.52,2,Trailing Stop Hit (20 EMA)
GICRE.NS,General Insurance Corporation of India,Banking & Financial Services,2020-11-02,2020-11-04,105.58451080322266,105.87698241417664,121,12775.73,12811.11,35.38,43.18,-7.8,-0.06,2,Trailing Stop Hit (20 EMA)
MMTC.NS,MMTC Limited,Services & Logistics,2020-11-03,2020-11-05,16.350000381469727,16.28130502716175,781,12769.35,12715.7,-53.65,43.08,-96.73,-0.76,2,Trailing Stop Hit (20 EMA)
VOLTAS.NS,Voltas Limited,Consumer Goods & Retail,2020-10-16,2020-11-06,681.00439453125,740.36,18,12258.08,13326.48,1068.4,43.1,1025.3,8.36,21,Target Hit (3x ATR)
GALLANTT.NS,Gallantt Ispat Limited,Information Technology,2020-11-04,2020-11-06,33.15621566772461,32.49776807701905,386,12798.3,12544.14,-254.16,42.92,-297.08,-2.32,2,Trailing Stop Hit (20 EMA)
GABRIEL.NS,Gabriel India Limited,Automobile & Auto Components,2020-11-04,2020-11-06,93.1844253540039,92.77726221540863,137,12766.27,12710.48,-55.79,43.06,-98.85,-0.77,2,Trailing Stop Hit (20 EMA)
IPCALAB.NS,IPCA Laboratories Limited,Healthcare & Pharmaceuticals,2020-10-27,2020-11-09,1155.5133056640625,1099.934506845738,11,12710.65,12099.28,-611.37,42.37,-653.74,-5.14,13,Trailing Stop Hit (20 EMA)
SUMICHEM.NS,Sumitomo Chemical India Limited,Chemicals & Fertilisers,2020-11-05,2020-11-09,278.1163024902344,269.94993767614267,46,12793.35,12417.7,-375.65,42.79,-418.44,-3.27,4,Trailing Stop Hit (20 EMA)
MINDACORP.NS,Minda Corporation Limited,Automobile & Auto Components,2020-11-05,2020-11-09,68.70044708251953,67.10291679563487,186,12778.28,12481.14,-297.14,42.84,-339.98,-2.66,4,Trailing Stop Hit (20 EMA)
LTFOODS.NS,LT Foods Limited,Consumer Goods & Retail,2020-11-05,2020-11-09,49.16965866088867,48.83246603889137,260,12784.11,12696.44,-87.67,43.07,-130.74,-1.02,4,Trailing Stop Hit (20 EMA)
MUTHOOTFIN.NS,Muthoot Finance Limited,Banking & Financial Services,2020-11-05,2020-11-10,1115.2376708984375,1103.2510713265958,11,12267.61,12135.76,-131.85,41.88,-173.73,-1.42,5,Trailing Stop Hit (20 EMA)
ITI.NS,ITI Limited,Information Technology,2020-11-06,2020-11-10,124.75,121.02923145693977,102,12724.5,12344.98,-379.52,42.63,-422.15,-3.32,4,Trailing Stop Hit (20 EMA)
JSWDULUX.NS,JSW Dulux Limited,Consumer Goods & Retail,2020-11-09,2020-11-11,1635.013671875,1632.2109737618744,7,11445.1,11425.48,-19.62,40.17,-59.79,-0.52,2,Trailing Stop Hit (20 EMA)
ASAHIINDIA.NS,Asahi India Glass Limited,Automobile & Auto Components,2020-11-09,2020-11-11,222.55909729003906,219.9090164596193,57,12685.87,12534.81,-151.06,42.78,-193.84,-1.53,2,Trailing Stop Hit (20 EMA)
BANKBARODA.NS,Bank of Baroda,Banking & Financial Services,2020-11-02,2020-11-13,38.51451873779297,38.38417193435216,331,12748.31,12705.16,-43.15,43.04,-86.19,-0.68,11,Trailing Stop Hit (20 EMA)
BANKINDIA.NS,Bank of India,Banking & Financial Services,2020-11-06,2020-11-13,34.98493576049805,34.38612811893281,365,12769.5,12550.94,-218.56,42.9,-261.46,-2.05,7,Trailing Stop Hit (20 EMA)
ENDURANCE.NS,Endurance Technologies Limited,Automobile & Auto Components,2020-11-11,2020-11-13,1032.658203125,1025.7709203719178,12,12391.9,12309.25,-82.65,42.21,-124.86,-1.01,2,Trailing Stop Hit (20 EMA)
EIHOTEL.NS,EIH Limited,Consumer Goods & Retail,2020-11-06,2020-11-17,74.9051284790039,84.2006498456665,170,12733.87,14314.11,1580.24,44.68,1535.56,12.06,11,Target Hit (3x ATR)
MOTILALOFS.NS,Motilal Oswal Financial Services Limited,Banking & Financial Services,2020-11-13,2020-11-19,557.216064453125,613.1,22,12258.75,13488.2,1229.45,43.26,1186.19,9.68,6,Target Hit (3x ATR)
GALLANTT.NS,Gallantt Ispat Limited,Information Technology,2020-11-17,2020-11-19,34.30125045776367,32.536227639708684,375,12862.97,12201.09,-661.88,42.64,-704.52,-5.48,2,Trailing Stop Hit (20 EMA)
ANANTRAJ.NS,Anant Raj Limited,"Construction, Materials & Infra",2020-11-18,2020-11-19,19.713409423828125,22.59,650,12813.72,14683.5,1869.78,45.15,1824.63,14.24,1,Target Hit (3x ATR)
PVRINOX.NS,PVR INOX Limited,Diversified & Others,2020-11-05,2020-11-20,1219.050048828125,1238.072256149738,10,12190.5,12380.72,190.22,42.04,148.18,1.22,15,Trailing Stop Hit (20 EMA)
JWL.NS,Jupiter Wagons Limited,Information Technology,2020-11-17,2020-11-24,13.948813438415527,13.834973903249114,922,12860.81,12755.85,-104.96,43.22,-148.18,-1.15,7,Trailing Stop Hit (20 EMA)
ERIS.NS,Eris Lifesciences Limited,Healthcare & Pharmaceuticals,2020-11-20,2020-11-25,504.68701171875,498.04321844241946,25,12617.18,12451.08,-166.1,42.61,-208.71,-1.65,5,Trailing Stop Hit (20 EMA)
MINDACORP.NS,Minda Corporation Limited,Automobile & Auto Components,2020-11-11,2020-11-26,67.57659149169922,77.21,189,12771.98,14592.69,1820.71,45.01,1775.7,13.9,15,Target Hit (3x ATR)
IPCALAB.NS,IPCA Laboratories Limited,Healthcare & Pharmaceuticals,2020-11-24,2020-11-26,1085.479248046875,1044.008667466567,12,13025.75,12528.1,-497.65,43.18,-540.83,-4.15,2,Trailing Stop Hit (20 EMA)
LTFOODS.NS,LT Foods Limited,Consumer Goods & Retail,2020-11-26,2020-12-02,49.88157272338867,55.0,260,12969.21,14300.0,1330.79,44.95,1285.84,9.91,6,Target Hit (3x ATR)
TRENT.NS,Trent Limited,Consumer Goods & Retail,2020-11-27,2020-12-02,716.6941528320312,710.4256625791139,18,12900.49,12787.66,-112.83,43.3,-156.13,-1.21,5,Trailing Stop Hit (20 EMA)
CUB.NS,City Union Bank Limited,Banking & Financial Services,2020-11-27,2020-12-03,133.4355010986328,127.40000346733868,97,12943.24,12357.8,-585.44,42.9,-628.34,-4.85,6,Trailing Stop Hit (20 EMA)
BLS.NS,BLS International Services Limited,Consumer Goods & Retail,2020-11-27,2020-12-04,19.586488723754883,22.9,663,12985.84,15182.7,2196.86,45.89,2150.97,16.56,7,Target Hit (3x ATR)
WELSPUNLIV.NS,Welspun Living Limited,Diversified & Others,2020-12-07,2020-12-09,67.0855484008789,66.00862574176519,196,13148.77,12937.69,-211.08,43.74,-254.82,-1.94,2,Trailing Stop Hit (20 EMA)
USHAMART.NS,Usha Martin Limited,Information Technology,2020-12-14,2020-12-16,25.42833709716797,29.07,518,13171.88,15058.26,1886.38,45.98,1840.4,13.97,2,Target Hit (3x ATR)
GLAXO.NS,GlaxoSmithKline Pharmaceuticals Limited,Healthcare & Pharmaceuticals,2020-11-19,2020-12-18,1269.2794189453125,1366.58,10,12692.79,13665.8,973.01,43.97,929.04,7.32,29,Target Hit (3x ATR)
KPIL.NS,Kalpataru Projects International Limited,"Construction, Materials & Infra",2020-12-11,2020-12-18,299.3520202636719,289.50471276968494,44,13171.49,12738.21,-433.28,43.57,-476.85,-3.62,7,Trailing Stop Hit (20 EMA)
CUB.NS,City Union Bank Limited,Banking & Financial Services,2020-12-14,2020-12-18,132.754150390625,128.99032833916047,99,13142.66,12770.04,-372.62,43.56,-416.18,-3.17,4,Trailing Stop Hit (20 EMA)
GALLANTT.NS,Gallantt Ispat Limited,Information Technology,2020-12-16,2020-12-18,36.840240478515625,35.18000823173264,361,13299.33,12699.98,-599.35,43.67,-643.02,-4.83,2,Trailing Stop Hit (20 EMA)
OFSS.NS,Oracle Financial Services Software Limited,Information Technology,2020-12-08,2020-12-21,2355.93896484375,2345.431217516938,5,11779.69,11727.16,-52.53,40.87,-93.4,-0.79,13,Trailing Stop Hit (20 EMA)
ATUL.NS,Atul Limited,Chemicals & Fertilisers,2020-12-18,2020-12-21,6159.1044921875,5878.57,2,12318.21,11757.14,-561.07,41.55,-602.62,-4.89,3,Stop Loss Hit (2x ATR)
CUB.NS,City Union Bank Limited,Banking & Financial Services,2020-12-23,2020-12-28,129.38330078125,128.2398400225555,102,13197.1,13080.46,-116.64,43.95,-160.59,-1.22,5,Trailing Stop Hit (20 EMA)
KPRMILL.NS,K.P.R. Mill Limited,Diversified & Others,2020-12-22,2020-12-29,171.29495239257812,166.76014930408314,76,13018.42,12673.77,-344.65,43.32,-387.97,-2.98,7,Trailing Stop Hit (20 EMA)
GICRE.NS,General Insurance Corporation of India,Banking & Financial Services,2020-12-23,2020-12-30,122.64649200439453,120.95148891569386,107,13123.17,12941.81,-181.36,43.71,-225.07,-1.72,7,Trailing Stop Hit (20 EMA)
SUMICHEM.NS,Sumitomo Chemical India Limited,Chemicals & Fertilisers,2021-01-01,2021-01-04,299.6896667480469,327.75,44,13186.35,14421.0,1234.65,45.33,1189.32,9.02,3,Target Hit (3x ATR)
COFORGE.NS,Coforge Limited,Information Technology,2020-12-22,2021-01-05,479.04656982421875,537.61,27,12934.26,14515.47,1581.21,45.12,1536.09,11.88,14,Target Hit (3x ATR)
SAMMAANCAP.NS,Sammaan Capital Limited,Banking & Financial Services,2020-12-23,2021-01-07,170.50404357910156,200.0,77,13128.81,15400.0,2271.19,46.29,2224.9,16.95,15,Target Hit (3x ATR)
GALLANTT.NS,Gallantt Ispat Limited,Information Technology,2020-12-23,2021-01-08,37.28829574584961,44.44,354,13200.06,15731.76,2531.7,46.71,2484.99,18.83,16,Target Hit (3x ATR)
GLAXO.NS,GlaxoSmithKline Pharmaceuticals Limited,Healthcare & Pharmaceuticals,2020-12-28,2021-01-08,1384.1866455078125,1349.2169361209574,9,12457.68,12142.95,-314.73,42.11,-356.84,-2.86,11,Trailing Stop Hit (20 EMA)
UNIONBANK.NS,Union Bank of India,Banking & Financial Services,2020-12-29,2021-01-11,26.760406494140625,26.222781333068134,497,13299.92,13032.72,-267.2,44.02,-311.22,-2.34,13,Trailing Stop Hit (20 EMA)
ANANTRAJ.NS,Anant Raj Limited,"Construction, Materials & Infra",2020-12-28,2021-01-12,26.156042098999023,30.99,510,13339.58,15804.9,2465.32,46.95,2418.37,18.13,15,Target Hit (3x ATR)
CUB.NS,City Union Bank Limited,Banking & Financial Services,2021-01-05,2021-01-12,130.9970245361328,129.80850487149357,104,13623.69,13500.08,-123.61,44.87,-168.48,-1.24,7,Trailing Stop Hit (20 EMA)
PGEL.NS,PG Electroplast Limited,Consumer Goods & Retail,2021-01-08,2021-01-12,15.26329231262207,14.504788800696643,910,13889.6,13199.36,-690.24,44.89,-735.13,-5.29,4,Trailing Stop Hit (20 EMA)
ASAHIINDIA.NS,Asahi India Glass Limited,Automobile & Auto Components,2020-12-24,2021-01-13,268.824951171875,271.7673832616739,49,13172.42,13316.6,144.18,44.17,100.01,0.76,20,Trailing Stop Hit (20 EMA)
ECLERX.NS,eClerx Services Limited,Services & Logistics,2020-12-23,2021-01-14,288.7350158691406,328.06412842242844,45,12993.08,14762.89,1769.81,45.45,1724.36,13.27,22,Target Hit (3x ATR)
JINDALSAW.NS,Jindal Saw Limited,Information Technology,2020-12-28,2021-01-15,36.146148681640625,36.18856878783724,369,13337.93,13353.58,15.65,44.4,-28.75,-0.22,18,Trailing Stop Hit (20 EMA)
MOTILALOFS.NS,Motilal Oswal Financial Services Limited,Banking & Financial Services,2021-01-07,2021-01-15,623.3084106445312,608.3655032687166,22,13712.79,13384.04,-328.75,44.88,-373.63,-2.72,8,Trailing Stop Hit (20 EMA)
ITI.NS,ITI Limited,Information Technology,2021-01-12,2021-01-15,129.3000030517578,128.34325346509294,107,13835.1,13732.73,-102.37,45.4,-147.77,-1.07,3,Trailing Stop Hit (20 EMA)
ARE&M.NS,Amara Raja Energy & Mobility Limited,Automobile & Auto Components,2021-01-04,2021-01-18,906.4938354492188,908.8506745113378,14,12690.91,12723.91,33.0,42.98,-9.98,-0.08,14,Trailing Stop Hit (20 EMA)
UNIONBANK.NS,Union Bank of India,Banking & Financial Services,2021-01-12,2021-01-18,27.68317985534668,26.705016930938175,503,13924.64,13432.62,-492.02,45.17,-537.19,-3.86,6,Trailing Stop Hit (20 EMA)
POLYMED.NS,Poly Medicure Limited,Healthcare & Pharmaceuticals,2021-01-14,2021-01-18,529.3027954101562,508.5940837272028,26,13761.87,13223.45,-538.42,44.76,-583.18,-4.24,4,Trailing Stop Hit (20 EMA)
WOCKPHARMA.NS,Wockhardt Limited,Healthcare & Pharmaceuticals,2021-01-14,2021-01-18,489.76995849609375,469.2668353712701,28,13713.56,13139.47,-574.09,44.63,-618.72,-4.51,4,Trailing Stop Hit (20 EMA)
INDIANB.NS,Indian Bank,Banking & Financial Services,2021-01-12,2021-01-21,78.55355072021484,76.55404882478518,177,13903.98,13550.07,-353.91,45.27,-399.18,-2.87,9,Trailing Stop Hit (20 EMA)
BANKINDIA.NS,Bank of India,Banking & Financial Services,2021-01-12,2021-01-22,45.8804931640625,44.08390821296647,303,13901.79,13357.42,-544.37,45.08,-589.45,-4.24,10,Trailing Stop Hit (20 EMA)
GALLANTT.NS,Gallantt Ispat Limited,Information Technology,2021-01-19,2021-01-25,44.50699234008789,41.52482477995965,308,13708.15,12789.65,-918.5,44.27,-962.77,-7.02,6,Trailing Stop Hit (20 EMA)
JSWDULUX.NS,JSW Dulux Limited,Consumer Goods & Retail,2021-01-20,2021-01-27,2004.4862060546875,1938.425015431711,6,12026.92,11630.55,-396.37,41.07,-437.44,-3.64,7,Trailing Stop Hit (20 EMA)
MINDACORP.NS,Minda Corporation Limited,Automobile & Auto Components,2021-01-22,2021-01-27,90.24871826171875,85.02046540604755,151,13627.56,12838.09,-789.47,44.2,-833.67,-6.12,5,Trailing Stop Hit (20 EMA)
INDIANB.NS,Indian Bank,Banking & Financial Services,2021-01-22,2021-01-27,77.82581329345703,76.68741092563621,175,13619.52,13420.3,-199.22,44.79,-244.01,-1.79,5,Trailing Stop Hit (20 EMA)
DMART.NS,Avenue Supermarts Limited,Consumer Goods & Retail,2021-01-22,2021-01-27,2862.75,2805.1824957630583,4,11451.0,11220.73,-230.27,39.95,-270.22,-2.36,5,Trailing Stop Hit (20 EMA)
LAURUSLABS.NS,Laurus Labs Limited,Healthcare & Pharmaceuticals,2021-01-14,2021-01-28,360.2674865722656,353.3173391741728,38,13690.16,13426.06,-264.1,44.9,-309.0,-2.26,14,Trailing Stop Hit (20 EMA)
AXISBANK.NS,Axis Bank Limited,Banking & Financial Services,2021-01-28,2021-02-01,667.3965454101562,651.9298261847574,20,13347.93,13038.6,-309.33,44.09,-353.42,-2.65,4,Trailing Stop Hit (20 EMA)
KPRMILL.NS,K.P.R. Mill Limited,Diversified & Others,2021-01-28,2021-02-01,180.90919494628906,176.33138834328318,74,13387.28,13048.52,-338.76,44.15,-382.91,-2.86,4,Trailing Stop Hit (20 EMA)
ACE.NS,Action Construction Equipment Limited,Information Technology,2021-02-01,2021-02-03,139.66543579101562,161.95,96,13407.88,15547.2,2139.32,46.77,2092.55,15.61,2,Target Hit (3x ATR)
ADANIENSOL.NS,Adani Energy Solutions Limited,"Energy, Power & Utilities",2021-01-20,2021-02-04,455.20001220703125,514.98,30,13656.0,15449.4,1793.4,46.98,1746.42,12.79,15,Target Hit (3x ATR)
UNIONBANK.NS,Union Bank of India,Banking & Financial Services,2021-02-01,2021-02-05,27.095956802368164,29.99,495,13412.5,14845.05,1432.55,46.03,1386.52,10.34,4,Target Hit (3x ATR)
BANKINDIA.NS,Bank of India,Banking & Financial Services,2021-02-01,2021-02-05,45.49744415283203,51.75,294,13376.25,15214.5,1838.25,46.38,1791.87,13.4,4,Target Hit (3x ATR)
CANBK.NS,Canara Bank,Banking & Financial Services,2021-02-01,2021-02-05,24.07915687561035,28.21788980102689,557,13412.09,15717.36,2305.27,46.95,2258.32,16.84,4,Target Hit (3x ATR)
WELSPUNLIV.NS,Welspun Living Limited,Diversified & Others,2021-02-03,2021-02-05,70.9653091430664,67.82563562435838,195,13838.24,13226.0,-612.24,44.87,-657.11,-4.75,2,Trailing Stop Hit (20 EMA)
AUBANK.NS,AU Small Finance Bank Limited,Banking & Financial Services,2021-02-01,2021-02-08,467.9779052734375,518.81,28,13103.38,14526.68,1423.3,45.34,1377.96,10.52,7,Target Hit (3x ATR)
HEG.NS,HEG Limited,Information Technology,2021-02-01,2021-02-08,194.41876220703125,220.31,68,13220.48,14981.08,1760.6,45.93,1714.67,12.97,7,Target Hit (3x ATR)
NATCOPHARM.NS,Natco Pharma Limited,Healthcare & Pharmaceuticals,2021-02-05,2021-02-09,876.592529296875,873.5579672202774,16,14025.48,13976.93,-48.55,45.88,-94.43,-0.67,4,Trailing Stop Hit (20 EMA)
JKCEMENT.NS,JK Cement Limited,"Construction, Materials & Infra",2021-02-01,2021-02-10,2109.011962890625,2363.32,6,12654.07,14179.92,1525.85,44.45,1481.4,11.71,9,Target Hit (3x ATR)
MOTHERSON.NS,Samvardhana Motherson International Limited,Automobile & Auto Components,2021-02-08,2021-02-11,42.80250930786133,48.11,335,14338.84,16116.85,1778.01,48.47,1729.54,12.06,3,Target Hit (3x ATR)
MUTHOOTFIN.NS,Muthoot Finance Limited,Banking & Financial Services,2021-02-09,2021-02-11,1085.2838134765625,1191.32,13,14108.69,15487.16,1378.47,47.55,1330.92,9.43,2,Target Hit (3x ATR)
WOCKPHARMA.NS,Wockhardt Limited,Healthcare & Pharmaceuticals,2021-02-09,2021-02-12,478.93841552734375,469.4058186993686,29,13889.21,13612.77,-276.44,45.31,-321.75,-2.32,3,Trailing Stop Hit (20 EMA)
ARE&M.NS,Amara Raja Energy & Mobility Limited,Automobile & Auto Components,2021-02-08,2021-02-15,917.4758911132812,898.2806312128943,15,13762.14,13474.21,-287.93,45.02,-332.95,-2.42,7,Trailing Stop Hit (20 EMA)
GRAVITA.NS,Gravita India Limited,Metals & Mining,2021-02-09,2021-02-15,75.9137191772461,75.12304707349382,188,14271.78,14123.13,-148.65,46.3,-194.95,-1.37,6,Trailing Stop Hit (20 EMA)
ASAHIINDIA.NS,Asahi India Glass Limited,Automobile & Auto Components,2021-02-01,2021-02-16,276.0679016113281,278.3836682584204,48,13251.26,13362.42,111.16,44.3,66.86,0.5,15,Trailing Stop Hit (20 EMA)
ADANIPOWER.NS,Adani Power Limited,"Energy, Power & Utilities",2021-02-11,2021-02-17,10.760000228881836,10.676338547474348,1359,14622.84,14509.14,-113.7,47.11,-160.81,-1.1,6,Trailing Stop Hit (20 EMA)
TATACOMM.NS,Tata Communications Limited,Information Technology,2021-02-16,2021-02-19,971.5238647460938,956.274330917094,15,14572.86,14344.11,-228.75,46.89,-275.64,-1.89,3,Trailing Stop Hit (20 EMA)
BLS.NS,BLS International Services Limited,Consumer Goods & Retail,2021-02-16,2021-02-19,25.58709144592285,25.370489198317642,572,14635.82,14511.92,-123.9,47.14,-171.04,-1.17,3,Trailing Stop Hit (20 EMA)
ITI.NS,ITI Limited,Information Technology,2021-02-17,2021-02-19,134.4499969482422,126.06879514381251,108,14520.6,13615.43,-905.17,46.07,-951.24,-6.55,2,Trailing Stop Hit (20 EMA)
LICHSGFIN.NS,LIC Housing Finance Limited,Banking & Financial Services,2021-02-01,2021-02-22,387.33905029296875,396.70175720705083,34,13169.53,13487.86,318.33,44.34,273.99,2.08,21,Trailing Stop Hit (20 EMA)
J&KBANK.NS,The Jammu & Kashmir Bank Limited,Banking & Financial Services,2021-02-17,2021-02-22,28.752811431884766,27.981447101627378,508,14606.43,14214.58,-391.85,46.79,-438.64,-3.0,5,Trailing Stop Hit (20 EMA)
WELSPUNLIV.NS,Welspun Living Limited,Diversified & Others,2021-02-18,2021-02-22,69.24641418457031,67.14701975083935,210,14541.75,14100.87,-440.88,46.6,-487.48,-3.35,4,Trailing Stop Hit (20 EMA)
KPRMILL.NS,K.P.R. Mill Limited,Diversified & Others,2021-02-18,2021-02-22,183.6773223876953,179.68471569148778,79,14510.51,14195.09,-315.42,46.67,-362.09,-2.5,4,Trailing Stop Hit (20 EMA)
MMTC.NS,MMTC Limited,Services & Logistics,2021-02-18,2021-02-23,30.200000762939453,34.8,482,14556.4,16773.6,2217.2,49.39,2167.81,14.89,5,Target Hit (3x ATR)
LTFOODS.NS,LT Foods Limited,Consumer Goods & Retail,2021-02-19,2021-02-23,50.74688720703125,49.30929749837207,284,14412.12,14003.84,-408.28,46.35,-454.63,-3.15,4,Trailing Stop Hit (20 EMA)
JINDALSAW.NS,Jindal Saw Limited,Information Technology,2021-02-23,2021-02-25,33.87833786010742,37.92,429,14533.81,16267.68,1733.87,48.84,1685.03,11.59,2,Target Hit (3x ATR)
ERIS.NS,Eris Lifesciences Limited,Healthcare & Pharmaceuticals,2021-02-24,2021-02-26,581.4312133789062,569.1987796862873,24,13954.35,13660.77,-293.58,45.45,-339.03,-2.43,2,Trailing Stop Hit (20 EMA)
USHAMART.NS,Usha Martin Limited,Information Technology,2021-02-24,2021-02-26,30.62849998474121,29.588648951711967,474,14517.91,14025.02,-492.89,46.51,-539.4,-3.72,2,Trailing Stop Hit (20 EMA)
GALLANTT.NS,Gallantt Ispat Limited,Information Technology,2021-02-11,2021-03-01,44.20828628540039,52.38,330,14588.73,17285.4,2696.67,49.97,2646.7,18.14,18,Target Hit (3x ATR)
MOTILALOFS.NS,Motilal Oswal Financial Services Limited,Banking & Financial Services,2021-02-25,2021-03-01,595.8815307617188,585.2234209074483,24,14301.16,14045.36,-255.8,46.27,-302.07,-2.11,4,Trailing Stop Hit (20 EMA)
WELSPUNLIV.NS,Welspun Living Limited,Diversified & Others,2021-02-25,2021-03-01,70.57241821289062,67.37164920518467,207,14608.49,13945.93,-662.56,46.52,-709.08,-4.85,4,Trailing Stop Hit (20 EMA)
WOCKPHARMA.NS,Wockhardt Limited,Healthcare & Pharmaceuticals,2021-02-26,2021-03-02,462.25323486328125,459.27952057287564,31,14329.85,14237.67,-92.18,46.5,-138.68,-0.97,4,Trailing Stop Hit (20 EMA)
BLS.NS,BLS International Services Limited,Consumer Goods & Retail,2021-02-26,2021-03-02,26.23501968383789,25.30181518201542,554,14534.2,14017.21,-516.99,46.51,-563.5,-3.88,4,Trailing Stop Hit (20 EMA)
LTFOODS.NS,LT Foods Limited,Consumer Goods & Retail,2021-02-26,2021-03-03,50.507286071777344,55.92,287,14495.59,16049.04,1553.45,48.58,1504.87,10.38,5,Target Hit (3x ATR)
CREDITACC.NS,CREDITACCESS GRAMEEN LIMITED,Banking & Financial Services,2021-03-02,2021-03-05,713.1946411132812,705.72399416074,20,14263.89,14114.48,-149.41,46.28,-195.69,-1.37,3,Trailing Stop Hit (20 EMA)
JSL.NS,Jindal Stainless Limited,Metals & Mining,2021-03-03,2021-03-05,75.98604583740234,72.12150763568795,194,14741.29,13991.57,-749.72,46.73,-796.45,-5.4,2,Trailing Stop Hit (20 EMA)
SOBHA.NS,Sobha Limited,"Construction, Materials & Infra",2021-03-03,2021-03-05,451.4450988769531,443.6150698455839,32,14446.24,14195.68,-250.56,46.6,-297.16,-2.06,2,Trailing Stop Hit (20 EMA)
MOTILALOFS.NS,Motilal Oswal Financial Services Limited,Banking & Financial Services,2021-03-03,2021-03-08,611.2872314453125,661.15,24,14670.89,15867.6,1196.71,48.6,1148.11,7.83,5,Target Hit (3x ATR)
EIHOTEL.NS,EIH Limited,Consumer Goods & Retail,2021-03-03,2021-03-08,101.95556640625,111.09,145,14783.56,16108.05,1324.49,48.98,1275.51,8.63,5,Target Hit (3x ATR)
ECLERX.NS,eClerx Services Limited,Services & Logistics,2021-03-03,2021-03-09,328.5960693359375,320.7564576363397,45,14786.82,14434.04,-352.78,47.24,-400.02,-2.71,6,Trailing Stop Hit (20 EMA)
FEDERALBNK.NS,The Federal Bank  Limited,Banking & Financial Services,2021-03-03,2021-03-09,83.9253921508789,80.22743591486528,176,14770.87,14120.03,-650.84,46.9,-697.74,-4.72,6,Trailing Stop Hit (20 EMA)
BLS.NS,BLS International Services Limited,Consumer Goods & Retail,2021-03-08,2021-03-10,26.186120986938477,29.829191582834618,569,14899.9,16972.81,2072.91,49.99,2022.92,13.58,2,Target Hit (3x ATR)
OFSS.NS,Oracle Financial Services Software Limited,Information Technology,2021-03-01,2021-03-12,2382.157470703125,2397.912877379138,6,14292.94,14387.48,94.54,46.6,47.94,0.34,11,Trailing Stop Hit (20 EMA)
WELSPUNLIV.NS,Welspun Living Limited,Diversified & Others,2021-03-03,2021-03-12,69.39374542236328,78.21,213,14780.87,16658.73,1877.86,49.54,1828.32,12.37,9,Target Hit (3x ATR)
USHAMART.NS,Usha Martin Limited,Information Technology,2021-03-05,2021-03-15,33.68181228637695,30.59018097355571,438,14752.63,13398.5,-1354.13,46.12,-1400.25,-9.49,10,Trailing Stop Hit (20 EMA)
FLUOROCHEM.NS,Gujarat Fluorochemicals Limited,Chemicals & Fertilisers,2021-02-25,2021-03-17,576.4353637695312,586.5873112089985,25,14410.88,14664.68,253.8,47.03,206.77,1.43,20,Trailing Stop Hit (20 EMA)
ACE.NS,Action Construction Equipment Limited,Information Technology,2021-03-05,2021-03-18,156.5736083984375,159.3884802631972,94,14717.92,14982.52,264.6,47.72,216.88,1.47,13,Trailing Stop Hit (20 EMA)
ZYDUSWELL.NS,Zydus Wellness Limited,Consumer Goods & Retail,2021-03-16,2021-03-18,372.9195861816406,367.97014937514814,40,14916.78,14718.81,-197.97,47.69,-245.66,-1.65,2,Trailing Stop Hit (20 EMA)
SOBHA.NS,Sobha Limited,"Construction, Materials & Infra",2021-03-16,2021-03-18,452.12945556640625,443.7251633254753,33,14920.27,14642.93,-277.34,47.6,-324.94,-2.18,2,Trailing Stop Hit (20 EMA)
GALLANTT.NS,Gallantt Ispat Limited,Information Technology,2021-03-17,2021-03-19,48.191017150878906,45.70181304841198,309,14891.02,14121.86,-769.16,47.03,-816.19,-5.48,2,Trailing Stop Hit (20 EMA)
CGPOWER.NS,CG Power and Industrial Solutions Limited,Information Technology,2021-03-19,2021-03-25,58.233360290527344,68.16118250387638,254,14791.27,17312.94,2521.67,50.23,2471.44,16.71,6,Target Hit (3x ATR)
ADANIENSOL.NS,Adani Energy Solutions Limited,"Energy, Power & Utilities",2021-03-22,2021-04-01,792.1500244140625,936.9,18,14258.7,16864.2,2605.5,49.13,2556.37,17.93,10,Target Hit (3x ATR)
OFSS.NS,Oracle Financial Services Software Limited,Information Technology,2021-03-30,2021-04-01,2536.296142578125,2414.0325531292906,5,12681.48,12070.16,-611.32,42.3,-653.62,-5.15,2,Trailing Stop Hit (20 EMA)
AUBANK.NS,AU Small Finance Bank Limited,Banking & Financial Services,2021-03-30,2021-04-06,645.5913696289062,600.711103672615,23,14848.6,13816.36,-1032.24,46.68,-1078.92,-7.27,7,Trailing Stop Hit (20 EMA)
ASAHIINDIA.NS,Asahi India Glass Limited,Automobile & Auto Components,2021-03-31,2021-04-06,305.2366027832031,298.7583936000365,49,14956.59,14639.16,-317.43,47.64,-365.07,-2.44,6,Trailing Stop Hit (20 EMA)
HEG.NS,HEG Limited,Information Technology,2021-04-01,2021-04-06,293.2791442871094,341.65,51,14957.24,17424.15,2466.91,50.54,2416.37,16.16,5,Target Hit (3x ATR)
HEG.NS,HEG Limited,Information Technology,2021-04-06,2021-04-07,337.28314208984375,394.06,45,15177.74,17732.7,2554.96,51.14,2503.82,16.5,1,Target Hit (3x ATR)
IPCALAB.NS,IPCA Laboratories Limited,Healthcare & Pharmaceuticals,2021-04-06,2021-04-08,952.3018798828125,1030.79,15,14284.53,15461.85,1177.32,47.71,1129.61,7.91,2,Target Hit (3x ATR)
HINDZINC.NS,Hindustan Zinc Limited,Metals & Mining,2021-04-05,2021-04-12,194.22006225585938,191.75658229113637,77,14954.94,14765.26,-189.68,47.77,-237.45,-1.59,7,Trailing Stop Hit (20 EMA)
SOBHA.NS,Sobha Limited,"Construction, Materials & Infra",2021-04-06,2021-04-12,485.4684143066406,455.6176593697638,31,15049.52,14124.15,-925.37,47.24,-972.61,-6.46,6,Trailing Stop Hit (20 EMA)
WOCKPHARMA.NS,Wockhardt Limited,Healthcare & Pharmaceuticals,2021-04-06,2021-04-12,423.81280517578125,417.2093981243703,35,14833.45,14602.33,-231.12,47.46,-278.58,-1.88,6,Trailing Stop Hit (20 EMA)
CHOLAFIN.NS,Cholamandalam Investment and Finance Company Limited,Banking & Financial Services,2021-04-07,2021-04-12,571.8633422851562,538.8702578890949,27,15440.31,14549.5,-890.81,48.15,-938.96,-6.08,5,Trailing Stop Hit (20 EMA)
UNIONBANK.NS,Union Bank of India,Banking & Financial Services,2021-04-07,2021-04-12,30.870939254760742,30.122823895661575,501,15466.34,15091.53,-374.81,48.75,-423.56,-2.74,5,Trailing Stop Hit (20 EMA)
KPIL.NS,Kalpataru Projects International Limited,"Construction, Materials & Infra",2021-04-08,2021-04-12,374.6824035644531,354.4152726418816,41,15361.98,14531.03,-830.95,48.03,-878.98,-5.72,4,Trailing Stop Hit (20 EMA)
JINDALSAW.NS,Jindal Saw Limited,Information Technology,2021-04-08,2021-04-12,36.146148681640625,35.113270627051094,429,15506.7,15063.59,-443.11,48.77,-491.88,-3.17,4,Trailing Stop Hit (20 EMA)
HOMEFIRST.NS,Home First Finance Company India Limited,Banking & Financial Services,2021-04-08,2021-04-12,496.24212646484375,471.2842772921525,31,15383.51,14609.81,-773.7,48.14,-821.84,-5.34,4,Trailing Stop Hit (20 EMA)
MUTHOOTFIN.NS,Muthoot Finance Limited,Banking & Financial Services,2021-04-08,2021-04-12,1131.380615234375,1106.457245422429,13,14707.95,14383.94,-324.01,47.1,-371.11,-2.52,4,Trailing Stop Hit (20 EMA)
BANKINDIA.NS,Bank of India,Banking & Financial Services,2021-04-13,2021-04-16,60.86186981201172,59.15944489446735,247,15032.88,14612.38,-420.5,47.71,-468.21,-3.11,3,Trailing Stop Hit (20 EMA)
GLAXO.NS,GlaxoSmithKline Pharmaceuticals Limited,Healthcare & Pharmaceuticals,2021-04-09,2021-04-19,1236.320556640625,1233.688241329005,12,14835.85,14804.26,-31.59,47.68,-79.27,-0.53,10,Trailing Stop Hit (20 EMA)
GALLANTT.NS,Gallantt Ispat Limited,Information Technology,2021-04-16,2021-04-20,49.83388900756836,48.123688579522955,303,15099.67,14581.48,-518.19,47.76,-565.95,-3.75,4,Trailing Stop Hit (20 EMA)
COFORGE.NS,Coforge Limited,Information Technology,2021-04-15,2021-04-22,569.09033203125,557.3803797423747,26,14796.35,14491.89,-304.46,47.31,-351.77,-2.38,7,Trailing Stop Hit (20 EMA)
TATACOMM.NS,Tata Communications Limited,Information Technology,2021-04-20,2021-04-23,1042.759765625,1034.2895495485996,14,14598.64,14480.05,-118.59,47.06,-165.65,-1.13,3,Trailing Stop Hit (20 EMA)
CASTROLIND.NS,Castrol India Limited,"Energy, Power & Utilities",2021-04-23,2021-04-27,92.9011459350586,100.53,160,14864.18,16084.8,1220.62,49.04,1171.58,7.88,4,Target Hit (3x ATR)
MUTHOOTFIN.NS,Muthoot Finance Limited,Banking & Financial Services,2021-04-23,2021-04-27,1117.8958740234375,1094.4391221689982,13,14532.65,14227.71,-304.94,46.72,-351.66,-2.42,4,Trailing Stop Hit (20 EMA)
ABB.NS,ABB India Limited,Information Technology,2021-04-27,2021-04-29,1337.956787109375,1338.4617444038934,11,14717.52,14723.08,5.56,47.46,-41.9,-0.28,2,Trailing Stop Hit (20 EMA)
MMTC.NS,MMTC Limited,Services & Logistics,2021-04-27,2021-04-29,42.20000076293945,41.195843397848186,356,15023.2,14665.72,-357.48,47.77,-405.25,-2.7,2,Trailing Stop Hit (20 EMA)
BLS.NS,BLS International Services Limited,Consumer Goods & Retail,2021-04-27,2021-04-29,22.43302345275879,22.51224065741105,671,15052.56,15105.71,53.15,48.27,4.88,0.03,2,Trailing Stop Hit (20 EMA)
KPIL.NS,Kalpataru Projects International Limited,"Construction, Materials & Infra",2021-04-27,2021-04-30,354.8876953125,350.29009193110966,42,14905.28,14712.18,-193.1,47.67,-240.77,-1.62,3,Trailing Stop Hit (20 EMA)
CREDITACC.NS,CREDITACCESS GRAMEEN LIMITED,Banking & Financial Services,2021-04-28,2021-04-30,601.6293334960938,595.5772956359582,25,15040.73,14889.43,-151.3,48.02,-199.32,-1.33,2,Trailing Stop Hit (20 EMA)
HINDZINC.NS,Hindustan Zinc Limited,Metals & Mining,2021-04-22,2021-05-03,197.4870147705078,195.47038429738745,75,14811.53,14660.28,-151.25,47.5,-198.75,-1.34,11,Trailing Stop Hit (20 EMA)
CUB.NS,City Union Bank Limited,Banking & Financial Services,2021-04-23,2021-05-03,118.76869201660156,116.22262926545905,125,14846.09,14527.83,-318.26,47.41,-365.67,-2.46,10,Trailing Stop Hit (20 EMA)
ANANTRAJ.NS,Anant Raj Limited,"Construction, Materials & Infra",2021-04-30,2021-05-04,52.21319580078125,50.966193715822236,286,14932.97,14576.33,-356.64,47.55,-404.19,-2.71,4,Trailing Stop Hit (20 EMA)
MOTILALOFS.NS,Motilal Oswal Financial Services Limited,Banking & Financial Services,2021-04-29,2021-05-06,609.7369995117188,667.94,24,14633.69,16030.56,1396.87,48.72,1348.15,9.21,7,Target Hit (3x ATR)
ASAHIINDIA.NS,Asahi India Glass Limited,Automobile & Auto Components,2021-05-04,2021-05-06,304.4482421875,299.47181538370836,48,14613.52,14374.65,-238.87,46.96,-285.83,-1.96,2,Trailing Stop Hit (20 EMA)
GICRE.NS,General Insurance Corporation of India,Banking & Financial Services,2021-05-04,2021-05-06,181.2563018798828,177.73986572234764,82,14863.02,14574.67,-288.35,47.46,-335.81,-2.26,2,Trailing Stop Hit (20 EMA)
UNIONBANK.NS,Union Bank of India,Banking & Financial Services,2021-05-04,2021-05-07,29.864276885986328,29.17526828750386,498,14872.41,14529.28,-343.13,47.43,-390.56,-2.63,3,Trailing Stop Hit (20 EMA)
BANKINDIA.NS,Bank of India,Banking & Financial Services,2021-05-04,2021-05-07,58.35079574584961,57.73206763092202,254,14821.1,14663.95,-157.15,47.51,-204.66,-1.38,3,Trailing Stop Hit (20 EMA)
PNB.NS,Punjab National Bank,Banking & Financial Services,2021-05-04,2021-05-10,33.76622772216797,32.36028565742314,440,14857.14,14238.53,-618.61,47.12,-665.73,-4.48,6,Trailing Stop Hit (20 EMA)
MMTC.NS,MMTC Limited,Services & Logistics,2021-05-03,2021-05-11,42.75,50.52,348,14877.0,17580.96,2703.96,50.61,2653.35,17.84,8,Target Hit (3x ATR)
INDIANB.NS,Indian Bank,Banking & Financial Services,2021-05-04,2021-05-12,97.43209838867188,113.0,152,14809.68,17176.0,2366.32,50.12,2316.2,15.64,8,Target Hit (3x ATR)
BLS.NS,BLS International Services Limited,Consumer Goods & Retail,2021-05-06,2021-05-14,23.36212921142578,22.5946685158708,638,14905.04,14415.4,-489.64,47.37,-537.01,-3.6,8,Trailing Stop Hit (20 EMA)
JWL.NS,Jupiter Wagons Limited,Information Technology,2021-05-12,2021-05-18,17.32432746887207,20.0048828125,890,15418.65,17804.35,2385.7,51.5,2334.2,15.14,6,Target Hit (3x ATR)
HINDZINC.NS,Hindustan Zinc Limited,Metals & Mining,2021-05-07,2021-05-19,202.4527587890625,229.35,73,14779.05,16742.55,1963.5,49.63,1913.87,12.95,12,Target Hit (3x ATR)
BANKBARODA.NS,Bank of Baroda,Banking & Financial Services,2021-05-04,2021-05-21,60.455345153808594,69.68,246,14872.01,17141.28,2269.27,50.15,2219.12,14.92,17,Target Hit (3x ATR)
GRAVITA.NS,Gravita India Limited,Metals & Mining,2021-05-07,2021-05-24,104.80297088623047,101.97707774221378,142,14882.02,14480.75,-401.27,47.39,-448.66,-3.01,17,Trailing Stop Hit (20 EMA)
KPIL.NS,Kalpataru Projects International Limited,"Construction, Materials & Infra",2021-05-07,2021-05-24,357.0609130859375,401.61,41,14639.5,16466.01,1826.51,49.18,1777.33,12.14,17,Target Hit (3x ATR)
ANANTRAJ.NS,Anant Raj Limited,"Construction, Materials & Infra",2021-05-19,2021-05-24,52.163753509521484,60.32206344604492,301,15701.29,18156.94,2455.65,52.21,2403.44,15.31,5,Target Hit (3x ATR)
ACE.NS,Action Construction Equipment Limited,Information Technology,2021-05-18,2021-05-25,151.53079223632812,171.7019539556765,103,15607.67,17685.3,2077.63,51.61,2026.02,12.98,7,Target Hit (3x ATR)
CHOLAFIN.NS,Cholamandalam Investment and Finance Company Limited,Banking & Financial Services,2021-05-20,2021-05-25,563.8994750976562,550.9765354124721,28,15789.19,15427.34,-361.85,49.49,-411.34,-2.61,5,Trailing Stop Hit (20 EMA)
IPCALAB.NS,IPCA Laboratories Limited,Healthcare & Pharmaceuticals,2021-05-11,2021-05-27,1061.637939453125,1060.8292307269885,14,14862.93,14851.61,-11.32,47.75,-59.07,-0.4,16,Trailing Stop Hit (20 EMA)
CANBK.NS,Canara Bank,Banking & Financial Services,2021-05-04,2021-05-28,23.926809310913086,27.5,621,14858.55,17077.5,2218.95,50.08,2168.87,14.6,24,Target Hit (3x ATR)
HEG.NS,HEG Limited,Information Technology,2021-05-24,2021-05-28,447.7845764160156,409.2440476709529,36,16120.24,14732.79,-1387.45,49.14,-1436.59,-8.91,4,Trailing Stop Hit (20 EMA)
IGL.NS,Indraprastha Gas Limited,"Energy, Power & Utilities",2021-05-27,2021-05-31,232.24591064453125,229.64206005581823,70,16257.21,16074.94,-182.27,50.7,-232.97,-1.43,4,Trailing Stop Hit (20 EMA)
POLYMED.NS,Poly Medicure Limited,Healthcare & Pharmaceuticals,2021-05-27,2021-05-31,1051.2967529296875,1007.8480613545391,15,15769.45,15117.72,-651.73,49.14,-700.87,-4.44,4,Trailing Stop Hit (20 EMA)
SUMICHEM.NS,Sumitomo Chemical India Limited,Chemicals & Fertilisers,2021-05-11,2021-06-02,301.5402526855469,330.64,50,15077.01,16532.0,1454.99,49.77,1405.22,9.32,22,Target Hit (3x ATR)
ASAHIINDIA.NS,Asahi India Glass Limited,Automobile & Auto Components,2021-05-24,2021-06-03,305.9756774902344,337.69,52,15910.74,17559.88,1649.14,51.83,1597.31,10.04,10,Target Hit (3x ATR)
SOBHA.NS,Sobha Limited,"Construction, Materials & Infra",2021-05-24,2021-06-03,464.9859924316406,522.89,34,15809.52,17778.26,1968.74,51.94,1916.8,12.12,10,Target Hit (3x ATR)
MFSL.NS,Max Financial Services Limited,Banking & Financial Services,2021-05-21,2021-06-07,902.75,987.09,17,15346.75,16780.53,1433.78,50.36,1383.42,9.01,17,Target Hit (3x ATR)
GLAXO.NS,GlaxoSmithKline Pharmaceuticals Limited,Healthcare & Pharmaceuticals,2021-05-27,2021-06-07,1286.5067138671875,1276.2126017389542,12,15438.08,15314.55,-123.53,48.94,-172.47,-1.12,11,Trailing Stop Hit (20 EMA)
TATACOMM.NS,Tata Communications Limited,Information Technology,2021-06-01,2021-06-07,1037.5394287109375,1132.75,15,15563.09,16991.25,1428.16,50.81,1377.35,8.85,6,Target Hit (3x ATR)
MAZDOCK.NS,Mazagon Dock Shipbuilders Limited,Information Technology,2021-06-03,2021-06-07,100.67139434814453,111.25,164,16510.11,18245.0,1734.89,53.25,1681.64,10.19,4,Target Hit (3x ATR)
ADANIPOWER.NS,Adani Power Limited,"Energy, Power & Utilities",2021-06-03,2021-06-07,20.149999618530273,22.63,823,16583.45,18624.49,2041.04,53.71,1987.33,11.98,4,Target Hit (3x ATR)
COFORGE.NS,Coforge Limited,Information Technology,2021-05-06,2021-06-09,634.7073974609375,722.94,23,14598.27,16627.62,2029.35,49.29,1980.06,13.56,34,Target Hit (3x ATR)
GICRE.NS,General Insurance Corporation of India,Banking & Financial Services,2021-06-03,2021-06-09,173.6587371826172,172.10797825109998,95,16497.58,16350.26,-147.32,51.27,-198.59,-1.2,6,Trailing Stop Hit (20 EMA)
GRAVITA.NS,Gravita India Limited,Metals & Mining,2021-06-07,2021-06-09,106.70936584472656,102.12353067969462,159,16966.79,16237.64,-729.15,51.71,-780.86,-4.6,2,Trailing Stop Hit (20 EMA)
ECLERX.NS,eClerx Services Limited,Services & Logistics,2021-05-28,2021-06-11,411.0276184082031,526.6048207860346,39,16030.08,20537.59,4507.51,55.05,4452.46,27.78,14,Target Hit (3x ATR)
GRAVITA.NS,Gravita India Limited,Metals & Mining,2021-06-11,2021-06-15,107.88253021240234,123.1,161,17369.09,19819.1,2450.01,55.91,2394.1,13.78,4,Target Hit (3x ATR)
CGPOWER.NS,CG Power and Industrial Solutions Limited,Information Technology,2021-06-14,2021-06-16,84.90512084960938,82.61538564625037,206,17490.45,17018.77,-471.68,53.15,-524.83,-3.0,2,Trailing Stop Hit (20 EMA)
JSL.NS,Jindal Stainless Limited,Metals & Mining,2021-06-10,2021-06-17,98.80144500732422,94.89538755300798,172,16993.85,16322.01,-671.84,51.81,-723.65,-4.26,7,Trailing Stop Hit (20 EMA)
OFSS.NS,Oracle Financial Services Software Limited,Information Technology,2021-06-11,2021-06-17,2947.14892578125,2854.5014324355225,5,14735.74,14272.51,-463.23,47.01,-510.24,-3.46,6,Trailing Stop Hit (20 EMA)
GALLANTT.NS,Gallantt Ispat Limited,Information Technology,2021-06-10,2021-06-18,63.02667999267578,62.66841298241486,270,17017.2,16920.47,-96.73,52.48,-149.21,-0.88,8,Trailing Stop Hit (20 EMA)
MOTILALOFS.NS,Motilal Oswal Financial Services Limited,Banking & Financial Services,2021-06-11,2021-06-18,781.6705932617188,759.6026347095645,22,17196.75,16711.26,-485.49,52.48,-537.97,-3.13,7,Trailing Stop Hit (20 EMA)
GICRE.NS,General Insurance Corporation of India,Banking & Financial Services,2021-06-16,2021-06-18,174.70069885253906,171.9681119830787,100,17470.07,17196.81,-273.26,53.31,-326.57,-1.87,2,Trailing Stop Hit (20 EMA)
BANKINDIA.NS,Bank of India,Banking & Financial Services,2021-06-21,2021-06-23,67.2885513305664,66.54836451173605,256,17225.87,17036.38,-189.49,52.86,-242.35,-1.41,2,Trailing Stop Hit (20 EMA)
HEG.NS,HEG Limited,Information Technology,2021-06-22,2021-06-24,419.95745849609375,407.29612924551935,41,17218.26,16699.14,-519.12,52.49,-571.61,-3.32,2,Trailing Stop Hit (20 EMA)
INDIANB.NS,Indian Bank,Banking & Financial Services,2021-06-21,2021-06-29,124.52985382080078,121.57606574683288,138,17185.12,16777.5,-407.62,52.54,-460.16,-2.68,8,Trailing Stop Hit (20 EMA)
CUB.NS,City Union Bank Limited,Banking & Financial Services,2021-06-23,2021-06-29,120.742431640625,121.13364463385889,142,17145.43,17200.98,55.55,52.93,2.62,0.02,6,Trailing Stop Hit (20 EMA)
MOTILALOFS.NS,Motilal Oswal Financial Services Limited,Banking & Financial Services,2021-07-02,2021-07-06,785.933837890625,866.81,21,16504.61,18203.01,1698.4,53.19,1645.21,9.97,4,Target Hit (3x ATR)
PGEL.NS,PG Electroplast Limited,Consumer Goods & Retail,2021-07-05,2021-07-07,42.797176361083984,41.9847275669172,404,17290.06,16961.83,-328.23,52.83,-381.06,-2.2,2,Trailing Stop Hit (20 EMA)
IGL.NS,Indraprastha Gas Limited,"Energy, Power & Utilities",2021-06-28,2021-07-08,239.54150390625,259.54,72,17246.99,18686.88,1439.89,54.59,1385.3,8.03,10,Target Hit (3x ATR)
KPRMILL.NS,K.P.R. Mill Limited,Diversified & Others,2021-07-05,2021-07-08,320.1749572753906,358.5616025667657,54,17289.45,19362.33,2072.88,55.33,2017.55,11.67,3,Target Hit (3x ATR)
PVRINOX.NS,PVR INOX Limited,Diversified & Others,2021-07-06,2021-07-08,1417.0999755859375,1374.2966557045193,12,17005.2,16491.56,-513.64,52.03,-565.67,-3.33,2,Trailing Stop Hit (20 EMA)
HOMEFIRST.NS,Home First Finance Company India Limited,Banking & Financial Services,2021-07-07,2021-07-09,536.7626953125,582.19,32,17176.41,18630.08,1453.67,54.44,1399.23,8.15,2,Target Hit (3x ATR)
ANANTRAJ.NS,Anant Raj Limited,"Construction, Materials & Infra",2021-07-05,2021-07-13,61.16262435913086,69.78,283,17309.02,19747.74,2438.72,55.76,2382.96,13.77,8,Target Hit (3x ATR)
OFSS.NS,Oracle Financial Services Software Limited,Information Technology,2021-07-06,2021-07-13,2988.448486328125,3220.07,5,14942.24,16100.35,1158.11,49.15,1108.96,7.42,7,Target Hit (3x ATR)
AUBANK.NS,AU Small Finance Bank Limited,Banking & Financial Services,2021-07-06,2021-07-15,553.8397216796875,615.81,31,17169.03,19090.11,1921.08,54.92,1866.16,10.87,9,Target Hit (3x ATR)
TRENT.NS,Trent Limited,Consumer Goods & Retail,2021-07-02,2021-07-16,895.2954711914062,884.7574115914709,19,17010.61,16810.39,-200.22,52.36,-252.58,-1.48,14,Trailing Stop Hit (20 EMA)
GABRIEL.NS,Gabriel India Limited,Automobile & Auto Components,2021-07-08,2021-07-19,120.3086929321289,118.47377513708804,146,17565.07,17297.17,-267.9,53.52,-321.42,-1.83,11,Trailing Stop Hit (20 EMA)
GLAXO.NS,GlaxoSmithKline Pharmaceuticals Limited,Healthcare & Pharmaceuticals,2021-07-14,2021-07-19,1318.482666015625,1398.11,13,17140.27,18175.43,1035.16,53.93,981.23,5.72,5,Target Hit (3x ATR)
LTFOODS.NS,LT Foods Limited,Consumer Goods & Retail,2021-07-05,2021-07-20,77.24644470214844,75.22623499762778,224,17303.2,16850.68,-452.52,52.74,-505.26,-2.92,15,Trailing Stop Hit (20 EMA)
MUTHOOTFIN.NS,Muthoot Finance Limited,Banking & Financial Services,2021-07-05,2021-07-20,1450.932861328125,1416.4337188088873,11,15960.26,15580.77,-379.49,49.83,-429.32,-2.69,15,Trailing Stop Hit (20 EMA)
MINDACORP.NS,Minda Corporation Limited,Automobile & Auto Components,2021-07-13,2021-07-20,134.66281127929688,130.29822427682856,133,17910.15,17329.66,-580.49,53.96,-634.45,-3.54,7,Trailing Stop Hit (20 EMA)
VOLTAS.NS,Voltas Limited,Consumer Goods & Retail,2021-07-13,2021-07-20,1004.7366943359375,1000.0375550269887,17,17080.52,17000.64,-79.88,52.63,-132.51,-0.78,7,Trailing Stop Hit (20 EMA)
HINDZINC.NS,Hindustan Zinc Limited,Metals & Mining,2021-07-15,2021-07-20,226.85687255859375,220.3307863127052,79,17921.69,17406.13,-515.56,54.06,-569.62,-3.18,5,Trailing Stop Hit (20 EMA)
WOCKPHARMA.NS,Wockhardt Limited,Healthcare & Pharmaceuticals,2021-07-16,2021-07-20,527.933837890625,517.492078757158,34,17949.75,17594.73,-355.02,54.27,-409.29,-2.28,4,Trailing Stop Hit (20 EMA)
TRENT.NS,Trent Limited,Consumer Goods & Retail,2021-07-22,2021-07-26,916.289794921875,883.6785271225676,19,17409.51,16789.89,-619.62,52.81,-672.43,-3.86,4,Trailing Stop Hit (20 EMA)
POLYMED.NS,Poly Medicure Limited,Healthcare & Pharmaceuticals,2021-07-23,2021-07-27,991.5909423828125,972.2278451521663,17,16857.05,16527.87,-329.18,51.88,-381.06,-2.26,4,Trailing Stop Hit (20 EMA)
J&KBANK.NS,The Jammu & Kashmir Bank Limited,Banking & Financial Services,2021-07-26,2021-07-28,38.0186653137207,36.41284828487277,468,17792.74,17041.21,-751.53,53.53,-805.06,-4.52,2,Trailing Stop Hit (20 EMA)
MMTC.NS,MMTC Limited,Services & Logistics,2021-07-27,2021-07-29,52.849998474121094,50.900001525878906,335,17704.75,17051.5,-653.25,53.44,-706.69,-3.99,2,Trailing Stop Hit (20 EMA)
PVRINOX.NS,PVR INOX Limited,Diversified & Others,2021-07-27,2021-07-29,1359.199951171875,1339.9000244140625,13,17669.6,17418.7,-250.9,53.77,-304.67,-1.72,2,Trailing Stop Hit (20 EMA)
UNIONBANK.NS,Union Bank of India,Banking & Financial Services,2021-07-29,2021-08-02,31.751768112182617,30.92178269725704,556,17653.98,17192.51,-461.47,53.51,-514.98,-2.92,4,Trailing Stop Hit (20 EMA)
PVRINOX.NS,PVR INOX Limited,Diversified & Others,2021-07-29,2021-08-03,1361.300048828125,1364.3854458545438,12,16335.6,16372.63,37.03,51.11,-14.08,-0.09,5,Trailing Stop Hit (20 EMA)
DMART.NS,Avenue Supermarts Limited,Consumer Goods & Retail,2021-07-20,2021-08-04,3397.300048828125,3597.94,5,16986.5,17989.7,1003.2,53.54,949.66,5.59,15,Target Hit (3x ATR)
ERIS.NS,Eris Lifesciences Limited,Healthcare & Pharmaceuticals,2021-07-29,2021-08-04,748.6570434570312,734.4012676482686,23,17219.11,16891.23,-327.88,52.68,-380.56,-2.21,6,Trailing Stop Hit (20 EMA)
ASAHIINDIA.NS,Asahi India Glass Limited,Automobile & Auto Components,2021-07-30,2021-08-04,377.41925048828125,359.1410313538969,46,17361.29,16520.49,-840.8,52.47,-893.27,-5.15,5,Trailing Stop Hit (20 EMA)
BANKINDIA.NS,Bank of India,Banking & Financial Services,2021-07-30,2021-08-04,63.330406188964844,62.99025848991702,279,17669.18,17574.28,-94.9,53.92,-148.82,-0.84,5,Trailing Stop Hit (20 EMA)
GALLANTT.NS,Gallantt Ispat Limited,Information Technology,2021-07-22,2021-08-05,83.33859252929688,80.06730037422695,213,17751.12,17054.33,-696.79,53.49,-750.28,-4.23,14,Trailing Stop Hit (20 EMA)
MFSL.NS,Max Financial Services Limited,Banking & Financial Services,2021-07-23,2021-08-05,1081.5,1087.4208362964835,16,17304.0,17398.73,94.73,53.32,41.41,0.24,13,Trailing Stop Hit (20 EMA)
KALYANKJIL.NS,Kalyan Jewellers India Limited,Consumer Goods & Retail,2021-08-03,2021-08-05,73.7007064819336,72.2128022547484,240,17688.17,17331.07,-357.1,53.7,-410.8,-2.32,2,Trailing Stop Hit (20 EMA)
ANANTRAJ.NS,Anant Raj Limited,"Construction, Materials & Infra",2021-08-03,2021-08-09,69.12315368652344,66.84745347613809,256,17695.53,17112.95,-582.58,53.49,-636.07,-3.59,6,Trailing Stop Hit (20 EMA)
TATACOMM.NS,Tata Communications Limited,Information Technology,2021-07-28,2021-08-10,1331.2982177734375,1328.232427009077,13,17306.88,17267.02,-39.86,53.19,-93.05,-0.54,13,Trailing Stop Hit (20 EMA)
CANBK.NS,Canara Bank,Banking & Financial Services,2021-07-30,2021-08-10,25.93269920349121,25.841580863202665,682,17686.1,17623.96,-62.14,54.0,-116.14,-0.66,11,Trailing Stop Hit (20 EMA)
IPCALAB.NS,IPCA Laboratories Limited,Healthcare & Pharmaceuticals,2021-08-05,2021-08-10,1048.2318115234375,1142.69,16,16771.71,18283.04,1511.33,53.59,1457.74,8.69,5,Target Hit (3x ATR)
ARE&M.NS,Amara Raja Energy & Mobility Limited,Automobile & Auto Components,2021-08-06,2021-08-10,696.1790161132812,688.2547093951172,25,17404.48,17206.37,-198.11,53.24,-251.35,-1.44,4,Trailing Stop Hit (20 EMA)
PVRINOX.NS,PVR INOX Limited,Diversified & Others,2021-08-09,2021-08-11,1403.0,1369.8548314867526,12,16836.0,16438.26,-397.74,51.77,-449.51,-2.67,2,Trailing Stop Hit (20 EMA)
NATCOPHARM.NS,Natco Pharma Limited,Healthcare & Pharmaceuticals,2021-08-12,2021-08-16,1003.1819458007812,953.6224580960799,17,17054.09,16211.58,-842.51,51.79,-894.3,-5.24,4,Trailing Stop Hit (20 EMA)
JWL.NS,Jupiter Wagons Limited,Information Technology,2021-08-12,2021-08-16,36.33641052246094,34.40045166015625,481,17477.81,16546.62,-931.19,52.64,-983.83,-5.63,4,Trailing Stop Hit (20 EMA)
JSWDULUX.NS,JSW Dulux Limited,Consumer Goods & Retail,2021-08-16,2021-08-18,1862.06787109375,1857.329045692583,9,16758.61,16715.96,-42.65,51.96,-94.61,-0.56,2,Trailing Stop Hit (20 EMA)
HINDZINC.NS,Hindustan Zinc Limited,Metals & Mining,2021-08-16,2021-08-18,216.17396545410156,206.79782733843018,80,17293.92,16543.83,-750.09,52.4,-802.49,-4.64,2,Trailing Stop Hit (20 EMA)
LAURUSLABS.NS,Laurus Labs Limited,Healthcare & Pharmaceuticals,2021-08-05,2021-08-20,661.44140625,668.0409526392782,26,17197.48,17369.06,171.58,53.17,118.41,0.69,15,Trailing Stop Hit (20 EMA)
ECLERX.NS,eClerx Services Limited,Services & Logistics,2021-08-16,2021-08-23,757.6260375976562,726.2348817632687,22,16667.77,15977.17,-690.6,51.09,-741.69,-4.45,7,Trailing Stop Hit (20 EMA)
BLS.NS,BLS International Services Limited,Consumer Goods & Retail,2021-08-23,2021-08-25,41.45524597167969,48.95,414,17162.47,20265.3,3102.83,56.11,3046.72,17.75,2,Target Hit (3x ATR)
ZYDUSWELL.NS,Zydus Wellness Limited,Consumer Goods & Retail,2021-08-23,2021-08-25,437.1357421875,436.57692465350715,39,17048.29,17026.5,-21.79,52.65,-74.44,-0.44,2,Trailing Stop Hit (20 EMA)
MOTILALOFS.NS,Motilal Oswal Financial Services Limited,Banking & Financial Services,2021-08-30,2021-09-01,805.3621215820312,795.5631260135403,21,16912.6,16706.83,-205.77,52.13,-257.9,-1.52,2,Trailing Stop Hit (20 EMA)
SOBHA.NS,Sobha Limited,"Construction, Materials & Infra",2021-08-30,2021-09-01,602.0369262695312,682.38,29,17459.07,19789.02,2329.95,55.98,2273.97,13.02,2,Target Hit (3x ATR)
ADANIPOWER.NS,Adani Power Limited,"Energy, Power & Utilities",2021-08-27,2021-09-02,17.8799991607666,21.709999084472656,970,17343.6,21058.7,3715.1,57.16,3657.94,21.09,6,Target Hit (3x ATR)
ANANTRAJ.NS,Anant Raj Limited,"Construction, Materials & Infra",2021-08-30,2021-09-02,65.16761016845703,62.2015493348805,268,17464.92,16670.02,-794.9,52.75,-847.65,-4.85,3,Trailing Stop Hit (20 EMA)
FLUOROCHEM.NS,Gujarat Fluorochemicals Limited,Chemicals & Fertilisers,2021-08-31,2021-09-02,1752.61474609375,1671.7705128482476,10,17526.15,16717.71,-808.44,52.88,-861.32,-4.91,2,Trailing Stop Hit (20 EMA)
SUMICHEM.NS,Sumitomo Chemical India Limited,Chemicals & Fertilisers,2021-08-30,2021-09-07,410.5533752441406,405.5328234189827,42,17243.24,17032.38,-210.86,52.87,-263.73,-1.53,8,Trailing Stop Hit (20 EMA)
GABRIEL.NS,Gabriel India Limited,Automobile & Auto Components,2021-08-30,2021-09-07,137.25086975097656,135.0060611464632,127,17430.86,17145.77,-285.09,53.21,-338.3,-1.94,8,Trailing Stop Hit (20 EMA)
J&KBANK.NS,The Jammu & Kashmir Bank Limited,Banking & Financial Services,2021-09-01,2021-09-07,34.818603515625,34.43238664960614,508,17687.85,17491.65,-196.2,53.87,-250.07,-1.41,6,Trailing Stop Hit (20 EMA)
MINDACORP.NS,Minda Corporation Limited,Automobile & Auto Components,2021-09-02,2021-09-07,128.421142578125,124.5353450536362,138,17722.12,17185.88,-536.24,53.6,-589.84,-3.33,5,Trailing Stop Hit (20 EMA)
EIHOTEL.NS,EIH Limited,Consumer Goods & Retail,2021-09-02,2021-09-07,105.25080871582031,103.74141310460432,168,17682.14,17428.56,-253.58,53.8,-307.38,-1.74,5,Trailing Stop Hit (20 EMA)
KPRMILL.NS,K.P.R. Mill Limited,Diversified & Others,2021-09-02,2021-09-09,376.1797790527344,422.28,47,17680.45,19847.16,2166.71,56.3,2110.41,11.94,7,Target Hit (3x ATR)
ACE.NS,Action Construction Equipment Limited,Information Technology,2021-08-31,2021-09-13,236.26698303222656,277.51,74,17483.76,20535.74,3051.98,56.77,2995.21,17.13,13,Target Hit (3x ATR)
CREDITACC.NS,CREDITACCESS GRAMEEN LIMITED,Banking & Financial Services,2021-08-26,2021-09-14,653.1209716796875,664.5101313752693,26,16981.15,17277.26,296.11,52.8,243.31,1.43,19,Trailing Stop Hit (20 EMA)
ERIS.NS,Eris Lifesciences Limited,Healthcare & Pharmaceuticals,2021-09-02,2021-09-16,740.9033203125,735.5368436537888,24,17781.68,17652.88,-128.8,54.14,-182.94,-1.03,14,Trailing Stop Hit (20 EMA)
JWL.NS,Jupiter Wagons Limited,Information Technology,2021-09-07,2021-09-16,33.35801315307617,33.119245176330224,528,17613.03,17486.96,-126.07,53.77,-179.84,-1.02,9,Trailing Stop Hit (20 EMA)
GRAVITA.NS,Gravita India Limited,Metals & Mining,2021-08-24,2021-09-17,194.06146240234375,194.46319590980494,89,17271.47,17307.22,35.75,53.18,-17.43,-0.1,24,Trailing Stop Hit (20 EMA)
USHAMART.NS,Usha Martin Limited,Information Technology,2021-09-13,2021-09-17,67.22048950195312,65.05747556498989,268,18015.09,17435.4,-579.69,54.21,-633.9,-3.52,4,Trailing Stop Hit (20 EMA)
LTFOODS.NS,LT Foods Limited,Consumer Goods & Retail,2021-09-15,2021-09-17,66.27283477783203,64.66599119515936,273,18092.48,17653.82,-438.66,54.5,-493.16,-2.73,2,Trailing Stop Hit (20 EMA)
WOCKPHARMA.NS,Wockhardt Limited,Healthcare & Pharmaceuticals,2021-09-15,2021-09-17,410.9532165527344,401.49378380216837,44,18081.94,17665.73,-416.21,54.51,-470.72,-2.6,2,Trailing Stop Hit (20 EMA)
UNIONBANK.NS,Union Bank of India,Banking & Financial Services,2021-09-15,2021-09-17,29.2351131439209,31.28,620,18125.77,19393.6,1267.83,56.36,1211.47,6.68,2,Target Hit (3x ATR)
GABRIEL.NS,Gabriel India Limited,Automobile & Auto Components,2021-09-15,2021-09-20,139.3094024658203,136.39022599343184,130,18110.22,17730.73,-379.49,54.62,-434.11,-2.4,5,Trailing Stop Hit (20 EMA)
ECLERX.NS,eClerx Services Limited,Services & Logistics,2021-09-14,2021-09-21,744.06201171875,750.1476381322527,24,17857.49,18003.54,146.05,54.59,91.46,0.51,7,Trailing Stop Hit (20 EMA)
HOMEFIRST.NS,Home First Finance Company India Limited,Banking & Financial Services,2021-09-17,2021-09-21,565.7622680664062,543.6556087978232,31,17538.63,16853.32,-685.31,53.02,-738.33,-4.21,4,Trailing Stop Hit (20 EMA)
MOTILALOFS.NS,Motilal Oswal Financial Services Limited,Banking & Financial Services,2021-09-17,2021-09-21,793.9138793945312,784.1025523489149,22,17466.11,17250.26,-215.85,53.36,-269.21,-1.54,4,Trailing Stop Hit (20 EMA)
HINDUNILVR.NS,Hindustan Unilever Limited,Consumer Goods & Retail,2021-09-20,2021-09-24,2567.732421875,2507.122355440186,6,15406.39,15042.73,-363.66,48.63,-412.29,-2.68,4,Trailing Stop Hit (20 EMA)
GALLANTT.NS,Gallantt Ispat Limited,Information Technology,2021-09-21,2021-09-24,72.53544616699219,71.01454351613498,245,17771.18,17398.56,-372.62,53.88,-426.5,-2.4,3,Trailing Stop Hit (20 EMA)
MUTHOOTFIN.NS,Muthoot Finance Limited,Banking & Financial Services,2021-09-22,2021-09-24,1436.8758544921875,1413.2031205433043,12,17242.51,16958.44,-284.07,52.78,-336.85,-1.95,2,Trailing Stop Hit (20 EMA)
ANANTRAJ.NS,Anant Raj Limited,"Construction, Materials & Infra",2021-09-21,2021-09-28,64.9203872680664,75.2,274,17788.19,20604.8,2816.61,57.2,2759.41,15.51,7,Target Hit (3x ATR)
ASAHIINDIA.NS,Asahi India Glass Limited,Automobile & Auto Components,2021-09-28,2021-09-30,363.8492736816406,352.78158636541633,49,17828.61,17286.3,-542.31,53.82,-596.13,-3.34,2,Trailing Stop Hit (20 EMA)
MMTC.NS,MMTC Limited,Services & Logistics,2021-09-29,2021-10-01,45.25,44.69880438163843,399,18054.75,17834.82,-219.93,54.65,-274.58,-1.52,2,Trailing Stop Hit (20 EMA)
HEG.NS,HEG Limited,Information Technology,2021-09-29,2021-10-01,429.617919921875,413.7661867879244,42,18043.95,17378.18,-665.77,54.18,-719.95,-3.99,2,Trailing Stop Hit (20 EMA)
GRAPHITE.NS,Graphite India Limited,Information Technology,2021-09-29,2021-10-01,567.7658081054688,545.575377793381,31,17600.74,16912.84,-687.9,53.15,-741.05,-4.21,2,Trailing Stop Hit (20 EMA)
SOBHA.NS,Sobha Limited,"Construction, Materials & Infra",2021-09-22,2021-10-06,738.69140625,747.635744899996,24,17728.59,17943.26,214.67,54.38,160.29,0.9,14,Trailing Stop Hit (20 EMA)
ATUL.NS,Atul Limited,Chemicals & Fertilisers,2021-10-01,2021-10-06,9558.5947265625,10236.69,1,9558.59,10236.69,678.1,36.69,641.41,6.71,5,Target Hit (3x ATR)
GRAPHITE.NS,Graphite India Limited,Information Technology,2021-10-04,2021-10-06,562.5819702148438,560.8105086298123,32,18002.62,17945.94,-56.68,54.7,-111.38,-0.62,2,Trailing Stop Hit (20 EMA)
DIVISLAB.NS,Divi's Laboratories Limited,Healthcare & Pharmaceuticals,2021-10-04,2021-10-08,5064.1494140625,4897.871021585789,3,15192.45,14693.61,-498.84,47.99,-546.83,-3.6,4,Trailing Stop Hit (20 EMA)
GALLANTT.NS,Gallantt Ispat Limited,Information Technology,2021-09-28,2021-10-11,73.58091735839844,73.50267389626676,243,17880.16,17861.15,-19.01,54.47,-73.48,-0.41,13,Trailing Stop Hit (20 EMA)
INDIANB.NS,Indian Bank,Banking & Financial Services,2021-09-28,2021-10-11,113.23031616210938,126.63,158,17890.39,20007.54,2117.15,56.7,2060.45,11.52,13,Target Hit (3x ATR)
HOMEFIRST.NS,Home First Finance Company India Limited,Banking & Financial Services,2021-09-23,2021-10-12,589.4443969726562,647.84,30,17683.33,19435.2,1751.87,55.88,1695.99,9.59,19,Target Hit (3x ATR)
UNIONBANK.NS,Union Bank of India,Banking & Financial Services,2021-09-29,2021-10-12,30.535383224487305,33.18,591,18046.41,19609.38,1562.97,56.49,1506.48,8.35,13,Target Hit (3x ATR)
LAURUSLABS.NS,Laurus Labs Limited,Healthcare & Pharmaceuticals,2021-10-07,2021-10-12,640.8560791015625,623.1192069671221,27,17303.11,16824.22,-478.89,52.71,-531.6,-3.07,5,Trailing Stop Hit (20 EMA)
CUB.NS,City Union Bank Limited,Banking & Financial Services,2021-09-29,2021-10-14,114.67729187011719,124.31,157,18004.33,19516.67,1512.34,56.33,1456.01,8.09,15,Target Hit (3x ATR)
HINDZINC.NS,Hindustan Zinc Limited,Metals & Mining,2021-10-13,2021-10-14,217.48072814941406,233.21,83,18050.9,19356.43,1305.53,56.23,1249.3,6.92,1,Target Hit (3x ATR)
ADANIPOWER.NS,Adani Power Limited,"Energy, Power & Utilities",2021-10-04,2021-10-18,20.350000381469727,23.690000534057617,886,18030.1,20989.34,2959.24,57.89,2901.35,16.09,14,Target Hit (3x ATR)
SOBHA.NS,Sobha Limited,"Construction, Materials & Infra",2021-10-07,2021-10-19,870.1334228515625,789.6598893197793,20,17402.67,15793.2,-1609.47,51.77,-1661.24,-9.55,12,Trailing Stop Hit (20 EMA)
LTFOODS.NS,LT Foods Limited,Consumer Goods & Retail,2021-10-13,2021-10-19,70.0584945678711,67.74211308092809,259,18145.15,17545.21,-599.94,54.47,-654.41,-3.61,6,Trailing Stop Hit (20 EMA)
ECLERX.NS,eClerx Services Limited,Services & Logistics,2021-10-14,2021-10-19,765.0157470703125,750.1933902473044,23,17595.36,17254.45,-340.91,53.51,-394.42,-2.24,5,Trailing Stop Hit (20 EMA)
IPCALAB.NS,IPCA Laboratories Limited,Healthcare & Pharmaceuticals,2021-10-14,2021-10-19,1189.4625244140625,1177.0257626284708,15,17841.94,17655.39,-186.55,54.22,-240.77,-1.35,5,Trailing Stop Hit (20 EMA)
TATACOMM.NS,Tata Communications Limited,Information Technology,2021-10-13,2021-10-20,1359.878173828125,1342.4900460311553,13,17678.42,17452.37,-226.05,53.82,-279.87,-1.58,7,Trailing Stop Hit (20 EMA)
GRAPHITE.NS,Graphite India Limited,Information Technology,2021-10-18,2021-10-20,563.6278076171875,550.2135072261433,32,18036.09,17606.83,-429.26,54.41,-483.67,-2.68,2,Trailing Stop Hit (20 EMA)
ETERNAL.NS,ETERNAL LIMITED,Consumer Goods & Retail,2021-10-18,2021-10-20,144.0500030517578,137.6918860746634,127,18294.35,17486.87,-807.48,54.57,-862.05,-4.71,2,Trailing Stop Hit (20 EMA)
COFORGE.NS,Coforge Limited,Information Technology,2021-10-14,2021-10-21,1054.2724609375,1030.3269844836568,17,17922.63,17515.56,-407.07,54.17,-461.24,-2.57,7,Trailing Stop Hit (20 EMA)
CASTROLIND.NS,Castrol India Limited,"Energy, Power & Utilities",2021-10-21,2021-10-25,110.91973876953125,107.98862753509633,163,18079.92,17602.15,-477.77,54.44,-532.21,-2.94,4,Trailing Stop Hit (20 EMA)
JINDALSAW.NS,Jindal Saw Limited,Information Technology,2021-10-26,2021-10-28,56.154232025146484,54.76625241245538,322,18081.66,17634.73,-446.93,54.47,-501.4,-2.77,2,Trailing Stop Hit (20 EMA)
PVRINOX.NS,PVR INOX Limited,Diversified & Others,2021-10-25,2021-10-29,1727.4000244140625,1662.5,10,17274.0,16625.0,-649.0,52.46,-701.46,-4.06,4,Trailing Stop Hit (20 EMA)
MINDACORP.NS,Minda Corporation Limited,Automobile & Auto Components,2021-10-26,2021-10-29,136.77609252929688,154.44,132,18054.44,20386.08,2331.64,57.3,2274.34,12.6,3,Target Hit (3x ATR)
ASAHIINDIA.NS,Asahi India Glass Limited,Automobile & Auto Components,2021-10-27,2021-10-29,383.8599548339844,426.79,47,18041.42,20059.13,2017.71,56.95,1960.76,10.87,2,Target Hit (3x ATR)
ABB.NS,ABB India Limited,Information Technology,2021-10-27,2021-10-29,1816.7061767578125,1989.43,9,16350.36,17904.87,1554.51,52.7,1501.81,9.19,2,Target Hit (3x ATR)
ECLERX.NS,eClerx Services Limited,Services & Logistics,2021-10-27,2021-10-29,736.0795288085938,721.7444434497224,24,17665.91,17321.87,-344.04,53.66,-397.7,-2.25,2,Trailing Stop Hit (20 EMA)
SONACOMS.NS,Sona BLW Precision Forgings Limited,Automobile & Auto Components,2021-10-28,2021-11-03,651.3295288085938,621.8740420262942,28,18237.23,17412.47,-824.76,54.44,-879.2,-4.82,6,Trailing Stop Hit (20 EMA)
SOBHA.NS,Sobha Limited,"Construction, Materials & Infra",2021-11-01,2021-11-04,814.1242065429688,947.18,22,17910.73,20837.96,2927.23,57.6,2869.63,16.02,3,Target Hit (3x ATR)
JSL.NS,Jindal Stainless Limited,Metals & Mining,2021-10-26,2021-11-10,188.34947204589844,180.8724886783583,96,18081.55,17363.76,-717.79,54.2,-771.99,-4.27,15,Trailing Stop Hit (20 EMA)
ETERNAL.NS,ETERNAL LIMITED,Consumer Goods & Retail,2021-11-09,2021-11-11,137.64999389648438,134.7024853332439,136,18720.4,18319.54,-400.86,55.94,-456.8,-2.44,2,Trailing Stop Hit (20 EMA)
JWL.NS,Jupiter Wagons Limited,Information Technology,2021-11-02,2021-11-12,33.55657958984375,38.77,550,18456.12,21323.5,2867.38,58.74,2808.64,15.22,10,Target Hit (3x ATR)
WOCKPHARMA.NS,Wockhardt Limited,Healthcare & Pharmaceuticals,2021-11-08,2021-11-12,426.99310302734375,414.9372739294231,43,18360.7,17842.3,-518.4,55.02,-573.42,-3.12,4,Trailing Stop Hit (20 EMA)
HEG.NS,HEG Limited,Information Technology,2021-11-10,2021-11-12,418.3883972167969,400.69065790270105,44,18409.09,17630.39,-778.7,54.86,-833.56,-4.53,2,Trailing Stop Hit (20 EMA)
ANANTRAJ.NS,Anant Raj Limited,"Construction, Materials & Infra",2021-11-09,2021-11-15,70.86275482177734,68.8673371152623,264,18707.77,18180.98,-526.79,55.79,-582.58,-3.11,6,Trailing Stop Hit (20 EMA)
VOLTAS.NS,Voltas Limited,Consumer Goods & Retail,2021-11-09,2021-11-16,1223.3319091796875,1208.517806298364,15,18349.98,18127.77,-222.21,55.3,-277.51,-1.51,7,Trailing Stop Hit (20 EMA)
IPCALAB.NS,IPCA Laboratories Limited,Healthcare & Pharmaceuticals,2021-11-12,2021-11-16,1089.6533203125,1080.347562085876,17,18524.11,18365.91,-158.2,55.76,-213.96,-1.16,4,Trailing Stop Hit (20 EMA)
MOTILALOFS.NS,Motilal Oswal Financial Services Limited,Banking & Financial Services,2021-10-29,2021-11-17,888.5567626953125,902.2644279140443,20,17771.14,18045.29,274.15,54.55,219.6,1.24,19,Trailing Stop Hit (20 EMA)
TRENT.NS,Trent Limited,Consumer Goods & Retail,2021-11-03,2021-11-18,1087.15478515625,1103.0475551295021,17,18481.63,18751.81,270.18,56.1,214.08,1.16,15,Trailing Stop Hit (20 EMA)
ECLERX.NS,eClerx Services Limited,Services & Logistics,2021-11-03,2021-11-18,779.16796875,772.1469311030446,23,17920.86,17759.38,-161.48,54.42,-215.9,-1.2,15,Trailing Stop Hit (20 EMA)
FLUOROCHEM.NS,Gujarat Fluorochemicals Limited,Chemicals & Fertilisers,2021-11-09,2021-11-22,2011.3983154296875,1995.1881557868917,9,18102.58,17956.69,-145.89,54.84,-200.73,-1.11,13,Trailing Stop Hit (20 EMA)
CLEAN.NS,Clean Science and Technology Limited,Chemicals & Fertilisers,2021-11-16,2021-11-22,2093.8388671875,2043.3088073804754,8,16750.71,16346.47,-404.24,51.57,-455.81,-2.72,6,Trailing Stop Hit (20 EMA)
ITI.NS,ITI Limited,Information Technology,2021-11-17,2021-11-22,121.3499984741211,118.5,154,18687.9,18249.0,-438.9,55.83,-494.73,-2.65,5,Trailing Stop Hit (20 EMA)
SUMICHEM.NS,Sumitomo Chemical India Limited,Chemicals & Fertilisers,2021-11-17,2021-11-22,378.9873352050781,370.5957548794402,49,18570.38,18159.19,-411.19,55.6,-466.79,-2.51,5,Trailing Stop Hit (20 EMA)
PGEL.NS,PG Electroplast Limited,Consumer Goods & Retail,2021-11-24,2021-11-25,52.23493576049805,61.32,352,18386.7,21584.64,3197.94,58.93,3139.01,17.07,1,Target Hit (3x ATR)
JSWDULUX.NS,JSW Dulux Limited,Consumer Goods & Retail,2021-11-17,2021-11-26,1830.2237548828125,1805.280546721788,10,18302.24,18052.81,-249.43,55.17,-304.6,-1.66,9,Trailing Stop Hit (20 EMA)
BLS.NS,BLS International Services Limited,Consumer Goods & Retail,2021-11-24,2021-11-26,54.34074020385742,52.86016778635921,339,18421.51,17919.6,-501.91,55.17,-557.08,-3.02,2,Trailing Stop Hit (20 EMA)
SAMMAANCAP.NS,Sammaan Capital Limited,Banking & Financial Services,2021-11-25,2021-11-26,198.17874145507812,226.94,94,18628.8,21332.36,2703.56,58.94,2644.62,14.2,1,Target Hit (3x ATR)
POLYMED.NS,Poly Medicure Limited,Healthcare & Pharmaceuticals,2021-11-22,2021-11-29,908.7550048828125,1016.15,20,18175.1,20323.0,2147.9,57.37,2090.53,11.5,7,Target Hit (3x ATR)
LAURUSLABS.NS,Laurus Labs Limited,Healthcare & Pharmaceuticals,2021-11-24,2021-11-29,495.348388671875,503.3154438254102,37,18327.89,18622.67,294.78,55.78,239.0,1.3,5,Trailing Stop Hit (20 EMA)
TATACOMM.NS,Tata Communications Limited,Information Technology,2021-11-25,2021-11-29,1208.152587890625,1193.4513531308096,15,18122.29,17901.77,-220.52,54.8,-275.32,-1.52,4,Trailing Stop Hit (20 EMA)
WELSPUNLIV.NS,Welspun Living Limited,Diversified & Others,2021-11-26,2021-11-30,136.73631286621094,136.53957261787986,138,18869.61,18842.46,-27.15,56.65,-83.8,-0.44,4,Trailing Stop Hit (20 EMA)
DIVISLAB.NS,Divi's Laboratories Limited,Healthcare & Pharmaceuticals,2021-11-26,2021-11-30,4789.732421875,4751.821235024951,3,14369.2,14255.46,-113.74,46.57,-160.31,-1.12,4,Trailing Stop Hit (20 EMA)
IPCALAB.NS,IPCA Laboratories Limited,Healthcare & Pharmaceuticals,2021-11-29,2021-12-01,1045.2598876953125,1045.4304743458056,18,18814.68,18817.75,3.07,56.56,-53.49,-0.28,2,Trailing Stop Hit (20 EMA)
ASAHIINDIA.NS,Asahi India Glass Limited,Automobile & Auto Components,2021-11-30,2021-12-02,476.0575256347656,459.79896485027604,39,18566.24,17932.16,-634.08,55.35,-689.43,-3.71,2,Trailing Stop Hit (20 EMA)
CLEAN.NS,Clean Science and Technology Limited,Chemicals & Fertilisers,2021-11-30,2021-12-03,2095.06298828125,2396.2,9,18855.57,21565.8,2710.23,59.47,2650.76,14.06,3,Target Hit (3x ATR)
GALLANTT.NS,Gallantt Ispat Limited,Information Technology,2021-12-02,2021-12-06,70.29515838623047,68.70206567126586,268,18839.1,18412.15,-426.95,56.18,-483.13,-2.56,4,Trailing Stop Hit (20 EMA)
GRAVITA.NS,Gravita India Limited,Metals & Mining,2021-12-07,2021-12-13,211.56121826171875,242.71,89,18828.95,21601.19,2772.24,59.46,2712.78,14.41,6,Target Hit (3x ATR)
CREDITACC.NS,CREDITACCESS GRAMEEN LIMITED,Banking & Financial Services,2021-12-10,2021-12-13,603.2662963867188,675.23,31,18701.26,20932.13,2230.87,58.63,2172.24,11.62,3,Target Hit (3x ATR)
ADANIPOWER.NS,Adani Power Limited,"Energy, Power & Utilities",2021-12-08,2021-12-14,20.790000915527344,20.637247992907973,918,19085.22,18944.99,-140.23,57.02,-197.25,-1.03,6,Trailing Stop Hit (20 EMA)
WOCKPHARMA.NS,Wockhardt Limited,Healthcare & Pharmaceuticals,2021-12-10,2021-12-14,404.3160095214844,403.4092257697149,47,19002.85,18960.23,-42.62,56.92,-99.54,-0.52,4,Trailing Stop Hit (20 EMA)
BANKINDIA.NS,Bank of India,Banking & Financial Services,2021-12-10,2021-12-14,48.68949890136719,48.2154939248788,392,19086.28,18900.47,-185.81,56.98,-242.79,-1.27,4,Trailing Stop Hit (20 EMA)
KPRMILL.NS,K.P.R. Mill Limited,Diversified & Others,2021-11-30,2021-12-16,515.2472534179688,596.43,36,18548.9,21471.48,2922.58,59.0,2863.58,15.44,16,Target Hit (3x ATR)
MINDACORP.NS,Minda Corporation Limited,Automobile & Auto Components,2021-12-10,2021-12-16,171.768798828125,163.4751307104606,111,19066.34,18145.74,-920.6,56.19,-976.79,-5.12,6,Trailing Stop Hit (20 EMA)
MMTC.NS,MMTC Limited,Services & Logistics,2021-12-06,2021-12-17,42.599998474121094,42.59663581308681,444,18914.4,18912.91,-1.49,56.77,-58.26,-0.31,11,Trailing Stop Hit (20 EMA)
ITI.NS,ITI Limited,Information Technology,2021-12-09,2021-12-17,118.6500015258789,115.75250461257579,161,19102.65,18636.15,-466.5,56.73,-523.23,-2.74,8,Trailing Stop Hit (20 EMA)
GABRIEL.NS,Gabriel India Limited,Automobile & Auto Components,2021-12-15,2021-12-17,138.3126220703125,134.70823554625122,140,19363.77,18859.15,-504.62,57.26,-561.88,-2.9,2,Trailing Stop Hit (20 EMA)
ASAHIINDIA.NS,Asahi India Glass Limited,Automobile & Auto Components,2021-12-15,2021-12-17,488.7062683105469,466.8082711061265,39,19059.54,18205.52,-854.02,56.24,-910.26,-4.78,2,Trailing Stop Hit (20 EMA)
ABB.NS,ABB India Limited,Information Technology,2021-12-09,2021-12-20,2223.3076171875,2090.604268747875,8,17786.46,16724.83,-1061.63,53.19,-1114.82,-6.27,11,Trailing Stop Hit (20 EMA)
KALYANKJIL.NS,Kalyan Jewellers India Limited,Consumer Goods & Retail,2021-12-16,2021-12-20,69.73296356201172,67.35232804435167,278,19385.76,18723.95,-661.81,57.16,-718.97,-3.71,4,Trailing Stop Hit (20 EMA)
MINDACORP.NS,Minda Corporation Limited,Automobile & Auto Components,2021-12-22,2021-12-24,168.72169494628906,163.51879908286566,113,19065.55,18477.62,-587.93,56.53,-644.46,-3.38,2,Trailing Stop Hit (20 EMA)
JINDALSAW.NS,Jindal Saw Limited,Information Technology,2021-12-23,2021-12-27,48.83795166015625,47.80284224181265,392,19144.48,18738.71,-405.77,56.88,-462.65,-2.42,4,Trailing Stop Hit (20 EMA)
MUTHOOTFIN.NS,Muthoot Finance Limited,Banking & Financial Services,2021-12-23,2021-12-27,1390.9814453125,1359.7025411388797,13,18082.76,17676.13,-406.63,54.52,-461.15,-2.55,4,Trailing Stop Hit (20 EMA)
GABRIEL.NS,Gabriel India Limited,Automobile & Auto Components,2021-12-28,2021-12-30,135.62136840820312,132.9751937291907,141,19122.61,18749.5,-373.11,56.87,-429.98,-2.25,2,Trailing Stop Hit (20 EMA)
ADANIPOWER.NS,Adani Power Limited,"Energy, Power & Utilities",2021-12-28,2021-12-30,20.200000762939453,20.0,946,19109.2,18920.0,-189.2,57.03,-246.23,-1.29,2,Trailing Stop Hit (20 EMA)
GRAPHITE.NS,Graphite India Limited,Information Technology,2021-12-29,2021-12-30,399.83697509765625,449.42,47,18792.34,21122.74,2330.4,58.93,2271.47,12.09,1,Target Hit (3x ATR)
LAURUSLABS.NS,Laurus Labs Limited,Healthcare & Pharmaceuticals,2021-12-27,2022-01-04,512.267822265625,510.54781562611714,37,18953.91,18890.27,-63.64,56.79,-120.43,-0.64,8,Trailing Stop Hit (20 EMA)
VIJAYA.NS,Vijaya Diagnostic Centre Limited,Healthcare & Pharmaceuticals,2021-12-29,2022-01-05,560.8889770507812,561.6418993683476,34,19070.23,19095.82,25.59,57.18,-31.59,-0.17,7,Trailing Stop Hit (20 EMA)
KPIL.NS,Kalpataru Projects International Limited,"Construction, Materials & Infra",2021-12-30,2022-01-05,355.9654846191406,352.7907271918319,54,19222.14,19050.7,-171.44,57.3,-228.74,-1.19,6,Trailing Stop Hit (20 EMA)
GICRE.NS,General Insurance Corporation of India,Banking & Financial Services,2021-12-31,2022-01-06,122.25575256347656,120.2033055520363,157,19194.15,18871.92,-322.23,57.07,-379.3,-1.98,6,Trailing Stop Hit (20 EMA)
JUBLINGREA.NS,Jubilant Ingrevia Limited,Chemicals & Fertilisers,2021-12-31,2022-01-07,548.8470458984375,542.2935906802919,35,19209.65,18980.28,-229.37,57.2,-286.57,-1.49,7,Trailing Stop Hit (20 EMA)
FLUOROCHEM.NS,Gujarat Fluorochemicals Limited,Chemicals & Fertilisers,2021-12-31,2022-01-10,2405.449951171875,2765.22,7,16838.15,19356.54,2518.39,54.79,2463.6,14.63,10,Target Hit (3x ATR)
GALLANTT.NS,Gallantt Ispat Limited,Information Technology,2021-12-28,2022-01-11,76.31903839111328,71.82359072680819,250,19079.76,17955.9,-1123.86,56.0,-1179.86,-6.18,14,Trailing Stop Hit (20 EMA)
ERIS.NS,Eris Lifesciences Limited,Healthcare & Pharmaceuticals,2021-12-28,2022-01-11,716.7807006835938,720.5759556267847,26,18636.3,18734.97,98.67,56.27,42.4,0.23,14,Trailing Stop Hit (20 EMA)
BLS.NS,BLS International Services Limited,Consumer Goods & Retail,2022-01-06,2022-01-11,48.51633071899414,55.99261636584949,396,19212.47,22173.08,2960.61,60.51,2900.1,15.09,5,Target Hit (3x ATR)
WOCKPHARMA.NS,Wockhardt Limited,Healthcare & Pharmaceuticals,2022-01-04,2022-01-12,403.6707458496094,386.9657065035316,47,18972.53,18187.39,-785.14,56.1,-841.24,-4.43,8,Trailing Stop Hit (20 EMA)
GLAXO.NS,GlaxoSmithKline Pharmaceuticals Limited,Healthcare & Pharmaceuticals,2022-01-10,2022-01-12,1535.6097412109375,1522.8561351339451,12,18427.32,18274.27,-153.05,55.54,-208.59,-1.13,2,Trailing Stop Hit (20 EMA)
HOMEFIRST.NS,Home First Finance Company India Limited,Banking & Financial Services,2022-01-10,2022-01-12,828.1369018554688,798.9779418210692,23,19047.15,18376.49,-670.66,56.41,-727.07,-3.82,2,Trailing Stop Hit (20 EMA)
ADANIPOWER.NS,Adani Power Limited,"Energy, Power & Utilities",2022-01-10,2022-01-13,21.739999771118164,24.540000915527344,892,19392.08,21889.68,2497.6,60.44,2437.16,12.57,3,Target Hit (3x ATR)
JWL.NS,Jupiter Wagons Limited,Information Technology,2022-01-10,2022-01-13,44.129878997802734,50.98018264770508,439,19373.02,22380.3,3007.28,60.92,2946.36,15.21,3,Target Hit (3x ATR)
COFORGE.NS,Coforge Limited,Information Technology,2022-01-11,2022-01-13,1087.7498779296875,1074.4482107045928,17,18491.75,18265.62,-226.13,55.61,-281.74,-1.52,2,Trailing Stop Hit (20 EMA)
HEG.NS,HEG Limited,Information Technology,2021-12-30,2022-01-18,342.977294921875,333.9836482763542,56,19206.73,18703.08,-503.65,56.92,-560.57,-2.92,19,Trailing Stop Hit (20 EMA)
SUMICHEM.NS,Sumitomo Chemical India Limited,Chemicals & Fertilisers,2021-12-27,2022-01-19,365.9608459472656,376.07711919091315,52,19029.96,19556.01,526.05,57.6,468.45,2.46,23,Trailing Stop Hit (20 EMA)
GALLANTT.NS,Gallantt Ispat Limited,Information Technology,2022-01-17,2022-01-19,73.63069152832031,71.36046627133227,268,19733.03,19124.6,-608.43,57.98,-666.41,-3.38,2,Trailing Stop Hit (20 EMA)
CREDITACC.NS,CREDITACCESS GRAMEEN LIMITED,Banking & Financial Services,2022-01-17,2022-01-19,600.8355712890625,585.400097566254,32,19226.74,18732.8,-493.94,56.97,-550.91,-2.87,2,Trailing Stop Hit (20 EMA)
IPCALAB.NS,IPCA Laboratories Limited,Healthcare & Pharmaceuticals,2022-01-19,2022-01-21,1060.0240478515625,1039.1715905668707,18,19080.43,18705.09,-375.34,56.78,-432.12,-2.26,2,Trailing Stop Hit (20 EMA)
HINDZINC.NS,Hindustan Zinc Limited,Metals & Mining,2022-01-21,2022-01-24,223.96112060546875,214.73,87,19484.62,18681.51,-803.11,57.21,-860.32,-4.42,3,Stop Loss Hit (2x ATR)
CREDITACC.NS,CREDITACCESS GRAMEEN LIMITED,Banking & Financial Services,2022-01-21,2022-01-25,612.4931640625,588.0617837027228,31,18987.29,18229.92,-757.37,56.16,-813.53,-4.28,4,Trailing Stop Hit (20 EMA)
UNIONBANK.NS,Union Bank of India,Banking & Financial Services,2022-01-27,2022-02-01,38.96616744995117,37.86065144983621,500,19483.08,18930.33,-552.75,57.47,-610.22,-3.13,5,Trailing Stop Hit (20 EMA)
ATUL.NS,Atul Limited,Chemicals & Fertilisers,2022-01-28,2022-02-01,9689.3037109375,9351.78824671908,2,19378.61,18703.58,-675.03,57.13,-732.16,-3.78,4,Trailing Stop Hit (20 EMA)
CASTROLIND.NS,Castrol India Limited,"Energy, Power & Utilities",2022-01-28,2022-02-01,96.8812255859375,95.22658761919578,201,19473.13,19140.54,-332.59,57.69,-390.28,-2.0,4,Trailing Stop Hit (20 EMA)
INDIANB.NS,Indian Bank,Banking & Financial Services,2022-01-27,2022-02-02,126.69461059570312,141.56,154,19510.97,21800.24,2289.27,60.49,2228.78,11.42,6,Target Hit (3x ATR)
AXISBANK.NS,Axis Bank Limited,Banking & Financial Services,2022-01-25,2022-02-03,748.4951782226562,807.04,25,18712.38,20176.0,1463.62,57.86,1405.76,7.51,9,Target Hit (3x ATR)
KALYANKJIL.NS,Kalyan Jewellers India Limited,Consumer Goods & Retail,2022-02-02,2022-02-04,69.18739318847656,67.45979976572616,287,19856.78,19360.96,-495.82,58.38,-554.2,-2.79,2,Trailing Stop Hit (20 EMA)
ACE.NS,Action Construction Equipment Limited,Information Technology,2022-02-02,2022-02-07,241.42152404785156,226.57046623752197,82,19796.56,18578.78,-1217.78,57.49,-1275.27,-6.44,5,Trailing Stop Hit (20 EMA)
FEDERALBNK.NS,The Federal Bank  Limited,Banking & Financial Services,2022-01-25,2022-02-08,92.04792785644531,93.46273236564122,210,19330.06,19627.17,297.11,58.02,239.09,1.24,14,Trailing Stop Hit (20 EMA)
CGPOWER.NS,CG Power and Industrial Solutions Limited,Information Technology,2022-02-04,2022-02-08,183.34371948242188,177.91057932031035,107,19617.78,19036.43,-581.35,57.76,-639.11,-3.26,4,Trailing Stop Hit (20 EMA)
FLUOROCHEM.NS,Gujarat Fluorochemicals Limited,Chemicals & Fertilisers,2022-01-31,2022-02-09,2782.369384765625,2817.4944622691755,7,19476.59,19722.46,245.87,58.3,187.57,0.96,9,Trailing Stop Hit (20 EMA)
BANKINDIA.NS,Bank of India,Banking & Financial Services,2022-01-27,2022-02-11,46.94450759887695,47.25195463695763,415,19481.97,19609.56,127.59,58.18,69.41,0.36,15,Trailing Stop Hit (20 EMA)
HINDZINC.NS,Hindustan Zinc Limited,Metals & Mining,2022-02-04,2022-02-14,226.46864318847656,220.52611894052936,87,19702.77,19185.77,-517.0,58.02,-575.02,-2.92,10,Trailing Stop Hit (20 EMA)
GICRE.NS,General Insurance Corporation of India,Banking & Financial Services,2022-02-10,2022-02-14,121.56111907958984,115.52647221389577,160,19449.78,18484.24,-965.54,56.98,-1022.52,-5.26,4,Trailing Stop Hit (20 EMA)
ADANIENSOL.NS,Adani Energy Solutions Limited,"Energy, Power & Utilities",2022-02-10,2022-02-14,2036.4000244140625,1960.0,9,18327.6,17640.0,-687.6,54.77,-742.37,-4.05,4,Trailing Stop Hit (20 EMA)
USHAMART.NS,Usha Martin Limited,Information Technology,2022-02-11,2022-02-15,86.4468002319336,85.36311247469523,224,19364.08,19121.34,-242.74,57.54,-300.28,-1.55,4,Trailing Stop Hit (20 EMA)
WOCKPHARMA.NS,Wockhardt Limited,Healthcare & Pharmaceuticals,2022-02-11,2022-02-15,380.3022766113281,357.2564392089844,51,19395.42,18220.08,-1175.34,56.65,-1231.99,-6.35,4,Trailing Stop Hit (20 EMA)
USHAMART.NS,Usha Martin Limited,Information Technology,2022-02-15,2022-02-17,86.8284683227539,85.62439317872364,220,19102.26,18837.37,-264.89,56.94,-321.83,-1.68,2,Trailing Stop Hit (20 EMA)
LICHSGFIN.NS,LIC Housing Finance Limited,Banking & Financial Services,2022-02-15,2022-02-17,353.41375732421875,349.56111625023857,54,19084.34,18876.3,-208.04,56.95,-264.99,-1.39,2,Trailing Stop Hit (20 EMA)
ITI.NS,ITI Limited,Information Technology,2022-02-16,2022-02-17,115.94999694824219,109.57,165,19131.75,18079.05,-1052.7,56.19,-1108.89,-5.8,1,Stop Loss Hit (2x ATR)
MOTILALOFS.NS,Motilal Oswal Financial Services Limited,Banking & Financial Services,2022-02-16,2022-02-18,909.6412963867188,889.4227149771316,21,19102.47,18677.88,-424.59,56.77,-481.36,-2.52,2,Trailing Stop Hit (20 EMA)
LAURUSLABS.NS,Laurus Labs Limited,Healthcare & Pharmaceuticals,2022-02-01,2022-02-22,517.3978881835938,522.8733096355401,37,19143.72,19346.31,202.59,57.51,145.08,0.76,21,Trailing Stop Hit (20 EMA)
ADANIPOWER.NS,Adani Power Limited,"Energy, Power & Utilities",2022-02-10,2022-02-22,24.549999237060547,22.729999542236328,793,19468.15,18024.89,-1443.26,56.53,-1499.79,-7.7,12,Trailing Stop Hit (20 EMA)
KPIL.NS,Kalpataru Projects International Limited,"Construction, Materials & Infra",2022-02-21,2022-02-24,382.46856689453125,375.0015614209535,49,18740.96,18375.08,-365.88,56.03,-421.91,-2.25,3,Trailing Stop Hit (20 EMA)
FEDERALBNK.NS,The Federal Bank  Limited,Banking & Financial Services,2022-02-21,2022-02-24,95.79322814941406,93.1523010896499,197,18871.27,18351.0,-520.27,56.15,-576.42,-3.05,3,Trailing Stop Hit (20 EMA)
USHAMART.NS,Usha Martin Limited,Information Technology,2022-02-23,2022-02-25,87.73491668701172,83.96598878097275,214,18775.27,17968.72,-806.55,55.65,-862.2,-4.59,2,Trailing Stop Hit (20 EMA)
VOLTAS.NS,Voltas Limited,Consumer Goods & Retail,2022-02-25,2022-03-02,1223.576171875,1198.3745340016612,15,18353.64,17975.62,-378.02,55.15,-433.17,-2.36,5,Trailing Stop Hit (20 EMA)
ADANIPOWER.NS,Adani Power Limited,"Energy, Power & Utilities",2022-02-25,2022-03-04,24.809999465942383,23.871302849312066,754,18706.74,17998.96,-707.78,55.6,-763.38,-4.08,7,Trailing Stop Hit (20 EMA)
HINDZINC.NS,Hindustan Zinc Limited,Metals & Mining,2022-03-02,2022-03-04,241.6512908935547,224.48,77,18607.15,17284.96,-1322.19,54.73,-1376.92,-7.4,2,Stop Loss Hit (2x ATR)
ZYDUSWELL.NS,Zydus Wellness Limited,Consumer Goods & Retail,2022-03-03,2022-03-07,311.9242248535156,300.2078607478023,59,18403.53,17712.26,-691.27,54.94,-746.21,-4.05,4,Trailing Stop Hit (20 EMA)
COFORGE.NS,Coforge Limited,Information Technology,2022-03-03,2022-03-07,884.8494262695312,853.6325881633907,21,18581.84,17926.28,-655.56,55.37,-710.93,-3.83,4,Trailing Stop Hit (20 EMA)
LTFOODS.NS,LT Foods Limited,Consumer Goods & Retail,2022-03-04,2022-03-08,64.89582061767578,64.11803432249292,284,18430.41,18209.52,-220.89,55.48,-276.37,-1.5,4,Trailing Stop Hit (20 EMA)
HINDZINC.NS,Hindustan Zinc Limited,Metals & Mining,2022-03-08,2022-03-10,221.48789978027344,217.5033547579569,83,18383.5,18052.78,-330.72,55.27,-385.99,-2.1,2,Trailing Stop Hit (20 EMA)
DMART.NS,Avenue Supermarts Limited,Consumer Goods & Retail,2022-03-08,2022-03-10,4124.0,4150.352610609975,4,16496.0,16601.41,105.41,51.52,53.89,0.33,2,Trailing Stop Hit (20 EMA)
BLS.NS,BLS International Services Limited,Consumer Goods & Retail,2022-03-09,2022-03-14,56.02802276611328,54.286194196862084,328,18377.19,17805.87,-571.32,55.02,-626.34,-3.41,5,Trailing Stop Hit (20 EMA)
WELSPUNLIV.NS,Welspun Living Limited,Diversified & Others,2022-03-10,2022-03-14,109.4874267578125,108.20859889756358,168,18393.89,18179.04,-214.85,55.41,-270.26,-1.47,4,Trailing Stop Hit (20 EMA)
GRAPHITE.NS,Graphite India Limited,Information Technology,2022-03-07,2022-03-15,451.5388488769531,445.0284682987148,40,18061.55,17801.14,-260.41,54.63,-315.04,-1.74,8,Trailing Stop Hit (20 EMA)
HEG.NS,HEG Limited,Information Technology,2022-03-08,2022-03-15,253.3737030029297,243.9260036454041,72,18242.91,17562.67,-680.24,54.59,-734.83,-4.03,7,Trailing Stop Hit (20 EMA)
HOMEFIRST.NS,Home First Finance Company India Limited,Banking & Financial Services,2022-03-10,2022-03-16,695.7433471679688,693.6110066681797,26,18089.33,18033.89,-55.44,54.9,-110.34,-0.61,6,Trailing Stop Hit (20 EMA)
ECLERX.NS,eClerx Services Limited,Services & Logistics,2022-03-07,2022-03-17,773.5137329101562,784.887199758242,23,17790.82,18052.41,261.59,54.57,207.02,1.16,10,Trailing Stop Hit (20 EMA)
IGL.NS,Indraprastha Gas Limited,"Energy, Power & Utilities",2022-03-08,2022-03-21,167.20968627929688,169.92003530063897,110,18393.07,18691.2,298.13,55.94,242.19,1.32,13,Trailing Stop Hit (20 EMA)
GICRE.NS,General Insurance Corporation of India,Banking & Financial Services,2022-03-16,2022-03-21,106.19232177734375,103.83644003737021,173,18371.27,17963.7,-407.57,55.16,-462.73,-2.52,5,Trailing Stop Hit (20 EMA)
WOCKPHARMA.NS,Wockhardt Limited,Healthcare & Pharmaceuticals,2022-03-21,2022-03-23,326.3500061035156,313.6499938964844,56,18275.6,17564.4,-711.2,54.63,-765.83,-4.19,2,Trailing Stop Hit (20 EMA)
ERIS.NS,Eris Lifesciences Limited,Healthcare & Pharmaceuticals,2022-03-10,2022-03-24,705.5266723632812,689.3017930659016,26,18343.69,17921.85,-421.84,55.07,-476.91,-2.6,14,Trailing Stop Hit (20 EMA)
JUBLINGREA.NS,Jubilant Ingrevia Limited,Chemicals & Fertilisers,2022-03-16,2022-03-24,474.6026611328125,473.69212960948016,38,18034.9,18000.3,-34.6,54.8,-89.4,-0.5,8,Trailing Stop Hit (20 EMA)
PVRINOX.NS,PVR INOX Limited,Diversified & Others,2022-03-09,2022-03-25,1645.25,1848.82,11,18097.75,20337.02,2239.27,57.29,2181.98,12.06,16,Target Hit (3x ATR)
CUB.NS,City Union Bank Limited,Banking & Financial Services,2022-03-23,2022-03-25,90.36053466796875,88.70362222531868,204,18433.55,18095.54,-338.01,55.38,-393.39,-2.13,2,Trailing Stop Hit (20 EMA)
JINDALSAW.NS,Jindal Saw Limited,Information Technology,2022-03-17,2022-03-28,43.780067443847656,43.08311253736024,418,18300.07,18008.74,-291.33,55.12,-346.45,-1.89,11,Trailing Stop Hit (20 EMA)
KPIL.NS,Kalpataru Projects International Limited,"Construction, Materials & Infra",2022-03-25,2022-03-29,362.2712097167969,353.6423673571422,51,18475.83,18035.76,-440.07,55.37,-495.44,-2.68,4,Trailing Stop Hit (20 EMA)
CGPOWER.NS,CG Power and Industrial Solutions Limited,Information Technology,2022-03-21,2022-03-31,168.7236328125,190.97,108,18222.15,20624.76,2402.61,57.72,2344.89,12.87,10,Target Hit (3x ATR)
KALYANKJIL.NS,Kalyan Jewellers India Limited,Consumer Goods & Retail,2022-03-29,2022-03-31,60.30958938598633,60.22010070696724,306,18454.73,18427.35,-27.38,55.74,-83.12,-0.45,2,Trailing Stop Hit (20 EMA)
GICRE.NS,General Insurance Corporation of India,Banking & Financial Services,2022-03-30,2022-04-01,101.11280059814453,99.63669836185437,183,18503.64,18233.52,-270.12,55.59,-325.71,-1.76,2,Trailing Stop Hit (20 EMA)
ITI.NS,ITI Limited,Information Technology,2022-03-30,2022-04-01,98.5,95.5999984741211,188,18518.0,17972.8,-545.2,55.34,-600.54,-3.24,2,Trailing Stop Hit (20 EMA)
ATUL.NS,Atul Limited,Chemicals & Fertilisers,2022-03-11,2022-04-04,9358.9033203125,9642.772390463988,1,9358.9,9642.77,283.87,35.84,248.03,2.65,24,Trailing Stop Hit (20 EMA)
BLS.NS,BLS International Services Limited,Consumer Goods & Retail,2022-03-16,2022-04-05,56.31062316894531,64.95,326,18357.26,21173.7,2816.44,58.47,2757.97,15.02,20,Target Hit (3x ATR)
J&KBANK.NS,The Jammu & Kashmir Bank Limited,Banking & Financial Services,2022-04-01,2022-04-06,33.00364303588867,31.236444327424486,563,18581.05,17586.12,-994.93,55.02,-1049.95,-5.65,5,Trailing Stop Hit (20 EMA)
ETERNAL.NS,ETERNAL LIMITED,Consumer Goods & Retail,2022-03-30,2022-04-07,85.05000305175781,82.59141071870424,217,18455.85,17922.34,-533.51,55.22,-588.73,-3.19,8,Trailing Stop Hit (20 EMA)
CREDITACC.NS,CREDITACCESS GRAMEEN LIMITED,Banking & Financial Services,2022-03-14,2022-04-11,797.972412109375,931.15,23,18353.37,21416.45,3063.08,58.72,3004.36,16.37,28,Target Hit (3x ATR)
MINDACORP.NS,Minda Corporation Limited,Automobile & Auto Components,2022-03-15,2022-04-11,195.5846405029297,227.56,93,18189.37,21163.08,2973.71,58.26,2915.45,16.03,27,Target Hit (3x ATR)
ANANTRAJ.NS,Anant Raj Limited,"Construction, Materials & Infra",2022-04-05,2022-04-11,66.1088638305664,66.0158770885164,288,19039.35,19012.57,-26.78,57.04,-83.82,-0.44,6,Trailing Stop Hit (20 EMA)
WOCKPHARMA.NS,Wockhardt Limited,Healthcare & Pharmaceuticals,2022-04-06,2022-04-11,303.8999938964844,300.0,62,18841.8,18600.0,-241.8,56.37,-298.17,-1.58,5,Trailing Stop Hit (20 EMA)
ACE.NS,Action Construction Equipment Limited,Information Technology,2022-03-30,2022-04-12,221.10067749023438,223.5401995002527,83,18351.36,18553.84,202.48,55.74,146.74,0.8,13,Trailing Stop Hit (20 EMA)
ERIS.NS,Eris Lifesciences Limited,Healthcare & Pharmaceuticals,2022-04-01,2022-04-12,688.9392700195312,693.979396041561,27,18601.36,18737.44,136.08,56.23,79.85,0.43,11,Trailing Stop Hit (20 EMA)
ABB.NS,ABB India Limited,Information Technology,2022-03-31,2022-04-18,2085.631591796875,2084.6210642176584,8,16685.05,16676.97,-8.08,51.84,-59.92,-0.36,18,Trailing Stop Hit (20 EMA)
CHOLAFIN.NS,Cholamandalam Investment and Finance Company Limited,Banking & Financial Services,2022-04-08,2022-04-18,736.2622680664062,707.9158811845601,26,19142.82,18405.81,-737.01,56.54,-793.55,-4.15,10,Trailing Stop Hit (20 EMA)
KALYANKJIL.NS,Kalyan Jewellers India Limited,Consumer Goods & Retail,2022-04-01,2022-04-19,61.400718688964844,62.839211894119586,303,18604.42,19040.28,435.86,56.55,379.31,2.04,18,Trailing Stop Hit (20 EMA)
GALLANTT.NS,Gallantt Ispat Limited,Information Technology,2022-04-04,2022-04-19,64.12193298339844,73.66,293,18787.73,21582.38,2794.65,59.4,2735.25,14.56,15,Target Hit (3x ATR)
ETERNAL.NS,ETERNAL LIMITED,Consumer Goods & Retail,2022-04-13,2022-04-19,83.9000015258789,82.82589403599682,226,18961.4,18718.65,-242.75,56.63,-299.38,-1.58,6,Trailing Stop Hit (20 EMA)
VIJAYA.NS,Vijaya Diagnostic Centre Limited,Healthcare & Pharmaceuticals,2022-04-20,2022-04-22,442.4598083496094,435.01079048966903,42,18583.31,18270.45,-312.86,55.72,-368.58,-1.98,2,Trailing Stop Hit (20 EMA)
SONACOMS.NS,Sona BLW Precision Forgings Limited,Automobile & Auto Components,2022-04-20,2022-04-22,645.4271850585938,633.7796933953191,29,18717.39,18379.61,-337.78,56.01,-393.79,-2.1,2,Trailing Stop Hit (20 EMA)
JUBLINGREA.NS,Jubilant Ingrevia Limited,Chemicals & Fertilisers,2022-04-18,2022-04-25,499.58428955078125,484.0951419436465,38,18984.2,18395.62,-588.58,56.33,-644.91,-3.4,7,Trailing Stop Hit (20 EMA)
GRAPHITE.NS,Graphite India Limited,Information Technology,2022-04-19,2022-04-25,507.96978759765625,492.2479888151332,37,18794.88,18213.18,-581.7,55.91,-637.61,-3.39,6,Trailing Stop Hit (20 EMA)
CLEAN.NS,Clean Science and Technology Limited,Chemicals & Fertilisers,2022-04-22,2022-04-26,1941.998779296875,1927.5999913314452,9,17477.99,17348.4,-129.59,53.48,-183.07,-1.05,4,Trailing Stop Hit (20 EMA)
PGEL.NS,PG Electroplast Limited,Consumer Goods & Retail,2022-04-13,2022-04-27,74.68771362304688,75.99670917982634,254,18970.68,19303.16,332.48,57.25,275.23,1.45,14,Trailing Stop Hit (20 EMA)
MOTILALOFS.NS,Motilal Oswal Financial Services Limited,Banking & Financial Services,2022-04-22,2022-04-28,891.3182373046875,873.1764487479161,21,18717.68,18336.71,-380.97,55.96,-436.93,-2.33,6,Trailing Stop Hit (20 EMA)
LTF.NS,L&T Finance Limited,Banking & Financial Services,2022-04-21,2022-05-02,83.06783294677734,79.42011385016944,229,19022.53,18187.21,-835.32,56.15,-891.47,-4.69,11,Trailing Stop Hit (20 EMA)
CGPOWER.NS,CG Power and Industrial Solutions Limited,Information Technology,2022-04-26,2022-05-02,196.72897338867188,191.90796876024754,95,18689.25,18231.26,-457.99,55.81,-513.8,-2.75,6,Trailing Stop Hit (20 EMA)
MFSL.NS,Max Financial Services Limited,Banking & Financial Services,2022-04-28,2022-05-02,766.2999877929688,750.7000122070312,24,18391.2,18016.8,-374.4,55.25,-429.65,-2.34,4,Trailing Stop Hit (20 EMA)
CHOLAFIN.NS,Cholamandalam Investment and Finance Company Limited,Banking & Financial Services,2022-04-26,2022-05-04,758.3475952148438,722.3985843264069,24,18200.34,17337.57,-862.77,54.31,-917.08,-5.04,8,Trailing Stop Hit (20 EMA)
ENDURANCE.NS,Endurance Technologies Limited,Automobile & Auto Components,2022-04-26,2022-05-06,1140.1234130859375,1171.6633385851371,16,18241.97,18746.61,504.64,55.82,448.82,2.46,10,Trailing Stop Hit (20 EMA)
HOMEFIRST.NS,Home First Finance Company India Limited,Banking & Financial Services,2022-05-04,2022-05-06,756.6966552734375,736.1881064282544,24,18160.72,17668.51,-492.21,54.6,-546.81,-3.01,2,Trailing Stop Hit (20 EMA)
MOTILALOFS.NS,Motilal Oswal Financial Services Limited,Banking & Financial Services,2022-05-05,2022-05-09,889.8115844726562,820.5045835028895,21,18686.04,17230.6,-1455.44,54.77,-1510.21,-8.08,4,Trailing Stop Hit (20 EMA)
ABB.NS,ABB India Limited,Information Technology,2022-05-05,2022-05-10,2152.025146484375,2082.9497502762006,8,17216.2,16663.6,-552.6,52.44,-605.04,-3.51,5,Trailing Stop Hit (20 EMA)
OFSS.NS,Oracle Financial Services Software Limited,Information Technology,2022-05-09,2022-05-11,2846.97607421875,2827.4456631221005,6,17081.86,16964.67,-117.19,52.59,-169.78,-0.99,2,Trailing Stop Hit (20 EMA)
IGL.NS,Indraprastha Gas Limited,"Energy, Power & Utilities",2022-05-13,2022-05-19,168.3390350341797,166.30886234329046,109,18348.95,18127.67,-221.28,55.3,-276.58,-1.51,6,Trailing Stop Hit (20 EMA)
KALYANKJIL.NS,Kalyan Jewellers India Limited,Consumer Goods & Retail,2022-05-16,2022-05-19,62.93821334838867,60.40878357788294,292,18377.96,17639.36,-738.6,54.84,-793.44,-4.32,3,Trailing Stop Hit (20 EMA)
ZYDUSWELL.NS,Zydus Wellness Limited,Consumer Goods & Retail,2022-05-17,2022-05-19,328.5323181152344,316.3819848056657,56,18397.81,17717.39,-680.42,54.95,-735.37,-4.0,2,Trailing Stop Hit (20 EMA)
ANANTRAJ.NS,Anant Raj Limited,"Construction, Materials & Infra",2022-05-18,2022-05-20,58.08666229248047,55.66019149047714,316,18355.39,17588.62,-766.77,54.76,-821.53,-4.48,2,Trailing Stop Hit (20 EMA)
JINDALSAW.NS,Jindal Saw Limited,Information Technology,2022-05-20,2022-05-24,43.638912200927734,41.32865339778495,416,18153.79,17192.72,-961.07,54.1,-1015.17,-5.59,4,Trailing Stop Hit (20 EMA)
TEGA.NS,Tega Industries Limited,Information Technology,2022-05-20,2022-05-24,446.0044250488281,435.5549176522753,40,17840.18,17422.2,-417.98,53.98,-471.96,-2.65,4,Trailing Stop Hit (20 EMA)
WOCKPHARMA.NS,Wockhardt Limited,Healthcare & Pharmaceuticals,2022-05-18,2022-05-25,283.25,267.1194197871031,64,18128.0,17095.64,-1032.36,53.99,-1086.35,-5.99,7,Trailing Stop Hit (20 EMA)
KPIL.NS,Kalpataru Projects International Limited,"Construction, Materials & Infra",2022-05-18,2022-05-25,347.9530029296875,338.8081108754879,52,18093.56,17618.02,-475.54,54.47,-530.01,-2.93,7,Trailing Stop Hit (20 EMA)
MAZDOCK.NS,Mazagon Dock Shipbuilders Limited,Information Technology,2022-05-20,2022-05-25,141.97576904296875,137.83153712358444,128,18172.9,17642.44,-530.46,54.59,-585.05,-3.22,5,Trailing Stop Hit (20 EMA)
PGEL.NS,PG Electroplast Limited,Consumer Goods & Retail,2022-05-23,2022-05-25,73.3287582397461,70.2327107869401,249,18258.86,17487.94,-770.92,54.54,-825.46,-4.52,2,Trailing Stop Hit (20 EMA)
JWL.NS,Jupiter Wagons Limited,Information Technology,2022-05-16,2022-05-26,53.71037673950195,54.2709089917299,342,18368.95,18560.65,191.7,55.78,135.92,0.74,10,Trailing Stop Hit (20 EMA)
ETERNAL.NS,ETERNAL LIMITED,Consumer Goods & Retail,2022-05-24,2022-05-26,64.94999694824219,61.0,279,18121.05,17019.0,-1102.05,53.9,-1155.95,-6.38,2,Trailing Stop Hit (20 EMA)
LTFOODS.NS,LT Foods Limited,Consumer Goods & Retail,2022-05-24,2022-05-26,83.22220611572266,78.26388152790045,218,18142.44,17061.53,-1080.91,53.96,-1134.87,-6.26,2,Trailing Stop Hit (20 EMA)
HINDZINC.NS,Hindustan Zinc Limited,Metals & Mining,2022-05-25,2022-05-27,209.19068908691406,207.56955661031952,85,17781.21,17643.41,-137.8,54.13,-191.93,-1.08,2,Trailing Stop Hit (20 EMA)
ITI.NS,ITI Limited,Information Technology,2022-05-26,2022-05-31,98.94999694824219,91.16891905822078,178,17613.1,16228.07,-1385.03,52.46,-1437.49,-8.16,5,Trailing Stop Hit (20 EMA)
PGEL.NS,PG Electroplast Limited,Consumer Goods & Retail,2022-05-30,2022-06-01,77.77534484863281,93.1,227,17655.0,21133.7,3478.7,57.6,3421.1,19.38,2,Target Hit (3x ATR)
MINDACORP.NS,Minda Corporation Limited,Automobile & Auto Components,2022-05-31,2022-06-02,206.7102508544922,205.87338065159835,86,17777.08,17705.11,-71.97,54.21,-126.18,-0.71,2,Trailing Stop Hit (20 EMA)
NYKAA.NS,FSN E-Commerce Ventures Limited,Consumer Goods & Retail,2022-05-31,2022-06-02,249.09165954589844,242.5500030517578,71,17685.51,17221.05,-464.46,53.59,-518.05,-2.93,2,Trailing Stop Hit (20 EMA)
JSWDULUX.NS,JSW Dulux Limited,Consumer Goods & Retail,2022-05-31,2022-06-02,1575.215087890625,1534.6224458459642,11,17327.37,16880.85,-446.52,52.8,-499.32,-2.88,2,Trailing Stop Hit (20 EMA)
NATCOPHARM.NS,Natco Pharma Limited,Healthcare & Pharmaceuticals,2022-06-01,2022-06-03,688.2962036132812,681.0336609652352,26,17895.7,17706.88,-188.82,54.34,-243.16,-1.36,2,Trailing Stop Hit (20 EMA)
GABRIEL.NS,Gabriel India Limited,Automobile & Auto Components,2022-05-26,2022-06-06,108.7085189819336,110.32367335737018,162,17610.78,17872.44,261.66,54.16,207.5,1.18,11,Trailing Stop Hit (20 EMA)
CLEAN.NS,Clean Science and Technology Limited,Chemicals & Fertilisers,2022-05-31,2022-06-06,1712.451171875,1729.341927103831,10,17124.51,17293.42,168.91,52.99,115.92,0.68,6,Trailing Stop Hit (20 EMA)
WELSPUNLIV.NS,Welspun Living Limited,Diversified & Others,2022-06-02,2022-06-06,69.05674743652344,69.8504629149012,260,17954.75,18161.12,206.37,54.86,151.51,0.84,4,Trailing Stop Hit (20 EMA)
GICRE.NS,General Insurance Corporation of India,Banking & Financial Services,2022-05-30,2022-06-07,104.15182495117188,102.68099103486622,170,17705.81,17455.77,-250.04,53.87,-303.91,-1.72,8,Trailing Stop Hit (20 EMA)
GRAPHITE.NS,Graphite India Limited,Information Technology,2022-06-03,2022-06-07,411.8416442871094,402.6108066530618,43,17709.19,17312.26,-396.93,53.71,-450.64,-2.54,4,Trailing Stop Hit (20 EMA)
UNIONBANK.NS,Union Bank of India,Banking & Financial Services,2022-05-30,2022-06-09,31.793712615966797,31.57371259361137,557,17709.1,17586.56,-122.54,54.0,-176.54,-1.0,10,Trailing Stop Hit (20 EMA)
GLAXO.NS,GlaxoSmithKline Pharmaceuticals Limited,Healthcare & Pharmaceuticals,2022-06-08,2022-06-10,1326.0042724609375,1324.7406499939407,13,17238.06,17221.63,-16.43,53.06,-69.49,-0.4,2,Trailing Stop Hit (20 EMA)
CREDITACC.NS,CREDITACCESS GRAMEEN LIMITED,Banking & Financial Services,2022-05-26,2022-06-13,971.7940673828125,1025.6751483105952,18,17492.29,18462.15,969.86,54.63,915.23,5.23,18,Trailing Stop Hit (20 EMA)
JINDALSAW.NS,Jindal Saw Limited,Information Technology,2022-06-10,2022-06-14,41.07469177246094,38.81628698734719,434,17826.42,16846.27,-980.15,53.36,-1033.51,-5.8,4,Trailing Stop Hit (20 EMA)
GABRIEL.NS,Gabriel India Limited,Automobile & Auto Components,2022-06-17,2022-06-21,115.91732788085938,112.02894485791685,153,17735.35,17140.43,-594.92,53.57,-648.49,-3.66,4,Trailing Stop Hit (20 EMA)
BLS.NS,BLS International Services Limited,Consumer Goods & Retail,2022-06-09,2022-06-22,94.82989501953125,95.73819526971869,188,17828.02,17998.78,170.76,54.55,116.21,0.65,13,Trailing Stop Hit (20 EMA)
ITI.NS,ITI Limited,Information Technology,2022-06-20,2022-06-22,93.0,89.69999694824219,190,17670.0,17043.0,-627.0,53.38,-680.38,-3.85,2,Trailing Stop Hit (20 EMA)
ASAHIINDIA.NS,Asahi India Glass Limited,Automobile & Auto Components,2022-06-17,2022-06-24,458.7148742675781,527.18,38,17431.17,20032.84,2601.67,56.18,2545.49,14.6,7,Target Hit (3x ATR)
KPIL.NS,Kalpataru Projects International Limited,"Construction, Materials & Infra",2022-06-23,2022-06-28,346.38836669921875,341.41017463033984,51,17665.81,17411.92,-253.89,53.76,-307.65,-1.74,5,Trailing Stop Hit (20 EMA)
ACE.NS,Action Construction Equipment Limited,Information Technology,2022-06-22,2022-06-30,210.0977020263672,207.88202263651797,84,17648.21,17462.09,-186.12,53.79,-239.91,-1.36,8,Trailing Stop Hit (20 EMA)
POLYMED.NS,Poly Medicure Limited,Healthcare & Pharmaceuticals,2022-06-23,2022-06-30,729.925048828125,718.6863145414663,24,17518.2,17248.47,-269.73,53.42,-323.15,-1.84,7,Trailing Stop Hit (20 EMA)
BANKBARODA.NS,Bank of Baroda,Banking & Financial Services,2022-06-24,2022-06-30,88.41558837890625,86.92895744925372,201,17771.53,17472.72,-298.81,53.95,-352.76,-1.98,6,Trailing Stop Hit (20 EMA)
LTFOODS.NS,LT Foods Limited,Consumer Goods & Retail,2022-06-28,2022-06-30,75.5416488647461,73.64065589183386,235,17752.29,17305.55,-446.74,53.75,-500.49,-2.82,2,Trailing Stop Hit (20 EMA)
JUBLINGREA.NS,Jubilant Ingrevia Limited,Chemicals & Fertilisers,2022-06-24,2022-07-01,473.5937805175781,455.91131058311464,37,17522.97,16868.72,-654.25,53.02,-707.27,-4.04,7,Trailing Stop Hit (20 EMA)
CUB.NS,City Union Bank Limited,Banking & Financial Services,2022-06-27,2022-07-01,98.74189758300781,94.99271741222334,180,17773.54,17098.69,-674.85,53.57,-728.42,-4.1,4,Trailing Stop Hit (20 EMA)
KALYANKJIL.NS,Kalyan Jewellers India Limited,Consumer Goods & Retail,2022-06-28,2022-07-01,59.9624137878418,58.028140629618875,296,17748.87,17176.33,-572.54,53.62,-626.16,-3.53,3,Trailing Stop Hit (20 EMA)
MOTILALOFS.NS,Motilal Oswal Financial Services Limited,Banking & Financial Services,2022-06-30,2022-07-04,745.0738525390625,726.9273317126328,23,17136.7,16719.33,-417.37,52.42,-469.79,-2.74,4,Trailing Stop Hit (20 EMA)
ITI.NS,ITI Limited,Information Technology,2022-06-22,2022-07-05,104.19999694824219,97.30719013657648,169,17609.8,16444.92,-1164.88,52.68,-1217.56,-6.91,13,Trailing Stop Hit (20 EMA)
MUTHOOTFIN.NS,Muthoot Finance Limited,Banking & Financial Services,2022-07-01,2022-07-08,985.6466064453125,980.7825378724108,17,16755.99,16673.3,-82.69,51.91,-134.6,-0.8,7,Trailing Stop Hit (20 EMA)
VOLTAS.NS,Voltas Limited,Consumer Goods & Retail,2022-07-06,2022-07-08,959.0328369140625,959.6790296911796,18,17262.59,17274.22,11.63,53.13,-41.5,-0.24,2,Trailing Stop Hit (20 EMA)
MMTC.NS,MMTC Limited,Services & Logistics,2022-06-24,2022-07-11,39.849998474121094,39.0,447,17812.95,17433.0,-379.95,53.95,-433.9,-2.44,17,Trailing Stop Hit (20 EMA)
USHAMART.NS,Usha Martin Limited,Information Technology,2022-06-27,2022-07-11,113.30638122558594,134.25,157,17789.1,21077.25,3288.15,57.71,3230.44,18.16,14,Target Hit (3x ATR)
DMART.NS,Avenue Supermarts Limited,Consumer Goods & Retail,2022-07-05,2022-07-11,3639.050048828125,4016.55,4,14556.2,16066.2,1510.0,48.67,1461.33,10.04,6,Target Hit (3x ATR)
INDIANB.NS,Indian Bank,Banking & Financial Services,2022-07-05,2022-07-11,137.76748657226562,150.68,127,17496.47,19136.36,1639.89,55.35,1584.54,9.06,6,Target Hit (3x ATR)
EIHOTEL.NS,EIH Limited,Consumer Goods & Retail,2022-07-07,2022-07-13,128.2682647705078,127.77637099617247,138,17701.02,17633.14,-67.88,54.03,-121.91,-0.69,6,Trailing Stop Hit (20 EMA)
ARE&M.NS,Amara Raja Energy & Mobility Limited,Automobile & Auto Components,2022-07-11,2022-07-13,452.01336669921875,447.3673006131689,39,17628.52,17447.32,-181.2,53.75,-234.95,-1.33,2,Trailing Stop Hit (20 EMA)
GRAPHITE.NS,Graphite India Limited,Information Technology,2022-07-07,2022-07-14,375.50933837890625,366.82685457958985,47,17648.94,17240.86,-408.08,53.56,-461.64,-2.62,7,Trailing Stop Hit (20 EMA)
J&KBANK.NS,The Jammu & Kashmir Bank Limited,Banking & Financial Services,2022-07-07,2022-07-15,25.552749633789062,25.26748947181694,694,17733.61,17535.64,-197.97,53.97,-251.94,-1.42,8,Trailing Stop Hit (20 EMA)
KPIL.NS,Kalpataru Projects International Limited,"Construction, Materials & Infra",2022-07-13,2022-07-15,346.10394287109375,339.6085392265409,51,17651.3,17320.04,-331.26,53.64,-384.9,-2.18,2,Trailing Stop Hit (20 EMA)
HINDZINC.NS,Hindustan Zinc Limited,Metals & Mining,2022-07-08,2022-07-18,180.7146453857422,200.06,98,17710.04,19605.88,1895.84,56.09,1839.75,10.39,10,Target Hit (3x ATR)
NATCOPHARM.NS,Natco Pharma Limited,Healthcare & Pharmaceuticals,2022-07-14,2022-07-18,629.4210815429688,619.7376748423956,28,17623.79,17352.65,-271.14,53.64,-324.78,-1.84,4,Trailing Stop Hit (20 EMA)
GLAXO.NS,GlaxoSmithKline Pharmaceuticals Limited,Healthcare & Pharmaceuticals,2022-07-04,2022-07-19,1334.9813232421875,1407.49,13,17354.76,18297.37,942.61,54.3,888.31,5.12,15,Target Hit (3x ATR)
JUBLINGREA.NS,Jubilant Ingrevia Limited,Chemicals & Fertilisers,2022-07-15,2022-07-19,479.0704650878906,537.37,37,17725.61,19882.69,2157.08,56.39,2100.69,11.85,4,Target Hit (3x ATR)
CHOLAFIN.NS,Cholamandalam Investment and Finance Company Limited,Banking & Financial Services,2022-07-15,2022-07-22,629.3093872070312,695.2,28,17620.66,19465.6,1844.94,55.83,1789.11,10.15,7,Target Hit (3x ATR)
AUBANK.NS,AU Small Finance Bank Limited,Banking & Financial Services,2022-07-21,2022-07-25,583.2637939453125,577.9777757475879,31,18081.18,17917.31,-163.87,54.77,-218.64,-1.21,4,Trailing Stop Hit (20 EMA)
NYKAA.NS,FSN E-Commerce Ventures Limited,Consumer Goods & Retail,2022-07-22,2022-07-26,242.30833435058594,236.4403986765482,75,18173.13,17733.03,-440.1,54.69,-494.79,-2.72,4,Trailing Stop Hit (20 EMA)
CLEAN.NS,Clean Science and Technology Limited,Chemicals & Fertilisers,2022-07-13,2022-07-27,1570.354736328125,1743.87,11,17273.9,19182.57,1908.67,55.12,1853.55,10.73,14,Target Hit (3x ATR)
WELSPUNLIV.NS,Welspun Living Limited,Diversified & Others,2022-07-18,2022-07-27,72.06329345703125,70.89837672322835,249,17943.76,17653.7,-290.06,54.32,-344.38,-1.92,9,Trailing Stop Hit (20 EMA)
ZYDUSWELL.NS,Zydus Wellness Limited,Consumer Goods & Retail,2022-07-28,2022-08-02,327.1626281738281,318.73580527563104,56,18321.11,17849.21,-471.9,54.98,-526.88,-2.88,5,Trailing Stop Hit (20 EMA)
CREDITACC.NS,CREDITACCESS GRAMEEN LIMITED,Banking & Financial Services,2022-07-29,2022-08-02,1048.138671875,1007.0321085260834,17,17818.36,17119.55,-698.81,53.64,-752.45,-4.22,4,Trailing Stop Hit (20 EMA)
GALLANTT.NS,Gallantt Ispat Limited,Information Technology,2022-07-25,2022-08-03,71.53975677490234,70.84925486915994,255,18242.64,18066.56,-176.08,55.12,-231.2,-1.27,9,Trailing Stop Hit (20 EMA)
MFSL.NS,Max Financial Services Limited,Banking & Financial Services,2022-07-29,2022-08-03,860.25,836.0267731388145,21,18065.25,17556.56,-508.69,54.39,-563.08,-3.12,5,Trailing Stop Hit (20 EMA)
MMTC.NS,MMTC Limited,Services & Logistics,2022-07-27,2022-08-04,39.54999923706055,39.35067538876651,462,18272.1,18180.01,-92.09,55.26,-147.35,-0.81,8,Trailing Stop Hit (20 EMA)
PGEL.NS,PG Electroplast Limited,Consumer Goods & Retail,2022-07-29,2022-08-05,93.65316009521484,91.92949014333325,196,18356.02,18018.18,-337.84,55.21,-393.05,-2.14,7,Trailing Stop Hit (20 EMA)
SONACOMS.NS,Sona BLW Precision Forgings Limited,Automobile & Auto Components,2022-08-01,2022-08-05,582.4591674804688,560.178258496755,31,18056.23,17365.53,-690.7,54.19,-744.89,-4.13,4,Trailing Stop Hit (20 EMA)
ENDURANCE.NS,Endurance Technologies Limited,Automobile & Auto Components,2022-08-03,2022-08-05,1437.029052734375,1415.9157296564922,12,17244.35,16990.99,-253.36,52.81,-306.17,-1.78,2,Trailing Stop Hit (20 EMA)
LAURUSLABS.NS,Laurus Labs Limited,Healthcare & Pharmaceuticals,2022-07-27,2022-08-10,508.01458740234375,556.81,35,17780.51,19488.35,1707.84,56.05,1651.79,9.29,14,Target Hit (3x ATR)
IPCALAB.NS,IPCA Laboratories Limited,Healthcare & Pharmaceuticals,2022-08-04,2022-08-10,1010.5303344726562,974.2020812071636,18,18189.55,17535.64,-653.91,54.51,-708.42,-3.89,6,Trailing Stop Hit (20 EMA)
IGL.NS,Indraprastha Gas Limited,"Energy, Power & Utilities",2022-08-10,2022-08-11,171.56893920898438,186.0,105,18014.74,19530.0,1515.26,56.36,1458.9,8.1,1,Target Hit (3x ATR)
DIVISLAB.NS,Divi's Laboratories Limited,Healthcare & Pharmaceuticals,2022-07-27,2022-08-12,3672.90771484375,3715.835518814329,4,14691.63,14863.34,171.71,47.56,124.15,0.85,16,Trailing Stop Hit (20 EMA)
CREDITACC.NS,CREDITACCESS GRAMEEN LIMITED,Banking & Financial Services,2022-08-10,2022-08-12,1036.580322265625,1004.404632741696,17,17621.87,17074.88,-546.99,53.35,-600.34,-3.41,2,Trailing Stop Hit (20 EMA)
ETERNAL.NS,ETERNAL LIMITED,Consumer Goods & Retail,2022-08-02,2022-08-16,55.54999923706055,66.86,328,18220.4,21930.08,3709.68,59.08,3650.6,20.04,14,Target Hit (3x ATR)
JWL.NS,Jupiter Wagons Limited,Information Technology,2022-08-10,2022-08-16,60.262847900390625,59.34853293806577,301,18139.12,17863.91,-275.21,54.78,-329.99,-1.82,6,Trailing Stop Hit (20 EMA)
ACE.NS,Action Construction Equipment Limited,Information Technology,2022-08-10,2022-08-17,224.96658325195312,246.41,80,17997.33,19712.8,1715.47,56.53,1658.94,9.22,7,Target Hit (3x ATR)
JSL.NS,Jindal Stainless Limited,Metals & Mining,2022-08-12,2022-08-18,115.69268798828125,129.65,158,18279.44,20484.7,2205.26,57.65,2147.61,11.75,6,Target Hit (3x ATR)
COFORGE.NS,Coforge Limited,Information Technology,2022-07-21,2022-08-19,687.1695556640625,766.88,26,17866.41,19938.88,2072.47,56.61,2015.86,11.28,29,Target Hit (3x ATR)
INDIANB.NS,Indian Bank,Banking & Financial Services,2022-08-11,2022-08-19,164.931640625,159.88819830289836,111,18307.41,17747.59,-559.82,54.87,-614.69,-3.36,8,Trailing Stop Hit (20 EMA)
ZYDUSWELL.NS,Zydus Wellness Limited,Consumer Goods & Retail,2022-08-17,2022-08-19,326.6679382324219,319.4783384693189,57,18620.07,18210.27,-409.8,55.7,-465.5,-2.5,2,Trailing Stop Hit (20 EMA)
BLS.NS,BLS International Services Limited,Consumer Goods & Retail,2022-08-17,2022-08-19,119.84591674804688,115.82069216889263,155,18576.12,17952.21,-623.91,55.39,-679.3,-3.66,2,Trailing Stop Hit (20 EMA)
JWL.NS,Jupiter Wagons Limited,Information Technology,2022-08-17,2022-08-19,59.86572265625,59.36932523875207,311,18618.24,18463.86,-154.38,55.96,-210.34,-1.13,2,Trailing Stop Hit (20 EMA)
OFSS.NS,Oracle Financial Services Software Limited,Information Technology,2022-08-02,2022-08-22,2784.399169921875,2781.653386253914,6,16706.4,16689.92,-16.48,51.88,-68.36,-0.41,20,Trailing Stop Hit (20 EMA)
MOTHERSON.NS,Samvardhana Motherson International Limited,Automobile & Auto Components,2022-08-16,2022-08-22,55.878318786621094,55.32167684823831,331,18495.72,18311.48,-184.24,55.66,-239.9,-1.3,6,Trailing Stop Hit (20 EMA)
POLYMED.NS,Poly Medicure Limited,Healthcare & Pharmaceuticals,2022-08-18,2022-08-22,744.8275756835938,733.260999663143,25,18620.69,18331.52,-289.17,55.82,-344.99,-1.85,4,Trailing Stop Hit (20 EMA)
ITI.NS,ITI Limited,Information Technology,2022-08-19,2022-08-23,117.80000305175781,113.0,158,18612.4,17854.0,-758.4,55.32,-813.72,-4.37,4,Trailing Stop Hit (20 EMA)
ZYDUSWELL.NS,Zydus Wellness Limited,Consumer Goods & Retail,2022-08-23,2022-08-25,319.9598693847656,319.62841709781196,58,18557.67,18538.45,-19.22,55.97,-75.19,-0.41,2,Trailing Stop Hit (20 EMA)
ANANTRAJ.NS,Anant Raj Limited,"Construction, Materials & Infra",2022-08-23,2022-08-25,71.7246322631836,83.13,259,18576.68,21530.67,2953.99,59.1,2894.89,15.58,2,Target Hit (3x ATR)
ATUL.NS,Atul Limited,Chemicals & Fertilisers,2022-08-23,2022-08-25,9093.3310546875,8933.851270690131,2,18186.66,17867.7,-318.96,54.85,-373.81,-2.06,2,Trailing Stop Hit (20 EMA)
LTFOODS.NS,LT Foods Limited,Consumer Goods & Retail,2022-08-11,2022-08-26,89.97915649414062,89.73025492519112,204,18355.75,18304.97,-50.78,55.49,-106.27,-0.58,15,Trailing Stop Hit (20 EMA)
ASAHIINDIA.NS,Asahi India Glass Limited,Automobile & Auto Components,2022-08-22,2022-08-26,572.5536499023438,641.76,32,18321.72,20536.32,2214.6,57.76,2156.84,11.77,4,Target Hit (3x ATR)
TRENT.NS,Trent Limited,Consumer Goods & Retail,2022-08-23,2022-08-29,1342.1075439453125,1334.3654427039748,13,17447.4,17346.75,-100.65,53.45,-154.1,-0.88,6,Trailing Stop Hit (20 EMA)
KPIL.NS,Kalpataru Projects International Limited,"Construction, Materials & Infra",2022-08-26,2022-08-30,377.05718994140625,405.55,50,18852.86,20277.5,1424.64,58.12,1366.52,7.25,4,Target Hit (3x ATR)
HINDUNILVR.NS,Hindustan Unilever Limited,Consumer Goods & Retail,2022-08-30,2022-09-02,2475.55712890625,2424.3472434361183,7,17328.9,16970.43,-358.47,52.89,-411.36,-2.37,3,Trailing Stop Hit (20 EMA)
VIJAYA.NS,Vijaya Diagnostic Centre Limited,Healthcare & Pharmaceuticals,2022-09-01,2022-09-06,359.0086669921875,400.3,52,18668.45,20815.6,2147.15,58.47,2088.68,11.19,5,Target Hit (3x ATR)
WOCKPHARMA.NS,Wockhardt Limited,Healthcare & Pharmaceuticals,2022-09-05,2022-09-07,242.6999969482422,271.3,78,18930.6,21161.4,2230.8,59.13,2171.67,11.47,2,Target Hit (3x ATR)
CREDITACC.NS,CREDITACCESS GRAMEEN LIMITED,Banking & Financial Services,2022-09-05,2022-09-09,1009.1478881835938,1004.736995306424,18,18164.66,18085.27,-79.39,55.04,-134.43,-0.74,4,Trailing Stop Hit (20 EMA)
BLS.NS,BLS International Services Limited,Consumer Goods & Retail,2022-08-30,2022-09-13,127.58661651611328,145.04,148,18882.82,21465.92,2583.1,59.39,2523.71,13.37,14,Target Hit (3x ATR)
WELSPUNLIV.NS,Welspun Living Limited,Diversified & Others,2022-09-08,2022-09-13,76.1544418334961,83.37,252,19190.92,21009.24,1818.32,59.29,1759.03,9.17,5,Target Hit (3x ATR)
MOTILALOFS.NS,Motilal Oswal Financial Services Limited,Banking & Financial Services,2022-09-12,2022-09-13,750.7171630859375,795.41,25,18767.93,19885.25,1117.32,57.63,1059.69,5.65,1,Target Hit (3x ATR)
CGPOWER.NS,CG Power and Industrial Solutions Limited,Information Technology,2022-09-12,2022-09-14,226.8582000732422,222.70590211296604,85,19282.95,18930.0,-352.95,57.23,-410.18,-2.13,2,Trailing Stop Hit (20 EMA)
PVRINOX.NS,PVR INOX Limited,Diversified & Others,2022-09-12,2022-09-14,1899.699951171875,1902.4770590567855,10,18997.0,19024.77,27.77,57.0,-29.23,-0.15,2,Trailing Stop Hit (20 EMA)
ARE&M.NS,Amara Raja Energy & Mobility Limited,Automobile & Auto Components,2022-09-05,2022-09-16,517.3611450195312,504.76496208142794,36,18625.0,18171.54,-453.46,55.66,-509.12,-2.73,11,Trailing Stop Hit (20 EMA)
CASTROLIND.NS,Castrol India Limited,"Energy, Power & Utilities",2022-09-08,2022-09-16,94.63813781738281,93.89129640967546,202,19116.9,18966.04,-150.86,57.09,-207.95,-1.09,8,Trailing Stop Hit (20 EMA)
FLUOROCHEM.NS,Gujarat Fluorochemicals Limited,Chemicals & Fertilisers,2022-09-12,2022-09-16,3609.179931640625,3433.8622658160416,5,18045.9,17169.31,-876.59,53.97,-930.56,-5.16,4,Trailing Stop Hit (20 EMA)
NATCOPHARM.NS,Natco Pharma Limited,Healthcare & Pharmaceuticals,2022-09-13,2022-09-16,607.7429809570312,611.3479728390962,32,19447.78,19563.14,115.36,58.1,57.26,0.29,3,Trailing Stop Hit (20 EMA)
MUTHOOTFIN.NS,Muthoot Finance Limited,Banking & Financial Services,2022-09-15,2022-09-19,1001.62255859375,976.7131801915282,19,19030.83,18557.55,-473.28,56.56,-529.84,-2.78,4,Trailing Stop Hit (20 EMA)
LTFOODS.NS,LT Foods Limited,Consumer Goods & Retail,2022-09-13,2022-09-20,98.48609924316406,111.45,200,19697.22,22290.0,2592.78,61.21,2531.57,12.85,7,Target Hit (3x ATR)
MFSL.NS,Max Financial Services Limited,Banking & Financial Services,2022-09-15,2022-09-20,813.0,812.1040628872698,24,19512.0,19490.5,-21.5,58.1,-79.6,-0.41,5,Trailing Stop Hit (20 EMA)
LTF.NS,L&T Finance Limited,Banking & Financial Services,2022-08-25,2022-09-21,75.97571563720703,75.84866515079383,249,18917.95,18886.32,-31.63,56.76,-88.39,-0.47,27,Trailing Stop Hit (20 EMA)
NATCOPHARM.NS,Natco Pharma Limited,Healthcare & Pharmaceuticals,2022-09-19,2022-09-22,620.253173828125,613.7357947287055,31,19227.85,19025.81,-202.04,57.29,-259.33,-1.35,3,Trailing Stop Hit (20 EMA)
ECLERX.NS,eClerx Services Limited,Services & Logistics,2022-09-21,2022-09-23,760.2144165039062,738.7078862231906,25,19005.36,18467.7,-537.66,56.43,-594.09,-3.13,2,Trailing Stop Hit (20 EMA)
JUBLINGREA.NS,Jubilant Ingrevia Limited,Chemicals & Fertilisers,2022-09-08,2022-09-26,473.57293701171875,482.12062893054406,40,18942.92,19284.83,341.91,57.19,284.72,1.5,18,Trailing Stop Hit (20 EMA)
IPCALAB.NS,IPCA Laboratories Limited,Healthcare & Pharmaceuticals,2022-09-26,2022-09-28,879.3029174804688,875.8621445710875,22,19344.66,19268.97,-75.69,57.66,-133.35,-0.69,2,Trailing Stop Hit (20 EMA)
IGL.NS,Indraprastha Gas Limited,"Energy, Power & Utilities",2022-09-27,2022-09-29,193.53883361816406,189.99730824249394,101,19547.42,19189.73,-357.69,57.83,-415.52,-2.13,2,Trailing Stop Hit (20 EMA)
ITI.NS,ITI Limited,Information Technology,2022-09-28,2022-09-30,112.1500015258789,105.0,174,19514.1,18270.0,-1244.1,56.83,-1300.93,-6.67,2,Trailing Stop Hit (20 EMA)
ERIS.NS,Eris Lifesciences Limited,Healthcare & Pharmaceuticals,2022-09-28,2022-09-30,690.9483032226562,687.7339141210826,28,19346.55,19256.55,-90.0,57.66,-147.66,-0.76,2,Trailing Stop Hit (20 EMA)
MUTHOOTFIN.NS,Muthoot Finance Limited,Banking & Financial Services,2022-09-28,2022-09-30,991.3185424804688,974.1782354708757,19,18835.05,18509.39,-325.66,56.28,-381.94,-2.03,2,Trailing Stop Hit (20 EMA)
DIVISLAB.NS,Divi's Laboratories Limited,Healthcare & Pharmaceuticals,2022-09-23,2022-10-10,3560.421142578125,3597.839410289851,5,17802.11,17989.2,187.09,54.51,132.58,0.74,17,Trailing Stop Hit (20 EMA)
GICRE.NS,General Insurance Corporation of India,Banking & Financial Services,2022-10-04,2022-10-10,112.09112548828125,110.0299889108593,173,19391.76,19035.19,-356.57,57.5,-414.07,-2.14,6,Trailing Stop Hit (20 EMA)
HEG.NS,HEG Limited,Information Technology,2022-10-06,2022-10-10,227.1055908203125,215.60948893475265,86,19531.08,18542.42,-988.66,57.13,-1045.79,-5.35,4,Trailing Stop Hit (20 EMA)
GRAPHITE.NS,Graphite India Limited,Information Technology,2022-10-06,2022-10-10,356.0924987792969,344.81606355748784,54,19228.99,18620.07,-608.92,56.85,-665.77,-3.46,4,Trailing Stop Hit (20 EMA)
MMTC.NS,MMTC Limited,Services & Logistics,2022-10-07,2022-10-11,36.349998474121094,35.849998474121094,535,19447.25,19179.75,-267.5,57.71,-325.21,-1.67,4,Trailing Stop Hit (20 EMA)
CUB.NS,City Union Bank Limited,Banking & Financial Services,2022-10-07,2022-10-11,129.5740509033203,127.35060382558461,150,19436.11,19102.59,-333.52,57.62,-391.14,-2.01,4,Trailing Stop Hit (20 EMA)
ACE.NS,Action Construction Equipment Limited,Information Technology,2022-10-10,2022-10-12,298.10797119140625,282.69421452307427,64,19078.91,18092.43,-986.48,56.14,-1042.62,-5.46,2,Trailing Stop Hit (20 EMA)
CASTROLIND.NS,Castrol India Limited,"Energy, Power & Utilities",2022-10-10,2022-10-13,94.02757263183594,100.61,205,19275.65,20625.05,1349.4,58.99,1290.41,6.69,3,Target Hit (3x ATR)
HINDZINC.NS,Hindustan Zinc Limited,Metals & Mining,2022-10-06,2022-10-17,210.2705535888672,208.23251837049844,92,19344.89,19157.39,-187.5,57.55,-245.05,-1.27,11,Trailing Stop Hit (20 EMA)
ABB.NS,ABB India Limited,Information Technology,2022-10-06,2022-10-17,3089.678466796875,3068.3862548992734,6,18538.07,18410.32,-127.75,55.82,-183.57,-0.99,11,Trailing Stop Hit (20 EMA)
HEG.NS,HEG Limited,Information Technology,2022-10-13,2022-10-17,211.92245483398438,210.5534804714492,91,19284.94,19160.37,-124.57,57.48,-182.05,-0.94,4,Trailing Stop Hit (20 EMA)
INDIANB.NS,Indian Bank,Banking & Financial Services,2022-10-17,2022-10-21,185.1236572265625,205.47,105,19437.98,21574.35,2136.37,60.17,2076.2,10.68,4,Target Hit (3x ATR)
CANBK.NS,Canara Bank,Banking & Financial Services,2022-10-17,2022-10-21,41.555606842041016,45.99,468,19448.02,21523.32,2075.3,60.13,2015.17,10.36,4,Target Hit (3x ATR)
LAURUSLABS.NS,Laurus Labs Limited,Healthcare & Pharmaceuticals,2022-10-19,2022-10-21,522.5985717773438,513.2452679542573,37,19336.15,18990.07,-346.08,57.36,-403.44,-2.09,2,Trailing Stop Hit (20 EMA)
SONACOMS.NS,Sona BLW Precision Forgings Limited,Automobile & Auto Components,2022-10-19,2022-10-21,474.359375,465.4181656853504,41,19448.73,19082.14,-366.59,57.61,-424.2,-2.18,2,Trailing Stop Hit (20 EMA)
PVRINOX.NS,PVR INOX Limited,Diversified & Others,2022-10-19,2022-10-21,1781.1500244140625,1747.050048828125,10,17811.5,17470.5,-341.0,53.99,-394.99,-2.22,2,Trailing Stop Hit (20 EMA)
JKCEMENT.NS,JK Cement Limited,"Construction, Materials & Infra",2022-10-20,2022-10-25,2643.50048828125,2565.315786868177,7,18504.5,17957.21,-547.29,55.31,-602.6,-3.26,5,Trailing Stop Hit (20 EMA)
HINDUNILVR.NS,Hindustan Unilever Limited,Consumer Goods & Retail,2022-10-21,2022-10-25,2470.018798828125,2406.823911204295,7,17290.13,16847.77,-442.36,52.72,-495.08,-2.86,4,Trailing Stop Hit (20 EMA)
SUMICHEM.NS,Sumitomo Chemical India Limited,Chemicals & Fertilisers,2022-10-18,2022-10-27,503.48614501953125,501.07765715942384,38,19132.47,19040.95,-91.52,57.19,-148.71,-0.78,9,Trailing Stop Hit (20 EMA)
ANANTRAJ.NS,Anant Raj Limited,"Construction, Materials & Infra",2022-09-30,2022-10-28,96.34429931640625,114.53,201,19365.2,23020.53,3655.33,61.58,3593.75,18.56,28,Target Hit (3x ATR)
USHAMART.NS,Usha Martin Limited,Information Technology,2022-10-12,2022-10-28,124.24606323242188,128.68783148296023,155,19258.14,19946.61,688.47,58.27,630.2,3.27,16,Trailing Stop Hit (20 EMA)
IPCALAB.NS,IPCA Laboratories Limited,Healthcare & Pharmaceuticals,2022-10-25,2022-10-28,922.9302978515625,893.5355175631247,21,19381.54,18764.25,-617.29,57.19,-674.48,-3.48,3,Trailing Stop Hit (20 EMA)
CUB.NS,City Union Bank Limited,Banking & Financial Services,2022-10-12,2022-10-31,134.02589416503906,133.4205257608676,143,19165.7,19079.14,-86.56,57.27,-143.83,-0.75,19,Trailing Stop Hit (20 EMA)
IPCALAB.NS,IPCA Laboratories Limited,Healthcare & Pharmaceuticals,2022-11-01,2022-11-03,911.6414184570312,896.6099593453129,21,19144.47,18828.81,-315.66,56.97,-372.63,-1.95,2,Trailing Stop Hit (20 EMA)
SONACOMS.NS,Sona BLW Precision Forgings Limited,Automobile & Auto Components,2022-11-01,2022-11-03,463.75946044921875,459.1189322809988,42,19477.9,19283.0,-194.9,57.84,-252.74,-1.3,2,Trailing Stop Hit (20 EMA)
ASAHIINDIA.NS,Asahi India Glass Limited,Automobile & Auto Components,2022-11-01,2022-11-03,623.947265625,605.6104424218072,31,19342.37,18773.92,-568.45,57.14,-625.59,-3.23,2,Trailing Stop Hit (20 EMA)
VOLTAS.NS,Voltas Limited,Consumer Goods & Retail,2022-11-01,2022-11-03,893.0569458007812,872.6684623312578,21,18754.2,18326.04,-428.16,55.98,-484.14,-2.58,2,Trailing Stop Hit (20 EMA)
GICRE.NS,General Insurance Corporation of India,Banking & Financial Services,2022-10-28,2022-11-07,109.83515930175781,118.04,178,19550.66,21011.12,1460.46,59.71,1400.75,7.16,10,Target Hit (3x ATR)
DIVISLAB.NS,Divi's Laboratories Limited,Healthcare & Pharmaceuticals,2022-11-01,2022-11-07,3749.8974609375,3584.407515786061,5,18749.49,17922.04,-827.45,55.56,-883.01,-4.71,6,Trailing Stop Hit (20 EMA)
ABB.NS,ABB India Limited,Information Technology,2022-11-01,2022-11-09,3054.119384765625,3052.211636780166,6,18324.72,18313.27,-11.45,55.45,-66.9,-0.37,8,Trailing Stop Hit (20 EMA)
ECLERX.NS,eClerx Services Limited,Services & Logistics,2022-11-04,2022-11-09,673.44189453125,666.6524624204748,29,19529.81,19332.92,-196.89,57.95,-254.84,-1.3,5,Trailing Stop Hit (20 EMA)
NATCOPHARM.NS,Natco Pharma Limited,Healthcare & Pharmaceuticals,2022-11-01,2022-11-10,606.3800659179688,594.7310368805737,32,19404.16,19031.39,-372.77,57.5,-430.27,-2.22,9,Trailing Stop Hit (20 EMA)
CHOLAFIN.NS,Cholamandalam Investment and Finance Company Limited,Banking & Financial Services,2022-11-02,2022-11-10,739.9608154296875,731.667732425598,26,19238.98,19023.36,-215.62,57.28,-272.9,-1.42,8,Trailing Stop Hit (20 EMA)
ABB.NS,ABB India Limited,Information Technology,2022-11-10,2022-11-14,3068.41064453125,3050.6347029330154,6,18410.46,18303.81,-106.65,55.55,-162.2,-0.88,4,Trailing Stop Hit (20 EMA)
GABRIEL.NS,Gabriel India Limited,Automobile & Auto Components,2022-11-03,2022-11-15,151.15223693847656,164.66,129,19498.64,21241.14,1742.5,59.89,1682.61,8.63,12,Target Hit (3x ATR)
JSWDULUX.NS,JSW Dulux Limited,Consumer Goods & Retail,2022-11-09,2022-11-15,1905.9930419921875,2069.79,10,19059.93,20697.9,1637.97,58.81,1579.16,8.29,6,Target Hit (3x ATR)
NYKAA.NS,FSN E-Commerce Ventures Limited,Consumer Goods & Retail,2022-11-11,2022-11-15,207.85000610351562,194.73289375751577,94,19537.9,18304.89,-1233.01,56.89,-1289.9,-6.6,4,Trailing Stop Hit (20 EMA)
MMTC.NS,MMTC Limited,Services & Logistics,2022-11-03,2022-11-16,36.25,36.064255443402445,537,19466.25,19366.51,-99.74,57.93,-157.67,-0.81,13,Trailing Stop Hit (20 EMA)
SOBHA.NS,Sobha Limited,"Construction, Materials & Infra",2022-11-14,2022-11-16,625.7533569335938,623.95249250834,31,19398.35,19342.53,-55.82,57.81,-113.63,-0.59,2,Trailing Stop Hit (20 EMA)
IGL.NS,Indraprastha Gas Limited,"Energy, Power & Utilities",2022-10-25,2022-11-17,186.53765869140625,189.58077536865636,104,19399.92,19716.4,316.48,58.21,258.27,1.33,23,Trailing Stop Hit (20 EMA)
TEGA.NS,Tega Industries Limited,Information Technology,2022-11-11,2022-11-17,558.6383056640625,547.3124354487115,35,19552.34,19155.94,-396.4,57.8,-454.2,-2.32,6,Trailing Stop Hit (20 EMA)
COFORGE.NS,Coforge Limited,Information Technology,2022-11-11,2022-11-18,744.7704467773438,727.8494331672896,26,19364.03,18924.09,-439.94,57.32,-497.26,-2.57,7,Trailing Stop Hit (20 EMA)
ASAHIINDIA.NS,Asahi India Glass Limited,Automobile & Auto Components,2022-11-17,2022-11-21,627.7632446289062,616.8451942125649,31,19460.66,19122.2,-338.46,57.66,-396.12,-2.04,4,Trailing Stop Hit (20 EMA)
ABB.NS,ABB India Limited,Information Technology,2022-11-17,2022-11-21,3025.101318359375,3001.653777315903,6,18150.61,18009.92,-140.69,54.94,-195.63,-1.08,4,Trailing Stop Hit (20 EMA)
HOMEFIRST.NS,Home First Finance Company India Limited,Banking & Financial Services,2022-11-17,2022-11-21,721.7887573242188,708.9876435536308,26,18766.51,18433.68,-332.83,56.11,-388.94,-2.07,4,Trailing Stop Hit (20 EMA)
POLYMED.NS,Poly Medicure Limited,Healthcare & Pharmaceuticals,2022-11-04,2022-11-22,945.7601928710938,952.6376717748502,20,18915.2,19052.75,137.55,56.94,80.61,0.43,18,Trailing Stop Hit (20 EMA)
HEG.NS,HEG Limited,Information Technology,2022-11-18,2022-11-22,201.82272338867188,198.8984764667792,96,19374.98,19094.25,-280.73,57.53,-338.26,-1.75,4,Trailing Stop Hit (20 EMA)
IGL.NS,Indraprastha Gas Limited,"Energy, Power & Utilities",2022-11-18,2022-11-22,191.29664611816406,189.93596712025527,101,19320.96,19183.53,-137.43,57.55,-194.98,-1.01,4,Trailing Stop Hit (20 EMA)
KPRMILL.NS,K.P.R. Mill Limited,Diversified & Others,2022-11-18,2022-11-22,554.0006103515625,537.7459144620702,35,19390.02,18821.11,-568.91,57.26,-626.17,-3.23,4,Trailing Stop Hit (20 EMA)
MMTC.NS,MMTC Limited,Services & Logistics,2022-11-23,2022-11-28,37.45000076293945,41.83,516,19324.2,21584.28,2260.08,60.03,2200.05,11.38,5,Target Hit (3x ATR)
SUMICHEM.NS,Sumitomo Chemical India Limited,Chemicals & Fertilisers,2022-11-24,2022-11-28,462.7593994140625,459.5814226848565,41,18973.14,18842.84,-130.3,56.77,-187.07,-0.99,4,Trailing Stop Hit (20 EMA)
JWL.NS,Jupiter Wagons Limited,Information Technology,2022-11-09,2022-11-29,76.64400482177734,86.03,255,19544.22,21937.65,2393.43,60.66,2332.77,11.94,20,Target Hit (3x ATR)
USHAMART.NS,Usha Martin Limited,Information Technology,2022-11-24,2022-11-29,132.3901824951172,129.9764751804658,146,19328.97,18976.57,-352.4,57.34,-409.74,-2.12,5,Trailing Stop Hit (20 EMA)
SUMICHEM.NS,Sumitomo Chemical India Limited,Chemicals & Fertilisers,2022-11-30,2022-12-02,462.6127624511719,460.0215134019099,42,19429.74,19320.9,-108.84,57.82,-166.66,-0.86,2,Trailing Stop Hit (20 EMA)
EIHOTEL.NS,EIH Limited,Consumer Goods & Retail,2022-11-30,2022-12-02,175.9754180908203,172.13917212634158,112,19709.25,19279.59,-429.66,58.12,-487.78,-2.47,2,Trailing Stop Hit (20 EMA)
WELSPUNLIV.NS,Welspun Living Limited,Diversified & Others,2022-11-24,2022-12-05,79.21047973632812,78.25551689334965,244,19327.36,19094.35,-233.01,57.47,-290.48,-1.5,11,Trailing Stop Hit (20 EMA)
VIJAYA.NS,Vijaya Diagnostic Centre Limited,Healthcare & Pharmaceuticals,2022-11-30,2022-12-05,486.79022216796875,458.6377541510158,40,19471.61,18345.51,-1126.1,56.86,-1182.96,-6.08,5,Trailing Stop Hit (20 EMA)
TATACOMM.NS,Tata Communications Limited,Information Technology,2022-12-02,2022-12-06,1261.55322265625,1235.262501221868,15,18923.3,18528.94,-394.36,56.39,-450.75,-2.38,4,Trailing Stop Hit (20 EMA)
ATUL.NS,Atul Limited,Chemicals & Fertilisers,2022-11-28,2022-12-07,8295.232421875,8314.626586605504,2,16590.46,16629.25,38.79,51.66,-12.87,-0.08,9,Trailing Stop Hit (20 EMA)
SOBHA.NS,Sobha Limited,"Construction, Materials & Infra",2022-12-02,2022-12-07,629.3090209960938,626.8578778108944,31,19508.58,19432.59,-75.99,58.04,-134.03,-0.69,5,Trailing Stop Hit (20 EMA)
CLEAN.NS,Clean Science and Technology Limited,Chemicals & Fertilisers,2022-12-05,2022-12-07,1529.161865234375,1504.5083868188744,13,19879.1,19558.61,-320.49,58.6,-379.09,-1.91,2,Trailing Stop Hit (20 EMA)
GRAVITA.NS,Gravita India Limited,Metals & Mining,2022-12-05,2022-12-08,371.66339111328125,412.43,53,19698.16,21858.79,2160.63,60.77,2099.86,10.66,3,Target Hit (3x ATR)
MFSL.NS,Max Financial Services Limited,Banking & Financial Services,2022-11-28,2022-12-09,684.4000244140625,694.3529159334364,28,19163.2,19441.88,278.68,57.63,221.05,1.15,11,Trailing Stop Hit (20 EMA)
KALYANKJIL.NS,Kalyan Jewellers India Limited,Consumer Goods & Retail,2022-11-30,2022-12-12,105.04581451416016,117.89,187,19643.57,22045.43,2401.86,60.89,2340.97,11.92,12,Target Hit (3x ATR)
FEDERALBNK.NS,The Federal Bank  Limited,Banking & Financial Services,2022-12-08,2022-12-12,132.68397521972656,130.61526250302734,148,19637.23,19331.06,-306.17,58.08,-364.25,-1.85,4,Trailing Stop Hit (20 EMA)
SAMMAANCAP.NS,Sammaan Capital Limited,Banking & Financial Services,2022-11-25,2022-12-13,120.79591369628906,120.7894664559797,160,19327.35,19326.31,-1.04,57.71,-58.75,-0.3,18,Trailing Stop Hit (20 EMA)
ERIS.NS,Eris Lifesciences Limited,Healthcare & Pharmaceuticals,2022-12-09,2022-12-13,668.6947631835938,658.2108774820964,29,19392.15,19088.12,-304.03,57.55,-361.58,-1.86,4,Trailing Stop Hit (20 EMA)
BLS.NS,BLS International Services Limited,Consumer Goods & Retail,2022-11-30,2022-12-14,183.50123596191406,202.4,107,19634.63,21656.8,2022.17,60.48,1961.69,9.99,14,Target Hit (3x ATR)
PVRINOX.NS,PVR INOX Limited,Diversified & Others,2022-11-23,2022-12-15,1788.699951171875,1859.5953060325721,10,17887.0,18595.95,708.95,55.24,653.71,3.65,22,Trailing Stop Hit (20 EMA)
MOTILALOFS.NS,Motilal Oswal Financial Services Limited,Banking & Financial Services,2022-12-14,2022-12-15,658.0390625,694.33,30,19741.17,20829.9,1088.73,59.76,1028.97,5.21,1,Target Hit (3x ATR)
CANBK.NS,Canara Bank,Banking & Financial Services,2022-12-08,2022-12-16,56.78449249267578,55.53131382556735,346,19647.43,19213.83,-433.6,57.97,-491.57,-2.5,8,Trailing Stop Hit (20 EMA)
TATACOMM.NS,Tata Communications Limited,Information Technology,2022-12-13,2022-12-16,1305.369384765625,1243.37746468295,15,19580.54,18650.66,-929.88,57.3,-987.18,-5.04,3,Trailing Stop Hit (20 EMA)
ANANTRAJ.NS,Anant Raj Limited,"Construction, Materials & Infra",2022-12-13,2022-12-16,106.519775390625,103.74154042416576,186,19812.68,19295.93,-516.75,58.25,-575.0,-2.9,3,Trailing Stop Hit (20 EMA)
COFORGE.NS,Coforge Limited,Information Technology,2022-12-14,2022-12-16,761.5188598632812,732.7990749605464,26,19799.49,19052.78,-746.71,57.99,-804.7,-4.06,2,Trailing Stop Hit (20 EMA)
INDIANB.NS,Indian Bank,Banking & Financial Services,2022-12-13,2022-12-21,266.2086181640625,256.87555183603837,74,19699.44,19008.79,-690.65,57.81,-748.46,-3.8,8,Trailing Stop Hit (20 EMA)
USHAMART.NS,Usha Martin Limited,Information Technology,2022-12-19,2022-12-21,143.3944091796875,132.26835475023557,137,19645.03,18120.76,-1524.27,56.84,-1581.11,-8.05,2,Trailing Stop Hit (20 EMA)
LTFOODS.NS,LT Foods Limited,Consumer Goods & Retail,2022-12-19,2022-12-22,120.84060668945312,113.56833805287322,162,19576.18,18398.07,-1178.11,57.05,-1235.16,-6.31,3,Trailing Stop Hit (20 EMA)
GALLANTT.NS,Gallantt Ispat Limited,Information Technology,2022-12-20,2022-12-22,63.126251220703125,61.08509777275647,312,19695.39,19058.55,-636.84,57.87,-694.71,-3.53,2,Trailing Stop Hit (20 EMA)
VIJAYA.NS,Vijaya Diagnostic Centre Limited,Healthcare & Pharmaceuticals,2022-12-21,2022-12-22,475.8974914550781,438.71,40,19035.9,17548.4,-1487.5,55.54,-1543.04,-8.11,1,Stop Loss Hit (2x ATR)
WOCKPHARMA.NS,Wockhardt Limited,Healthcare & Pharmaceuticals,2022-12-22,2022-12-23,236.35000610351562,221.7,81,19144.35,17957.7,-1186.65,56.07,-1242.72,-6.49,1,Stop Loss Hit (2x ATR)
GALLANTT.NS,Gallantt Ispat Limited,Information Technology,2022-12-27,2022-12-29,62.72797393798828,61.483371921461455,306,19194.76,18813.91,-380.85,57.01,-437.86,-2.28,2,Trailing Stop Hit (20 EMA)
ADANIENSOL.NS,Adani Energy Solutions Limited,"Energy, Power & Utilities",2022-12-29,2023-01-02,2669.5,2609.60009765625,7,18686.5,18267.2,-419.3,55.84,-475.14,-2.54,4,Trailing Stop Hit (20 EMA)
AUBANK.NS,AU Small Finance Bank Limited,Banking & Financial Services,2022-12-29,2023-01-02,662.0155029296875,653.558675033895,29,19198.45,18953.2,-245.25,57.16,-302.41,-1.58,4,Trailing Stop Hit (20 EMA)
DMART.NS,Avenue Supermarts Limited,Consumer Goods & Retail,2022-12-29,2023-01-03,4178.2998046875,4051.99567265852,4,16713.2,16207.98,-505.22,51.38,-556.6,-3.33,5,Trailing Stop Hit (20 EMA)
PGEL.NS,PG Electroplast Limited,Consumer Goods & Retail,2022-12-26,2023-01-04,106.4283676147461,109.09144433581461,180,19157.11,19636.46,479.35,57.83,421.52,2.2,9,Trailing Stop Hit (20 EMA)
SAMMAANCAP.NS,Sammaan Capital Limited,Banking & Financial Services,2022-12-27,2023-01-04,130.1518096923828,128.02527538373045,147,19132.32,18819.72,-312.6,56.95,-369.55,-1.93,8,Trailing Stop Hit (20 EMA)
GALLANTT.NS,Gallantt Ispat Limited,Information Technology,2023-01-02,2023-01-04,64.42063903808594,61.93093896525933,297,19132.93,18393.49,-739.44,56.51,-795.95,-4.16,2,Trailing Stop Hit (20 EMA)
EIHOTEL.NS,EIH Limited,Consumer Goods & Retail,2022-12-30,2023-01-05,174.40159606933594,171.3921891177596,109,19009.77,18681.75,-328.02,56.64,-384.66,-2.02,6,Trailing Stop Hit (20 EMA)
SUMICHEM.NS,Sumitomo Chemical India Limited,Chemicals & Fertilisers,2022-12-30,2023-01-09,477.3780517578125,470.6095833575131,40,19095.12,18824.38,-270.74,56.91,-327.65,-1.72,10,Trailing Stop Hit (20 EMA)
J&KBANK.NS,The Jammu & Kashmir Bank Limited,Banking & Financial Services,2022-12-26,2023-01-10,53.35031509399414,52.45918259914041,359,19152.76,18832.85,-319.91,56.98,-376.89,-1.97,15,Trailing Stop Hit (20 EMA)
ABB.NS,ABB India Limited,Information Technology,2023-01-06,2023-01-10,2755.16552734375,2724.421473208036,6,16530.99,16346.53,-184.46,51.31,-235.77,-1.43,4,Trailing Stop Hit (20 EMA)
SOBHA.NS,Sobha Limited,"Construction, Materials & Infra",2023-01-06,2023-01-11,577.8502807617188,577.0023015138812,32,18491.21,18464.07,-27.14,55.81,-82.95,-0.45,5,Trailing Stop Hit (20 EMA)
IPCALAB.NS,IPCA Laboratories Limited,Healthcare & Pharmaceuticals,2023-01-09,2023-01-11,866.7805786132812,851.8866326229602,21,18202.39,17889.62,-312.77,54.88,-367.65,-2.02,2,Trailing Stop Hit (20 EMA)
AXISBANK.NS,Axis Bank Limited,Banking & Financial Services,2022-12-29,2023-01-12,931.3624267578125,935.6961969529154,20,18627.25,18713.92,86.67,56.23,30.44,0.16,14,Trailing Stop Hit (20 EMA)
HEG.NS,HEG Limited,Information Technology,2023-01-02,2023-01-12,207.14541625976562,200.72379822202797,92,19057.38,18466.59,-590.79,56.51,-647.3,-3.4,10,Trailing Stop Hit (20 EMA)
SONACOMS.NS,Sona BLW Precision Forgings Limited,Automobile & Auto Components,2023-01-10,2023-01-12,437.13751220703125,418.6542109398855,43,18796.91,18002.13,-794.78,55.7,-850.48,-4.52,2,Trailing Stop Hit (20 EMA)
OFSS.NS,Oracle Financial Services Software Limited,Information Technology,2023-01-10,2023-01-16,2550.84521484375,2654.95,7,17855.92,18584.65,728.73,55.19,673.54,3.77,6,Target Hit (3x ATR)
PVRINOX.NS,PVR INOX Limited,Diversified & Others,2023-01-12,2023-01-16,1753.3499755859375,1727.5675363960258,10,17533.5,17275.68,-257.82,53.46,-311.28,-1.78,4,Trailing Stop Hit (20 EMA)
MINDACORP.NS,Minda Corporation Limited,Automobile & Auto Components,2023-01-05,2023-01-17,216.1983642578125,236.39,87,18809.26,20565.93,1756.67,58.37,1698.3,9.03,12,Target Hit (3x ATR)
ITI.NS,ITI Limited,Information Technology,2023-01-13,2023-01-17,109.3499984741211,105.62232526072873,172,18808.2,18167.04,-641.16,55.89,-697.05,-3.71,4,Trailing Stop Hit (20 EMA)
CHOLAFIN.NS,Cholamandalam Investment and Finance Company Limited,Banking & Financial Services,2023-01-13,2023-01-17,707.1708374023438,688.887892815253,26,18386.44,17911.09,-475.35,55.13,-530.48,-2.89,4,Trailing Stop Hit (20 EMA)
TMPV.NS,Tata Motors Passenger Vehicles Limited,Automobile & Auto Components,2023-01-10,2023-01-19,402.2603454589844,394.35533950590366,47,18906.24,18534.7,-371.54,56.38,-427.92,-2.26,9,Trailing Stop Hit (20 EMA)
HINDUNILVR.NS,Hindustan Unilever Limited,Consumer Goods & Retail,2023-01-17,2023-01-19,2499.38134765625,2452.05959253045,7,17495.67,17164.42,-331.25,53.3,-384.55,-2.2,2,Trailing Stop Hit (20 EMA)
TATACOMM.NS,Tata Communications Limited,Information Technology,2023-01-02,2023-01-20,1257.73486328125,1286.1817375214919,15,18866.02,19292.73,426.71,57.12,369.59,1.96,18,Trailing Stop Hit (20 EMA)
CREDITACC.NS,CREDITACCESS GRAMEEN LIMITED,Banking & Financial Services,2023-01-18,2023-01-23,887.7108154296875,886.3264962484151,21,18641.93,18612.86,-29.07,56.14,-85.21,-0.46,5,Trailing Stop Hit (20 EMA)
LTF.NS,L&T Finance Limited,Banking & Financial Services,2023-01-09,2023-01-24,86.5252685546875,87.04596432768018,219,18949.03,19063.07,114.04,56.98,57.06,0.3,15,Trailing Stop Hit (20 EMA)
GRAVITA.NS,Gravita India Limited,Metals & Mining,2023-01-13,2023-01-24,436.7525634765625,494.29,43,18780.36,21254.47,2474.11,59.05,2415.06,12.86,11,Target Hit (3x ATR)
KPIL.NS,Kalpataru Projects International Limited,"Construction, Materials & Infra",2023-01-20,2023-01-24,534.4819946289062,517.1500288031938,35,18706.87,18100.25,-606.62,55.71,-662.33,-3.54,4,Trailing Stop Hit (20 EMA)
BLS.NS,BLS International Services Limited,Consumer Goods & Retail,2023-01-18,2023-01-25,180.5986785888672,173.00401496627262,105,18962.86,18165.42,-797.44,56.06,-853.5,-4.5,7,Trailing Stop Hit (20 EMA)
AUBANK.NS,AU Small Finance Bank Limited,Banking & Financial Services,2023-01-23,2023-01-25,637.6400756835938,630.2776641661313,29,18491.56,18278.05,-213.51,55.62,-269.13,-1.46,2,Trailing Stop Hit (20 EMA)
ENDURANCE.NS,Endurance Technologies Limited,Automobile & Auto Components,2023-01-17,2023-01-30,1399.505126953125,1401.6237377270902,13,18193.57,18221.11,27.54,55.21,-27.67,-0.15,13,Trailing Stop Hit (20 EMA)
ARE&M.NS,Amara Raja Energy & Mobility Limited,Automobile & Auto Components,2023-01-27,2023-01-31,558.370361328125,541.5579510438747,33,18426.22,17871.41,-554.81,55.13,-609.94,-3.31,4,Trailing Stop Hit (20 EMA)
FIVESTAR.NS,Five-Star Business Finance Limited,Banking & Financial Services,2023-01-30,2023-02-01,606.7371215820312,592.5226085822753,31,18808.85,18368.2,-440.65,56.1,-496.75,-2.64,2,Trailing Stop Hit (20 EMA)
INDIANB.NS,Indian Bank,Banking & Financial Services,2023-01-30,2023-02-01,268.78924560546875,262.53727329560047,70,18815.25,18377.61,-437.64,56.12,-493.76,-2.62,2,Trailing Stop Hit (20 EMA)
JINDALSAW.NS,Jindal Saw Limited,Information Technology,2023-01-27,2023-02-02,56.107887268066406,63.49,335,18796.14,21269.15,2473.01,59.09,2413.92,12.84,6,Target Hit (3x ATR)
POLYMED.NS,Poly Medicure Limited,Healthcare & Pharmaceuticals,2023-01-31,2023-02-02,889.0146484375,853.9147244631682,21,18669.31,17932.21,-737.1,55.47,-792.57,-4.25,2,Trailing Stop Hit (20 EMA)
ASAHIINDIA.NS,Asahi India Glass Limited,Automobile & Auto Components,2023-01-31,2023-02-02,503.5190124511719,495.589554790713,37,18630.2,18336.81,-293.39,55.84,-349.23,-1.87,2,Trailing Stop Hit (20 EMA)
MAZDOCK.NS,Mazagon Dock Shipbuilders Limited,Information Technology,2023-01-31,2023-02-02,385.3722839355469,360.9601043393155,48,18497.87,17326.09,-1171.78,54.65,-1226.43,-6.63,2,Trailing Stop Hit (20 EMA)
VOLTAS.NS,Voltas Limited,Consumer Goods & Retail,2023-01-31,2023-02-02,788.6156616210938,778.5136255316144,23,18138.16,17905.81,-232.35,54.83,-287.18,-1.58,2,Trailing Stop Hit (20 EMA)
EIHOTEL.NS,EIH Limited,Consumer Goods & Retail,2023-02-01,2023-02-03,172.58181762695312,166.34790605998427,107,18466.25,17799.23,-667.02,55.11,-722.13,-3.91,2,Trailing Stop Hit (20 EMA)
CREDITACC.NS,CREDITACCESS GRAMEEN LIMITED,Banking & Financial Services,2023-02-01,2023-02-03,893.7628173828125,882.130122292683,20,17875.26,17642.6,-232.66,54.24,-286.9,-1.61,2,Trailing Stop Hit (20 EMA)
ARE&M.NS,Amara Raja Energy & Mobility Limited,Automobile & Auto Components,2023-02-01,2023-02-07,572.003173828125,565.467511587538,32,18304.1,18094.96,-209.14,55.21,-264.35,-1.44,6,Trailing Stop Hit (20 EMA)
BLS.NS,BLS International Services Limited,Consumer Goods & Retail,2023-01-31,2023-02-09,180.10670471191406,175.71243124161197,104,18731.1,18274.09,-457.01,55.9,-512.91,-2.74,9,Trailing Stop Hit (20 EMA)
GLAXO.NS,GlaxoSmithKline Pharmaceuticals Limited,Healthcare & Pharmaceuticals,2023-02-08,2023-02-10,1183.5364990234375,1175.1617879730052,15,17753.05,17627.43,-125.62,54.08,-179.7,-1.01,2,Trailing Stop Hit (20 EMA)
ETERNAL.NS,ETERNAL LIMITED,Consumer Goods & Retail,2023-02-08,2023-02-10,54.29999923706055,51.41860391783698,342,18570.6,17585.16,-985.44,55.01,-1040.45,-5.6,2,Trailing Stop Hit (20 EMA)
POLYMED.NS,Poly Medicure Limited,Healthcare & Pharmaceuticals,2023-02-08,2023-02-10,884.3975219726562,866.3759384344734,21,18572.35,18193.89,-378.46,55.63,-434.09,-2.34,2,Trailing Stop Hit (20 EMA)
CLEAN.NS,Clean Science and Technology Limited,Chemicals & Fertilisers,2023-02-02,2023-02-13,1454.00390625,1419.563087294622,12,17448.05,17034.76,-413.29,53.12,-466.41,-2.67,11,Trailing Stop Hit (20 EMA)
EIHOTEL.NS,EIH Limited,Consumer Goods & Retail,2023-02-09,2023-02-13,166.87661743164062,166.04516973435065,111,18523.3,18431.01,-92.29,55.82,-148.11,-0.8,4,Trailing Stop Hit (20 EMA)
JSWDULUX.NS,JSW Dulux Limited,Consumer Goods & Retail,2023-02-10,2023-02-14,2014.3995361328125,1948.8164132225552,9,18129.6,17539.35,-590.25,54.44,-644.69,-3.56,4,Trailing Stop Hit (20 EMA)
NATCOPHARM.NS,Natco Pharma Limited,Healthcare & Pharmaceuticals,2023-02-13,2023-02-15,520.5105590820312,515.6851433142108,35,18217.87,18048.98,-168.89,55.07,-223.96,-1.23,2,Trailing Stop Hit (20 EMA)
PGEL.NS,PG Electroplast Limited,Consumer Goods & Retail,2023-02-07,2023-02-17,114.20240783691406,132.65,162,18500.79,21489.3,2988.51,58.97,2929.54,15.83,10,Target Hit (3x ATR)
MAZDOCK.NS,Mazagon Dock Shipbuilders Limited,Information Technology,2023-02-16,2023-02-20,368.9517517089844,363.13602552533706,50,18447.59,18156.8,-290.79,55.46,-346.25,-1.88,4,Trailing Stop Hit (20 EMA)
TEGA.NS,Tega Industries Limited,Information Technology,2023-01-31,2023-02-21,610.7725219726562,622.1497879385024,30,18323.18,18664.49,341.31,55.81,285.5,1.56,21,Trailing Stop Hit (20 EMA)
MMTC.NS,MMTC Limited,Services & Logistics,2023-02-17,2023-02-21,33.599998474121094,33.25,552,18547.2,18354.0,-193.2,55.77,-248.97,-1.34,4,Trailing Stop Hit (20 EMA)
SUMICHEM.NS,Sumitomo Chemical India Limited,Chemicals & Fertilisers,2023-02-20,2023-02-23,465.1551208496094,444.3403229425308,39,18141.05,17329.27,-811.78,54.23,-866.01,-4.77,3,Trailing Stop Hit (20 EMA)
ATUL.NS,Atul Limited,Chemicals & Fertilisers,2023-02-21,2023-02-23,7094.00146484375,7037.555458899445,2,14188.0,14075.11,-112.89,46.17,-159.06,-1.12,2,Trailing Stop Hit (20 EMA)
WOCKPHARMA.NS,Wockhardt Limited,Healthcare & Pharmaceuticals,2023-02-22,2023-02-24,196.35000610351562,197.60844904163454,93,18260.55,18377.59,117.04,55.46,61.58,0.34,2,Trailing Stop Hit (20 EMA)
KALYANKJIL.NS,Kalyan Jewellers India Limited,Consumer Goods & Retail,2023-02-20,2023-02-27,117.69297790527344,114.36613969565192,157,18477.8,17955.48,-522.32,55.28,-577.6,-3.13,7,Trailing Stop Hit (20 EMA)
SOBHA.NS,Sobha Limited,"Construction, Materials & Infra",2023-02-27,2023-03-01,585.55419921875,569.1585052162675,31,18152.18,17643.91,-508.27,54.56,-562.83,-3.1,2,Trailing Stop Hit (20 EMA)
OFSS.NS,Oracle Financial Services Software Limited,Information Technology,2023-02-27,2023-03-01,2668.720458984375,2665.239190623584,6,16012.32,15991.44,-20.88,50.32,-71.2,-0.44,2,Trailing Stop Hit (20 EMA)
MINDACORP.NS,Minda Corporation Limited,Automobile & Auto Components,2023-03-01,2023-03-03,203.64120483398438,200.87057653483888,89,18124.07,17877.48,-246.59,54.78,-301.37,-1.66,2,Trailing Stop Hit (20 EMA)
AXISBANK.NS,Axis Bank Limited,Banking & Financial Services,2023-03-01,2023-03-03,862.1992797851562,846.8516273977227,21,18106.18,17783.88,-322.3,54.67,-376.97,-2.08,2,Trailing Stop Hit (20 EMA)
UNIONBANK.NS,Union Bank of India,Banking & Financial Services,2023-03-03,2023-03-08,64.10939025878906,62.588059043995614,284,18207.07,17775.01,-432.06,54.78,-486.84,-2.67,5,Trailing Stop Hit (20 EMA)
INDIANB.NS,Indian Bank,Banking & Financial Services,2023-03-03,2023-03-10,264.57879638671875,255.1980032879214,69,18255.94,17608.66,-647.28,54.66,-701.94,-3.84,7,Trailing Stop Hit (20 EMA)
PNB.NS,Punjab National Bank,Banking & Financial Services,2023-03-03,2023-03-10,47.73151779174805,46.48755604097053,382,18233.44,17758.25,-475.19,54.79,-529.98,-2.91,7,Trailing Stop Hit (20 EMA)
IGL.NS,Indraprastha Gas Limited,"Energy, Power & Utilities",2023-03-06,2023-03-10,205.1054229736328,200.95078550772843,88,18049.28,17683.67,-365.61,54.5,-420.11,-2.33,4,Trailing Stop Hit (20 EMA)
CLEAN.NS,Clean Science and Technology Limited,Chemicals & Fertilisers,2023-03-06,2023-03-10,1422.7462158203125,1402.4061120681022,12,17072.95,16828.87,-244.08,52.45,-296.53,-1.74,4,Trailing Stop Hit (20 EMA)
VIJAYA.NS,Vijaya Diagnostic Centre Limited,Healthcare & Pharmaceuticals,2023-03-08,2023-03-10,410.6406555175781,399.1557342745417,44,18068.19,17562.85,-505.34,54.39,-559.73,-3.1,2,Trailing Stop Hit (20 EMA)
FEDERALBNK.NS,The Federal Bank  Limited,Banking & Financial Services,2023-03-01,2023-03-13,131.31558227539062,128.8935752161252,139,18252.87,17916.21,-336.66,54.97,-391.63,-2.15,12,Trailing Stop Hit (20 EMA)
EIHOTEL.NS,EIH Limited,Consumer Goods & Retail,2023-03-08,2023-03-13,167.41763305664062,161.1964382810909,109,18248.52,17570.41,-678.11,54.61,-732.72,-4.02,5,Trailing Stop Hit (20 EMA)
HEG.NS,HEG Limited,Information Technology,2023-03-09,2023-03-13,193.81948852539062,189.72140712732306,93,18025.21,17644.09,-381.12,54.42,-435.54,-2.42,4,Trailing Stop Hit (20 EMA)
LTFOODS.NS,LT Foods Limited,Consumer Goods & Retail,2023-03-09,2023-03-13,101.26988983154297,98.58562333495567,178,18026.04,17548.24,-477.8,54.33,-532.13,-2.95,4,Trailing Stop Hit (20 EMA)
ECLERX.NS,eClerx Services Limited,Services & Logistics,2023-03-10,2023-03-14,741.1229858398438,712.6230429058121,24,17786.95,17102.95,-684.0,53.59,-737.59,-4.15,4,Trailing Stop Hit (20 EMA)
EIHOTEL.NS,EIH Limited,Consumer Goods & Retail,2023-03-14,2023-03-16,165.64706420898438,161.36818370075693,107,17724.24,17266.4,-457.84,53.68,-511.52,-2.89,2,Trailing Stop Hit (20 EMA)
KPRMILL.NS,K.P.R. Mill Limited,Diversified & Others,2023-03-15,2023-03-17,585.383544921875,572.975598359239,30,17561.51,17189.27,-372.24,53.4,-425.64,-2.42,2,Trailing Stop Hit (20 EMA)
HINDZINC.NS,Hindustan Zinc Limited,Metals & Mining,2023-03-17,2023-03-21,251.83851623535156,250.58637648095143,70,17628.7,17541.05,-87.65,53.84,-141.49,-0.8,4,Trailing Stop Hit (20 EMA)
ETERNAL.NS,ETERNAL LIMITED,Consumer Goods & Retail,2023-03-17,2023-03-21,54.900001525878906,53.13026677537363,323,17732.7,17161.08,-571.62,53.58,-625.2,-3.53,4,Trailing Stop Hit (20 EMA)
BANKINDIA.NS,Bank of India,Banking & Financial Services,2023-03-17,2023-03-21,66.30054473876953,65.36673550607142,267,17702.25,17452.92,-249.33,53.85,-303.18,-1.71,4,Trailing Stop Hit (20 EMA)
CREDITACC.NS,CREDITACCESS GRAMEEN LIMITED,Banking & Financial Services,2023-03-21,2023-03-23,942.774169921875,926.9128291844528,18,16969.94,16684.43,-285.51,52.17,-337.68,-1.99,2,Trailing Stop Hit (20 EMA)
TATACOMM.NS,Tata Communications Limited,Information Technology,2023-03-21,2023-03-23,1158.74267578125,1147.5738721269245,15,17381.14,17213.61,-167.53,53.22,-220.75,-1.27,2,Trailing Stop Hit (20 EMA)
KALYANKJIL.NS,Kalyan Jewellers India Limited,Consumer Goods & Retail,2023-03-17,2023-03-24,118.53612518310547,114.59192840725974,149,17661.88,17074.2,-587.68,53.4,-641.08,-3.63,7,Trailing Stop Hit (20 EMA)
IGL.NS,Indraprastha Gas Limited,"Energy, Power & Utilities",2023-03-21,2023-03-24,203.0084991455078,200.33900381839726,87,17661.74,17429.49,-232.25,53.77,-286.02,-1.62,3,Trailing Stop Hit (20 EMA)
JKCEMENT.NS,JK Cement Limited,"Construction, Materials & Infra",2023-03-22,2023-03-24,2788.048095703125,2769.224289972136,6,16728.29,16615.35,-112.94,51.82,-164.76,-0.98,2,Trailing Stop Hit (20 EMA)
MUTHOOTFIN.NS,Muthoot Finance Limited,Banking & Financial Services,2023-03-21,2023-03-27,917.6774291992188,905.955349246522,19,17435.87,17213.15,-222.72,53.29,-276.01,-1.58,6,Trailing Stop Hit (20 EMA)
ITI.NS,ITI Limited,Information Technology,2023-03-24,2023-03-27,98.19999694824219,91.67,179,17577.8,16408.93,-1168.87,52.62,-1221.49,-6.95,3,Stop Loss Hit (2x ATR)
VIJAYA.NS,Vijaya Diagnostic Centre Limited,Healthcare & Pharmaceuticals,2023-03-27,2023-03-28,445.6565246582031,407.42,39,17380.6,15889.38,-1491.22,51.85,-1543.07,-8.88,1,Stop Loss Hit (2x ATR)
IPCALAB.NS,IPCA Laboratories Limited,Healthcare & Pharmaceuticals,2023-03-28,2023-03-31,784.02490234375,775.5562130529601,22,17248.55,17062.24,-186.31,52.91,-239.22,-1.39,3,Trailing Stop Hit (20 EMA)
CGPOWER.NS,CG Power and Industrial Solutions Limited,Information Technology,2023-03-29,2023-04-03,302.8922119140625,294.38628514117255,57,17264.86,16780.02,-484.84,52.62,-537.46,-3.11,5,Trailing Stop Hit (20 EMA)
MINDACORP.NS,Minda Corporation Limited,Automobile & Auto Components,2023-03-29,2023-04-05,210.12254333496094,239.35,82,17230.05,19626.7,2396.65,55.53,2341.12,13.59,7,Target Hit (3x ATR)
VIJAYA.NS,Vijaya Diagnostic Centre Limited,Healthcare & Pharmaceuticals,2023-04-05,2023-04-10,395.1719665527344,395.13333188718286,44,17387.57,17385.87,-1.7,53.42,-55.12,-0.32,5,Trailing Stop Hit (20 EMA)
IGL.NS,Indraprastha Gas Limited,"Energy, Power & Utilities",2023-04-05,2023-04-12,209.21597290039062,227.14,83,17364.93,18852.62,1487.69,54.88,1432.81,8.25,7,Target Hit (3x ATR)
JUBLINGREA.NS,Jubilant Ingrevia Limited,Chemicals & Fertilisers,2023-04-10,2023-04-12,382.6822509765625,379.57496005437855,46,17603.38,17460.45,-142.93,53.73,-196.66,-1.12,2,Trailing Stop Hit (20 EMA)
HEG.NS,HEG Limited,Information Technology,2023-04-05,2023-04-13,184.9929962158203,198.16,94,17389.34,18627.04,1237.7,54.69,1183.01,6.8,8,Target Hit (3x ATR)
IPCALAB.NS,IPCA Laboratories Limited,Healthcare & Pharmaceuticals,2023-03-31,2023-04-17,802.6461791992188,801.885047048381,21,16855.57,16839.59,-15.98,52.2,-68.18,-0.4,17,Trailing Stop Hit (20 EMA)
COFORGE.NS,Coforge Limited,Information Technology,2023-04-05,2023-04-17,782.8158569335938,746.1236766856454,22,17221.95,16414.72,-807.23,52.19,-859.42,-4.99,12,Trailing Stop Hit (20 EMA)
LAURUSLABS.NS,Laurus Labs Limited,Healthcare & Pharmaceuticals,2023-04-12,2023-04-17,319.99810791015625,304.11638835361765,55,17599.9,16726.4,-873.5,52.97,-926.47,-5.26,5,Trailing Stop Hit (20 EMA)
TEGA.NS,Tega Industries Limited,Information Technology,2023-03-21,2023-04-18,653.1471557617188,679.1044180080371,27,17634.97,18335.82,700.85,54.67,646.18,3.66,28,Trailing Stop Hit (20 EMA)
MOTILALOFS.NS,Motilal Oswal Financial Services Limited,Banking & Financial Services,2023-03-31,2023-04-18,595.3245849609375,597.1505791852168,29,17264.41,17317.37,52.96,53.18,-0.22,-0.0,18,Trailing Stop Hit (20 EMA)
ASAHIINDIA.NS,Asahi India Glass Limited,Automobile & Auto Components,2023-04-12,2023-04-18,463.475341796875,460.9987024189215,38,17612.06,17517.95,-94.11,53.8,-147.91,-0.84,6,Trailing Stop Hit (20 EMA)
VOLTAS.NS,Voltas Limited,Consumer Goods & Retail,2023-04-17,2023-04-19,820.6947021484375,819.8265567252814,21,17234.59,17216.36,-18.23,53.05,-71.28,-0.41,2,Trailing Stop Hit (20 EMA)
SOBHA.NS,Sobha Limited,"Construction, Materials & Infra",2023-04-18,2023-04-20,461.35174560546875,458.2404969947074,38,17531.37,17413.14,-118.23,53.6,-171.83,-0.98,2,Trailing Stop Hit (20 EMA)
CLEAN.NS,Clean Science and Technology Limited,Chemicals & Fertilisers,2023-04-05,2023-04-21,1351.5155029296875,1363.5719426930796,12,16218.19,16362.86,144.67,50.95,93.72,0.58,16,Trailing Stop Hit (20 EMA)
POLYMED.NS,Poly Medicure Limited,Healthcare & Pharmaceuticals,2023-04-19,2023-04-21,945.1644897460938,939.9987602939309,18,17012.96,16919.98,-92.98,52.47,-145.45,-0.85,2,Trailing Stop Hit (20 EMA)
BLS.NS,BLS International Services Limited,Consumer Goods & Retail,2023-03-31,2023-04-24,163.51548767089844,183.2,106,17332.64,19419.2,2086.56,55.44,2031.12,11.72,24,Target Hit (3x ATR)
TATACOMM.NS,Tata Communications Limited,Information Technology,2023-04-21,2023-04-25,1184.5648193359375,1179.738724045124,14,16583.91,16516.34,-67.57,51.54,-119.11,-0.72,4,Trailing Stop Hit (20 EMA)
MAZDOCK.NS,Mazagon Dock Shipbuilders Limited,Information Technology,2023-04-05,2023-05-02,335.7463684082031,374.28,52,17458.81,19462.56,2003.75,55.64,1948.11,11.16,27,Target Hit (3x ATR)
GRAPHITE.NS,Graphite India Limited,Information Technology,2023-04-18,2023-05-04,266.67327880859375,297.81,66,17600.44,19655.46,2055.02,56.0,1999.02,11.36,16,Target Hit (3x ATR)
ABB.NS,ABB India Limited,Information Technology,2023-04-25,2023-05-04,3232.34912109375,3470.95,5,16161.75,17354.75,1193.0,51.91,1141.09,7.06,9,Target Hit (3x ATR)
NYKAA.NS,FSN E-Commerce Ventures Limited,Consumer Goods & Retail,2023-05-02,2023-05-04,124.75,124.0,144,17964.0,17856.0,-108.0,54.56,-162.56,-0.9,2,Trailing Stop Hit (20 EMA)
ZYDUSWELL.NS,Zydus Wellness Limited,Consumer Goods & Retail,2023-05-03,2023-05-05,303.58538818359375,301.50035386725295,59,17911.54,17788.52,-123.02,54.44,-177.46,-0.99,2,Trailing Stop Hit (20 EMA)
TEGA.NS,Tega Industries Limited,Information Technology,2023-05-04,2023-05-08,684.2684326171875,670.8921195674377,26,17790.98,17443.2,-347.78,53.94,-401.72,-2.26,4,Trailing Stop Hit (20 EMA)
MMTC.NS,MMTC Limited,Services & Logistics,2023-05-04,2023-05-10,30.899999618530273,30.007151280211144,586,18107.4,17584.19,-523.21,54.46,-577.67,-3.19,6,Trailing Stop Hit (20 EMA)
LAURUSLABS.NS,Laurus Labs Limited,Healthcare & Pharmaceuticals,2023-04-28,2023-05-11,304.6468505859375,311.5156603458525,58,17669.52,18067.91,398.39,54.44,343.95,1.95,13,Trailing Stop Hit (20 EMA)
TATACOMM.NS,Tata Communications Limited,Information Technology,2023-05-09,2023-05-12,1240.6951904296875,1194.0481467916777,14,17369.73,16716.67,-653.06,52.7,-705.76,-4.06,3,Trailing Stop Hit (20 EMA)
ASAHIINDIA.NS,Asahi India Glass Limited,Automobile & Auto Components,2023-04-26,2023-05-15,471.553466796875,479.74002277212674,37,17447.48,17750.38,302.9,53.86,249.04,1.43,19,Trailing Stop Hit (20 EMA)
HOMEFIRST.NS,Home First Finance Company India Limited,Banking & Financial Services,2023-05-09,2023-05-15,701.0607299804688,699.2882709267088,25,17526.52,17482.21,-44.31,53.67,-97.98,-0.56,6,Trailing Stop Hit (20 EMA)
MOTILALOFS.NS,Motilal Oswal Financial Services Limited,Banking & Financial Services,2023-05-10,2023-05-17,618.0040893554688,604.0547481184532,29,17922.12,17517.59,-404.53,54.17,-458.7,-2.56,7,Trailing Stop Hit (20 EMA)
IGL.NS,Indraprastha Gas Limited,"Energy, Power & Utilities",2023-05-15,2023-05-17,232.65606689453125,229.04583566733206,77,17914.52,17636.53,-277.99,54.28,-332.27,-1.85,2,Trailing Stop Hit (20 EMA)
BLS.NS,BLS International Services Limited,Consumer Goods & Retail,2023-05-09,2023-05-18,178.90982055664062,178.76863761721586,101,18069.89,18055.63,-14.26,54.91,-69.17,-0.38,9,Trailing Stop Hit (20 EMA)
ZYDUSWELL.NS,Zydus Wellness Limited,Consumer Goods & Retail,2023-05-16,2023-05-18,304.74298095703125,296.8080175417492,58,17675.09,17214.87,-460.22,53.56,-513.78,-2.91,2,Trailing Stop Hit (20 EMA)
ADANIPOWER.NS,Adani Power Limited,"Energy, Power & Utilities",2023-05-19,2023-05-24,47.220001220703125,53.279998779296875,377,17801.94,20086.56,2284.62,56.69,2227.93,12.52,5,Target Hit (3x ATR)
MINDACORP.NS,Minda Corporation Limited,Automobile & Auto Components,2023-05-19,2023-05-25,278.3987121582031,269.33319573964883,63,17539.12,16967.99,-571.13,53.14,-624.27,-3.56,6,Trailing Stop Hit (20 EMA)
ADANIENSOL.NS,Adani Energy Solutions Limited,"Energy, Power & Utilities",2023-05-24,2023-05-26,911.4000244140625,891.070110382519,19,17316.6,16930.33,-386.27,52.84,-439.11,-2.54,2,Trailing Stop Hit (20 EMA)
NYKAA.NS,FSN E-Commerce Ventures Limited,Consumer Goods & Retail,2023-05-25,2023-05-29,127.05000305175781,126.51139114129512,140,17787.0,17711.59,-75.41,54.22,-129.63,-0.73,4,Trailing Stop Hit (20 EMA)
POLYMED.NS,Poly Medicure Limited,Healthcare & Pharmaceuticals,2023-05-29,2023-05-31,970.83154296875,965.4280666375613,18,17474.97,17377.71,-97.26,53.5,-150.76,-0.86,2,Trailing Stop Hit (20 EMA)
POLYMED.NS,Poly Medicure Limited,Healthcare & Pharmaceuticals,2023-05-31,2023-06-02,968.3988037109375,965.7683965231441,18,17431.18,17383.83,-47.35,53.45,-100.8,-0.58,2,Trailing Stop Hit (20 EMA)
KPIL.NS,Kalpataru Projects International Limited,"Construction, Materials & Infra",2023-05-31,2023-06-05,518.411376953125,507.3999851868784,34,17625.99,17251.6,-374.39,53.54,-427.93,-2.43,5,Trailing Stop Hit (20 EMA)
IPCALAB.NS,IPCA Laboratories Limited,Healthcare & Pharmaceuticals,2023-05-31,2023-06-05,694.2861938476562,695.3013235441655,25,17357.15,17382.53,25.38,53.37,-27.99,-0.16,5,Trailing Stop Hit (20 EMA)
SAMMAANCAP.NS,Sammaan Capital Limited,Banking & Financial Services,2023-05-26,2023-06-06,99.2861099243164,98.75169181850967,180,17871.5,17775.3,-96.2,54.38,-150.58,-0.84,11,Trailing Stop Hit (20 EMA)
JKCEMENT.NS,JK Cement Limited,"Construction, Materials & Infra",2023-05-29,2023-06-06,3055.923095703125,3270.19,5,15279.62,16350.95,1071.33,49.82,1021.51,6.69,8,Target Hit (3x ATR)
WOCKPHARMA.NS,Wockhardt Limited,Healthcare & Pharmaceuticals,2023-06-06,2023-06-08,176.0,170.4572449101682,102,17952.0,17386.64,-565.36,54.07,-619.43,-3.45,2,Trailing Stop Hit (20 EMA)
J&KBANK.NS,The Jammu & Kashmir Bank Limited,Banking & Financial Services,2023-05-31,2023-06-09,54.92646408081055,53.83119130504582,326,17906.03,17548.97,-357.06,54.19,-411.25,-2.3,9,Trailing Stop Hit (20 EMA)
DIVISLAB.NS,Divi's Laboratories Limited,Healthcare & Pharmaceuticals,2023-05-23,2023-06-12,3309.414306640625,3234.3469819526435,5,16547.07,16171.73,-375.34,51.14,-426.48,-2.58,20,Trailing Stop Hit (20 EMA)
WOCKPHARMA.NS,Wockhardt Limited,Healthcare & Pharmaceuticals,2023-06-08,2023-06-12,171.89999389648438,170.66658829248252,104,17877.6,17749.33,-128.27,54.36,-182.63,-1.02,4,Trailing Stop Hit (20 EMA)
ASAHIINDIA.NS,Asahi India Glass Limited,Automobile & Auto Components,2023-06-06,2023-06-13,465.9533386230469,461.96992683938794,38,17706.23,17554.86,-151.37,53.96,-205.33,-1.16,7,Trailing Stop Hit (20 EMA)
WELSPUNLIV.NS,Welspun Living Limited,Diversified & Others,2023-06-01,2023-06-14,94.93426513671875,93.08500407571256,189,17942.58,17593.07,-349.51,54.26,-403.77,-2.25,13,Trailing Stop Hit (20 EMA)
KALYANKJIL.NS,Kalyan Jewellers India Limited,Consumer Goods & Retail,2023-06-01,2023-06-15,107.82323455810547,115.9,166,17898.66,19239.4,1340.74,55.92,1284.82,7.18,14,Target Hit (3x ATR)
HEG.NS,HEG Limited,Information Technology,2023-06-02,2023-06-15,249.5548095703125,274.95,72,17967.95,19796.4,1828.45,56.59,1771.86,9.86,13,Target Hit (3x ATR)
POLYMED.NS,Poly Medicure Limited,Healthcare & Pharmaceuticals,2023-06-08,2023-06-15,986.0232543945312,1042.69,18,17748.42,18768.42,1020.0,55.26,964.74,5.44,7,Target Hit (3x ATR)
MINDACORP.NS,Minda Corporation Limited,Automobile & Auto Components,2023-06-13,2023-06-15,281.862060546875,277.8677105875015,63,17757.31,17505.67,-251.64,53.97,-305.61,-1.72,2,Trailing Stop Hit (20 EMA)
ZYDUSWELL.NS,Zydus Wellness Limited,Consumer Goods & Retail,2023-06-06,2023-06-16,298.92535400390625,295.21388698689856,60,17935.52,17712.83,-222.69,54.39,-277.08,-1.54,10,Trailing Stop Hit (20 EMA)
SAMMAANCAP.NS,Sammaan Capital Limited,Banking & Financial Services,2023-06-13,2023-06-16,100.02934265136719,98.40211981678665,179,17905.25,17613.98,-291.27,54.25,-345.52,-1.93,3,Trailing Stop Hit (20 EMA)
CASTROLIND.NS,Castrol India Limited,"Energy, Power & Utilities",2023-06-12,2023-06-19,97.30059051513672,102.16143606958045,183,17806.01,18695.54,889.53,55.26,834.27,4.69,7,Target Hit (3x ATR)
NATCOPHARM.NS,Natco Pharma Limited,Healthcare & Pharmaceuticals,2023-06-15,2023-06-20,624.872802734375,609.3561178703322,28,17496.44,17061.97,-434.47,53.2,-487.67,-2.79,5,Trailing Stop Hit (20 EMA)
MFSL.NS,Max Financial Services Limited,Banking & Financial Services,2023-06-16,2023-06-20,690.0999755859375,684.0514493312214,26,17942.6,17785.34,-157.26,54.47,-211.73,-1.18,4,Trailing Stop Hit (20 EMA)
MUTHOOTFIN.NS,Muthoot Finance Limited,Banking & Financial Services,2023-05-22,2023-06-21,1085.5069580078125,1163.56,16,17368.11,18616.96,1248.85,54.66,1194.19,6.88,30,Target Hit (3x ATR)
LICHSGFIN.NS,LIC Housing Finance Limited,Banking & Financial Services,2023-06-15,2023-06-21,350.7021789550781,372.68,51,17885.81,19006.68,1120.87,55.66,1065.21,5.96,6,Target Hit (3x ATR)
PNB.NS,Punjab National Bank,Banking & Financial Services,2023-06-16,2023-06-22,47.50115966796875,47.44705634061292,380,18050.44,18029.88,-20.56,54.86,-75.42,-0.42,6,Trailing Stop Hit (20 EMA)
ATUL.NS,Atul Limited,Chemicals & Fertilisers,2023-06-13,2023-06-23,6811.3271484375,6816.797346221601,2,13622.65,13633.59,10.94,45.0,-34.06,-0.25,10,Trailing Stop Hit (20 EMA)
MINDACORP.NS,Minda Corporation Limited,Automobile & Auto Components,2023-06-16,2023-06-23,288.5906677246094,280.9208982001514,62,17892.62,17417.1,-475.52,54.03,-529.55,-2.96,7,Trailing Stop Hit (20 EMA)
IGL.NS,Indraprastha Gas Limited,"Energy, Power & Utilities",2023-06-21,2023-06-28,226.572021484375,223.20722094444884,80,18125.76,17856.58,-269.18,54.77,-323.95,-1.79,7,Trailing Stop Hit (20 EMA)
ZYDUSWELL.NS,Zydus Wellness Limited,Consumer Goods & Retail,2023-06-26,2023-06-28,294.84906005859375,295.36813982934865,61,17985.79,18017.46,31.67,54.77,-23.1,-0.13,2,Trailing Stop Hit (20 EMA)
CHOLAFIN.NS,Cholamandalam Investment and Finance Company Limited,Banking & Financial Services,2023-06-27,2023-07-03,1088.6666259765625,1159.89,16,17418.67,18558.24,1139.57,54.65,1084.92,6.23,6,Target Hit (3x ATR)
UNIONBANK.NS,Union Bank of India,Banking & Financial Services,2023-06-30,2023-07-04,63.97657012939453,67.92,282,18041.39,19153.44,1112.05,56.01,1056.04,5.85,4,Target Hit (3x ATR)
FEDERALBNK.NS,The Federal Bank  Limited,Banking & Financial Services,2023-06-30,2023-07-04,123.30078125,129.41,146,18001.91,18893.86,891.95,55.67,836.28,4.65,4,Target Hit (3x ATR)
J&KBANK.NS,The Jammu & Kashmir Bank Limited,Banking & Financial Services,2023-06-30,2023-07-05,57.93548583984375,63.82,312,18075.87,19911.84,1835.97,56.83,1779.14,9.84,5,Target Hit (3x ATR)
ACE.NS,Action Construction Equipment Limited,Information Technology,2023-06-27,2023-07-06,494.5126037597656,542.27,36,17802.45,19521.72,1719.27,56.1,1663.17,9.34,9,Target Hit (3x ATR)
MMTC.NS,MMTC Limited,Services & Logistics,2023-07-05,2023-07-10,33.400001525878906,32.03657401533401,552,18436.8,17684.19,-752.61,54.96,-807.57,-4.38,5,Trailing Stop Hit (20 EMA)
CUB.NS,City Union Bank Limited,Banking & Financial Services,2023-06-30,2023-07-13,92.14958953857422,92.33264234220732,196,18061.32,18097.2,35.88,54.94,-19.06,-0.11,13,Trailing Stop Hit (20 EMA)
PVRINOX.NS,PVR INOX Limited,Diversified & Others,2023-07-07,2023-07-13,1439.8499755859375,1405.4424903377937,12,17278.2,16865.31,-412.89,52.73,-465.62,-2.69,6,Trailing Stop Hit (20 EMA)
EIHOTEL.NS,EIH Limited,Consumer Goods & Retail,2023-07-11,2023-07-13,208.2392120361328,205.95922321322874,89,18533.29,18330.37,-202.92,55.72,-258.64,-1.4,2,Trailing Stop Hit (20 EMA)
HINDUNILVR.NS,Hindustan Unilever Limited,Consumer Goods & Retail,2023-07-11,2023-07-13,2535.805908203125,2530.845694099836,7,17750.64,17715.92,-34.72,54.18,-88.9,-0.5,2,Trailing Stop Hit (20 EMA)
LTFOODS.NS,LT Foods Limited,Consumer Goods & Retail,2023-07-13,2023-07-18,128.11253356933594,141.61,144,18448.2,20391.84,1943.64,57.77,1885.87,10.22,5,Target Hit (3x ATR)
FEDERALBNK.NS,The Federal Bank  Limited,Banking & Financial Services,2023-07-14,2023-07-20,126.37964630126953,135.11,147,18577.81,19861.17,1283.36,57.37,1225.99,6.6,6,Target Hit (3x ATR)
GLAXO.NS,GlaxoSmithKline Pharmaceuticals Limited,Healthcare & Pharmaceuticals,2023-07-17,2023-07-20,1340.3580322265625,1321.3264498672972,13,17424.65,17177.24,-247.41,53.23,-300.64,-1.73,3,Trailing Stop Hit (20 EMA)
TATACOMM.NS,Tata Communications Limited,Information Technology,2023-07-11,2023-07-21,1585.3482666015625,1521.6578188107019,11,17438.83,16738.24,-700.59,52.8,-753.39,-4.32,10,Trailing Stop Hit (20 EMA)
MMTC.NS,MMTC Limited,Services & Logistics,2023-07-13,2023-07-21,33.0,32.82214267227365,559,18447.0,18347.58,-99.42,55.65,-155.07,-0.84,8,Trailing Stop Hit (20 EMA)
ITI.NS,ITI Limited,Information Technology,2023-07-18,2023-07-21,110.75,108.1500015258789,169,18716.75,18277.35,-439.4,55.9,-495.3,-2.65,3,Trailing Stop Hit (20 EMA)
VOLTAS.NS,Voltas Limited,Consumer Goods & Retail,2023-07-18,2023-07-21,756.3541870117188,759.7216335808553,24,18152.5,18233.32,80.82,55.17,25.65,0.14,3,Trailing Stop Hit (20 EMA)
KPIL.NS,Kalpataru Projects International Limited,"Construction, Materials & Infra",2023-06-30,2023-07-24,517.8804931640625,559.15,34,17607.94,19011.1,1403.16,55.33,1347.83,7.65,24,Target Hit (3x ATR)
ATUL.NS,Atul Limited,Chemicals & Fertilisers,2023-07-21,2023-07-24,6936.1201171875,6624.58,2,13872.24,13249.16,-623.08,44.92,-668.0,-4.82,3,Stop Loss Hit (2x ATR)
AXISBANK.NS,Axis Bank Limited,Banking & Financial Services,2023-07-20,2023-07-25,975.5591430664062,963.6891373578918,19,18535.62,18310.09,-225.53,55.71,-281.24,-1.52,5,Trailing Stop Hit (20 EMA)
HEG.NS,HEG Limited,Information Technology,2023-07-19,2023-07-31,311.3020935058594,346.92,60,18678.13,20815.2,2137.07,58.48,2078.59,11.13,12,Target Hit (3x ATR)
JUBLINGREA.NS,Jubilant Ingrevia Limited,Chemicals & Fertilisers,2023-07-26,2023-07-31,404.5303955078125,404.74511545239545,46,18608.4,18618.28,9.88,56.11,-46.23,-0.25,5,Trailing Stop Hit (20 EMA)
MINDACORP.NS,Minda Corporation Limited,Automobile & Auto Components,2023-07-03,2023-08-02,290.7181701660156,298.94427253699166,62,18024.53,18534.54,510.01,55.33,454.68,2.52,30,Trailing Stop Hit (20 EMA)
POLYMED.NS,Poly Medicure Limited,Healthcare & Pharmaceuticals,2023-07-24,2023-08-03,1137.0966796875,1282.28,16,18193.55,20516.48,2322.93,57.59,2265.34,12.45,10,Target Hit (3x ATR)
FLUOROCHEM.NS,Gujarat Fluorochemicals Limited,Chemicals & Fertilisers,2023-08-01,2023-08-03,2777.76953125,2790.641524742523,6,16666.62,16743.85,77.23,51.87,25.36,0.15,2,Trailing Stop Hit (20 EMA)
LAURUSLABS.NS,Laurus Labs Limited,Healthcare & Pharmaceuticals,2023-07-31,2023-08-04,349.87713623046875,388.4430979182841,54,18893.37,20975.93,2082.56,58.89,2023.67,10.71,4,Target Hit (3x ATR)
PGEL.NS,PG Electroplast Limited,Consumer Goods & Retail,2023-08-03,2023-08-07,152.4380645751953,167.64,125,19054.76,20955.0,1900.24,59.08,1841.16,9.66,4,Target Hit (3x ATR)
SUMICHEM.NS,Sumitomo Chemical India Limited,Chemicals & Fertilisers,2023-08-04,2023-08-08,411.06427001953125,406.0954564766161,46,18908.96,18680.39,-228.57,56.53,-285.1,-1.51,4,Trailing Stop Hit (20 EMA)
KPRMILL.NS,K.P.R. Mill Limited,Diversified & Others,2023-08-04,2023-08-08,631.2831420898438,626.3098607791896,30,18938.49,18789.3,-149.19,56.68,-205.87,-1.09,4,Trailing Stop Hit (20 EMA)
NYKAA.NS,FSN E-Commerce Ventures Limited,Consumer Goods & Retail,2023-08-04,2023-08-09,147.5500030517578,145.49344090381325,130,19181.5,18914.15,-267.35,57.1,-324.45,-1.69,5,Trailing Stop Hit (20 EMA)
ADANIPOWER.NS,Adani Power Limited,"Energy, Power & Utilities",2023-07-25,2023-08-10,52.029998779296875,57.05,359,18678.77,20480.95,1802.18,58.12,1744.06,9.34,16,Target Hit (3x ATR)
MFSL.NS,Max Financial Services Limited,Banking & Financial Services,2023-08-08,2023-08-10,810.9500122070312,877.41,23,18651.85,20180.43,1528.58,57.78,1470.8,7.89,2,Target Hit (3x ATR)
EIHOTEL.NS,EIH Limited,Consumer Goods & Retail,2023-08-09,2023-08-11,210.82029724121094,208.75491639995263,92,19395.47,19205.45,-190.02,57.68,-247.7,-1.28,2,Trailing Stop Hit (20 EMA)
WOCKPHARMA.NS,Wockhardt Limited,Healthcare & Pharmaceuticals,2023-07-27,2023-08-14,244.0,247.48702949824266,76,18544.0,18809.01,265.01,56.23,208.78,1.13,18,Trailing Stop Hit (20 EMA)
ENDURANCE.NS,Endurance Technologies Limited,Automobile & Auto Components,2023-08-10,2023-08-14,1673.78369140625,1630.4276172776508,11,18411.62,17934.7,-476.92,55.17,-532.09,-2.89,4,Trailing Stop Hit (20 EMA)
MOTHERSON.NS,Samvardhana Motherson International Limited,Automobile & Auto Components,2023-08-11,2023-08-16,64.10492706298828,62.529390520566736,302,19359.69,18883.88,-475.81,57.27,-533.08,-2.75,5,Trailing Stop Hit (20 EMA)
FLUOROCHEM.NS,Gujarat Fluorochemicals Limited,Chemicals & Fertilisers,2023-08-11,2023-08-16,2909.782958984375,2798.954331091787,6,17458.7,16793.73,-664.97,52.87,-717.84,-4.11,5,Trailing Stop Hit (20 EMA)
DIVISLAB.NS,Divi's Laboratories Limited,Healthcare & Pharmaceuticals,2023-08-14,2023-08-17,3675.828369140625,3639.359006268348,5,18379.14,18196.8,-182.34,55.42,-237.76,-1.29,3,Trailing Stop Hit (20 EMA)
BLS.NS,BLS International Services Limited,Consumer Goods & Retail,2023-07-31,2023-08-21,239.6976776123047,264.54,78,18696.42,20634.12,1937.7,58.3,1879.4,10.05,21,Target Hit (3x ATR)
KPRMILL.NS,K.P.R. Mill Limited,Diversified & Others,2023-08-10,2023-08-21,650.9154052734375,707.7,29,18876.55,20523.3,1646.75,58.4,1588.35,8.41,11,Target Hit (3x ATR)
EIHOTEL.NS,EIH Limited,Consumer Goods & Retail,2023-08-17,2023-08-21,212.55078125,230.07,90,19129.57,20706.3,1576.73,58.9,1517.83,7.93,4,Target Hit (3x ATR)
ZYDUSWELL.NS,Zydus Wellness Limited,Consumer Goods & Retail,2023-08-08,2023-08-24,300.93878173828125,321.6168933269947,64,19260.08,20583.48,1323.4,58.92,1264.48,6.57,16,Target Hit (3x ATR)
MAZDOCK.NS,Mazagon Dock Shipbuilders Limited,Information Technology,2023-08-14,2023-08-25,905.1207275390625,888.1244157587341,21,19007.54,18650.61,-356.93,56.61,-413.54,-2.18,11,Trailing Stop Hit (20 EMA)
GLAXO.NS,GlaxoSmithKline Pharmaceuticals Limited,Healthcare & Pharmaceuticals,2023-08-23,2023-08-25,1345.3740234375,1334.4429218599616,14,18835.24,18682.2,-153.04,56.45,-209.49,-1.11,2,Trailing Stop Hit (20 EMA)
MFSL.NS,Max Financial Services Limited,Banking & Financial Services,2023-08-10,2023-08-30,855.0999755859375,939.47,22,18812.2,20668.34,1856.14,58.47,1797.67,9.56,20,Target Hit (3x ATR)
MINDACORP.NS,Minda Corporation Limited,Automobile & Auto Components,2023-08-17,2023-09-01,305.47821044921875,337.46,63,19245.13,21259.98,2014.85,59.62,1955.23,10.16,15,Target Hit (3x ATR)
LICHSGFIN.NS,LIC Housing Finance Limited,Banking & Financial Services,2023-08-04,2023-09-04,397.4686584472656,432.68,48,19078.5,20768.64,1690.14,58.92,1631.22,8.55,31,Target Hit (3x ATR)
ANANTRAJ.NS,Anant Raj Limited,"Construction, Materials & Infra",2023-08-16,2023-09-04,202.9765167236328,225.88,95,19282.77,21458.6,2175.83,59.86,2115.97,10.97,19,Target Hit (3x ATR)
ASAHIINDIA.NS,Asahi India Glass Limited,Automobile & Auto Components,2023-08-25,2023-09-06,553.7717895507812,547.7825501330975,35,19382.01,19172.39,-209.62,57.62,-267.24,-1.38,12,Trailing Stop Hit (20 EMA)
DMART.NS,Avenue Supermarts Limited,Consumer Goods & Retail,2023-08-29,2023-09-07,3664.35009765625,3850.26,5,18321.75,19251.3,929.55,56.43,873.12,4.77,9,Target Hit (3x ATR)
ADANIENSOL.NS,Adani Energy Solutions Limited,"Energy, Power & Utilities",2023-09-06,2023-09-08,855.9500122070312,841.2395795420625,24,20542.8,20189.75,-353.05,60.03,-413.08,-2.01,2,Trailing Stop Hit (20 EMA)
USHAMART.NS,Usha Martin Limited,Information Technology,2023-08-18,2023-09-11,332.58758544921875,361.78,58,19290.08,20983.24,1693.16,59.37,1633.79,8.47,24,Target Hit (3x ATR)
JINDALSAW.NS,Jindal Saw Limited,Information Technology,2023-08-30,2023-09-11,162.09454345703125,186.5,124,20099.72,23126.0,3026.28,62.56,2963.72,14.75,12,Target Hit (3x ATR)
HEG.NS,HEG Limited,Information Technology,2023-08-21,2023-09-12,340.4142761230469,341.6855372058008,57,19403.61,19476.08,72.47,57.96,14.51,0.07,22,Trailing Stop Hit (20 EMA)
SUMICHEM.NS,Sumitomo Chemical India Limited,Chemicals & Fertilisers,2023-08-29,2023-09-12,424.0096130371094,423.295085925987,47,19928.45,19894.87,-33.58,59.0,-92.58,-0.46,14,Trailing Stop Hit (20 EMA)
IGL.NS,Indraprastha Gas Limited,"Energy, Power & Utilities",2023-08-29,2023-09-12,218.20054626464844,218.02706303946013,92,20074.45,20058.49,-15.96,59.35,-75.31,-0.38,14,Trailing Stop Hit (20 EMA)
CASTROLIND.NS,Castrol India Limited,"Energy, Power & Utilities",2023-09-05,2023-09-12,127.3816146850586,126.71131097095417,161,20508.44,20400.52,-107.92,60.22,-168.14,-0.82,7,Trailing Stop Hit (20 EMA)
LTFOODS.NS,LT Foods Limited,Consumer Goods & Retail,2023-09-06,2023-09-12,172.3721466064453,167.1216004625927,119,20512.29,19887.47,-624.82,59.69,-684.51,-3.34,6,Trailing Stop Hit (20 EMA)
NYKAA.NS,FSN E-Commerce Ventures Limited,Consumer Goods & Retail,2023-09-05,2023-09-13,138.0500030517578,149.59,148,20431.4,22139.32,1707.92,61.92,1646.0,8.06,8,Target Hit (3x ATR)
ADANIENSOL.NS,Adani Energy Solutions Limited,"Energy, Power & Utilities",2023-09-11,2023-09-13,874.9000244140625,844.5510295642832,23,20122.7,19424.67,-698.03,58.75,-756.78,-3.76,2,Trailing Stop Hit (20 EMA)
GRAVITA.NS,Gravita India Limited,Metals & Mining,2023-09-13,2023-09-18,751.4888305664062,833.43,27,20290.2,22502.61,2212.41,62.12,2150.29,10.6,5,Target Hit (3x ATR)
HINDZINC.NS,Hindustan Zinc Limited,Metals & Mining,2023-09-14,2023-09-18,287.5222473144531,285.43716497524787,71,20414.08,20266.04,-148.04,59.96,-208.0,-1.02,4,Trailing Stop Hit (20 EMA)
ERIS.NS,Eris Lifesciences Limited,Healthcare & Pharmaceuticals,2023-09-15,2023-09-20,812.7000122070312,803.600809481503,25,20317.5,20090.02,-227.48,59.67,-287.15,-1.41,5,Trailing Stop Hit (20 EMA)
POLYMED.NS,Poly Medicure Limited,Healthcare & Pharmaceuticals,2023-09-13,2023-09-21,1414.668701171875,1399.4464129697028,14,19805.36,19592.25,-213.11,58.55,-271.66,-1.37,8,Trailing Stop Hit (20 EMA)
ADANIENSOL.NS,Adani Energy Solutions Limited,"Energy, Power & Utilities",2023-09-18,2023-09-21,855.0999755859375,846.6144684470974,24,20522.4,20318.75,-203.65,60.14,-263.79,-1.29,3,Trailing Stop Hit (20 EMA)
SAMMAANCAP.NS,Sammaan Capital Limited,Banking & Financial Services,2023-09-13,2023-09-22,164.6898956298828,161.8295468374722,124,20421.55,20066.86,-354.69,59.77,-414.46,-2.03,9,Trailing Stop Hit (20 EMA)
LTF.NS,L&T Finance Limited,Banking & Financial Services,2023-09-29,2023-10-04,127.88252258300781,122.61830204730293,161,20589.09,19741.55,-847.54,59.63,-907.17,-4.41,5,Trailing Stop Hit (20 EMA)
VIJAYA.NS,Vijaya Diagnostic Centre Limited,Healthcare & Pharmaceuticals,2023-09-27,2023-10-09,488.2175598144531,486.47302184799906,42,20505.14,20431.87,-73.27,60.25,-133.52,-0.65,12,Trailing Stop Hit (20 EMA)
HEG.NS,HEG Limited,Information Technology,2023-10-04,2023-10-09,351.3345642089844,341.66002489792334,58,20377.4,19816.28,-561.12,59.47,-620.59,-3.05,5,Trailing Stop Hit (20 EMA)
SUMICHEM.NS,Sumitomo Chemical India Limited,Chemicals & Fertilisers,2023-10-05,2023-10-09,432.2966003417969,419.0133668587955,47,20317.94,19693.63,-624.31,59.25,-683.56,-3.36,4,Trailing Stop Hit (20 EMA)
HOMEFIRST.NS,Home First Finance Company India Limited,Banking & Financial Services,2023-10-05,2023-10-09,836.3223266601562,826.7652926450537,24,20071.74,19842.37,-229.37,59.12,-288.49,-1.44,4,Trailing Stop Hit (20 EMA)
GICRE.NS,General Insurance Corporation of India,Banking & Financial Services,2023-10-06,2023-10-10,205.7707977294922,199.10356996768144,99,20371.31,19711.25,-660.06,59.35,-719.41,-3.53,4,Trailing Stop Hit (20 EMA)
ACE.NS,Action Construction Equipment Limited,Information Technology,2023-10-06,2023-10-10,707.96044921875,695.1318320030307,29,20530.85,20158.82,-372.03,59.99,-432.02,-2.1,4,Trailing Stop Hit (20 EMA)
MOTILALOFS.NS,Motilal Oswal Financial Services Limited,Banking & Financial Services,2023-10-03,2023-10-12,895.6520385742188,980.1,23,20600.0,22542.3,1942.3,62.53,1879.77,9.13,9,Target Hit (3x ATR)
DMART.NS,Avenue Supermarts Limited,Consumer Goods & Retail,2023-10-04,2023-10-16,3872.949951171875,3787.4355992549704,5,19364.75,18937.18,-427.57,57.34,-484.91,-2.5,12,Trailing Stop Hit (20 EMA)
MINDACORP.NS,Minda Corporation Limited,Automobile & Auto Components,2023-10-10,2023-10-17,331.6705627441406,331.74312596421123,61,20231.9,20236.33,4.43,59.71,-55.28,-0.27,7,Trailing Stop Hit (20 EMA)
IGL.NS,Indraprastha Gas Limited,"Energy, Power & Utilities",2023-10-11,2023-10-17,217.13938903808594,230.87,94,20411.1,21701.78,1290.68,61.44,1229.24,6.02,6,Target Hit (3x ATR)
BLS.NS,BLS International Services Limited,Consumer Goods & Retail,2023-10-16,2023-10-18,258.3414306640625,252.2022937052208,80,20667.31,20176.18,-491.13,60.17,-551.3,-2.67,2,Trailing Stop Hit (20 EMA)
WELSPUNLIV.NS,Welspun Living Limited,Diversified & Others,2023-10-11,2023-10-19,122.7181396484375,134.96,167,20493.93,22538.32,2044.39,62.4,1981.99,9.67,8,Target Hit (3x ATR)
ARE&M.NS,Amara Raja Energy & Mobility Limited,Automobile & Auto Components,2023-10-17,2023-10-19,622.557861328125,620.0401894755515,33,20544.41,20461.33,-83.08,60.31,-143.39,-0.7,2,Trailing Stop Hit (20 EMA)
PVRINOX.NS,PVR INOX Limited,Diversified & Others,2023-10-12,2023-10-20,1765.9000244140625,1732.4325012973522,11,19424.9,19056.76,-368.14,57.55,-425.69,-2.19,8,Trailing Stop Hit (20 EMA)
ANANTRAJ.NS,Anant Raj Limited,"Construction, Materials & Infra",2023-10-05,2023-10-23,234.59046936035156,229.0096778766185,87,20409.37,19923.84,-485.53,59.6,-545.13,-2.67,18,Trailing Stop Hit (20 EMA)
SOBHA.NS,Sobha Limited,"Construction, Materials & Infra",2023-10-05,2023-10-23,701.7929077148438,720.8355778769128,29,20351.99,20904.23,552.24,60.54,491.7,2.42,18,Trailing Stop Hit (20 EMA)
CUB.NS,City Union Bank Limited,Banking & Financial Services,2023-10-10,2023-10-23,98.28339385986328,97.787954295582,207,20344.66,20242.11,-102.55,59.84,-162.39,-0.8,13,Trailing Stop Hit (20 EMA)
CREDITACC.NS,CREDITACCESS GRAMEEN LIMITED,Banking & Financial Services,2023-10-10,2023-10-23,1340.8177490234375,1474.59,15,20112.27,22118.85,2006.58,61.53,1945.05,9.67,13,Target Hit (3x ATR)
WOCKPHARMA.NS,Wockhardt Limited,Healthcare & Pharmaceuticals,2023-10-12,2023-10-23,245.10000610351562,240.73610761486535,84,20588.4,20221.83,-366.57,60.12,-426.69,-2.07,11,Trailing Stop Hit (20 EMA)
TEGA.NS,Tega Industries Limited,Information Technology,2023-10-18,2023-10-23,931.7535400390625,907.501048923157,22,20498.58,19965.02,-533.56,59.75,-593.31,-2.89,5,Trailing Stop Hit (20 EMA)
JSL.NS,Jindal Stainless Limited,Metals & Mining,2023-10-20,2023-10-25,462.2259216308594,448.3296307828614,44,20337.94,19726.5,-611.44,59.32,-670.76,-3.3,5,Trailing Stop Hit (20 EMA)
MOTILALOFS.NS,Motilal Oswal Financial Services Limited,Banking & Financial Services,2023-10-25,2023-10-27,927.4843139648438,905.7094555311071,22,20404.65,19925.61,-479.04,59.6,-538.64,-2.64,2,Trailing Stop Hit (20 EMA)
SBFC.NS,SBFC Finance Limited,Banking & Financial Services,2023-10-27,2023-10-31,84.55000305175781,83.80154473538077,243,20545.65,20363.78,-181.87,60.21,-242.08,-1.18,4,Trailing Stop Hit (20 EMA)
EIHOTEL.NS,EIH Limited,Consumer Goods & Retail,2023-10-30,2023-11-01,225.35621643066406,221.69752688179983,91,20507.42,20174.47,-332.95,59.98,-392.93,-1.92,2,Trailing Stop Hit (20 EMA)
ANANTRAJ.NS,Anant Raj Limited,"Construction, Materials & Infra",2023-10-25,2023-11-02,231.2050323486328,232.34253686941966,89,20577.25,20678.49,101.24,60.58,40.66,0.2,8,Trailing Stop Hit (20 EMA)
JINDALSAW.NS,Jindal Saw Limited,Information Technology,2023-10-26,2023-11-03,188.89910888671875,221.93,108,20401.1,23968.44,3567.34,63.78,3503.56,17.17,8,Target Hit (3x ATR)
CLEAN.NS,Clean Science and Technology Limited,Chemicals & Fertilisers,2023-11-02,2023-11-06,1352.755126953125,1324.4434711295758,15,20291.33,19866.65,-424.68,59.4,-484.08,-2.39,4,Trailing Stop Hit (20 EMA)
ENDURANCE.NS,Endurance Technologies Limited,Automobile & Auto Components,2023-11-02,2023-11-06,1582.127685546875,1715.13,13,20567.66,22296.69,1729.03,62.25,1666.78,8.1,4,Target Hit (3x ATR)
LICHSGFIN.NS,LIC Housing Finance Limited,Banking & Financial Services,2023-11-03,2023-11-07,439.5785217285156,435.386425737059,47,20660.19,20463.16,-197.03,60.45,-257.48,-1.25,4,Trailing Stop Hit (20 EMA)
ADANIPOWER.NS,Adani Power Limited,"Energy, Power & Utilities",2023-10-27,2023-11-09,70.83000183105469,81.67,290,20540.7,23684.3,3143.6,63.64,3079.96,14.99,13,Target Hit (3x ATR)
SAMMAANCAP.NS,Sammaan Capital Limited,Banking & Financial Services,2023-11-07,2023-11-09,152.08392333984375,148.03559976604623,138,20987.58,20428.91,-558.67,60.82,-619.49,-2.95,2,Trailing Stop Hit (20 EMA)
SBFC.NS,SBFC Finance Limited,Banking & Financial Services,2023-11-09,2023-11-13,84.80000305175781,92.75,249,21115.2,23094.75,1979.55,63.74,1915.81,9.07,4,Target Hit (3x ATR)
GLAXO.NS,GlaxoSmithKline Pharmaceuticals Limited,Healthcare & Pharmaceuticals,2023-11-10,2023-11-16,1392.9312744140625,1496.49,15,20893.97,22447.35,1553.38,62.79,1490.59,7.13,6,Target Hit (3x ATR)
EIHOTEL.NS,EIH Limited,Consumer Goods & Retail,2023-11-06,2023-11-17,230.9431610107422,227.28476826829666,91,21015.83,20682.91,-332.92,61.1,-394.02,-1.87,11,Trailing Stop Hit (20 EMA)
LTF.NS,L&T Finance Limited,Banking & Financial Services,2023-11-03,2023-11-20,135.3287353515625,134.48037493585778,154,20840.63,20709.98,-130.65,60.95,-191.6,-0.92,17,Trailing Stop Hit (20 EMA)
INDIANB.NS,Indian Bank,Banking & Financial Services,2023-11-13,2023-11-20,417.3722229003906,398.75216872033843,51,21285.98,20336.36,-949.62,61.07,-1010.69,-4.75,7,Trailing Stop Hit (20 EMA)
LTFOODS.NS,LT Foods Limited,Consumer Goods & Retail,2023-11-02,2023-11-21,186.3959197998047,213.93,111,20689.95,23746.23,3056.28,63.89,2992.39,14.46,19,Target Hit (3x ATR)
ETERNAL.NS,ETERNAL LIMITED,Consumer Goods & Retail,2023-11-03,2023-11-21,116.5,116.40279639504169,179,20853.5,20836.1,-17.4,61.09,-78.49,-0.38,18,Trailing Stop Hit (20 EMA)
KPRMILL.NS,K.P.R. Mill Limited,Diversified & Others,2023-11-17,2023-11-22,810.2368774414062,891.02,26,21066.16,23166.52,2100.36,63.76,2036.6,9.67,5,Target Hit (3x ATR)
CANBK.NS,Canara Bank,Banking & Financial Services,2023-10-27,2023-11-24,69.29777526855469,70.96505776310364,297,20581.44,21076.62,495.18,61.01,434.17,2.11,28,Trailing Stop Hit (20 EMA)
VOLTAS.NS,Voltas Limited,Consumer Goods & Retail,2023-11-20,2023-11-24,818.1860961914062,822.7628870389971,26,21272.84,21391.84,119.0,62.15,56.85,0.27,4,Trailing Stop Hit (20 EMA)
TMPV.NS,Tata Motors Passenger Vehicles Limited,Automobile & Auto Components,2023-11-03,2023-11-28,632.7811889648438,677.69,33,20881.78,22363.77,1481.99,62.68,1419.31,6.8,25,Target Hit (3x ATR)
ADANIENSOL.NS,Adani Energy Solutions Limited,"Energy, Power & Utilities",2023-11-28,2023-11-29,865.0999755859375,949.42,25,21627.5,23735.5,2108.0,64.99,2043.01,9.45,1,Target Hit (3x ATR)
ITI.NS,ITI Limited,Information Technology,2023-11-20,2023-11-30,278.75,269.7071019953208,77,21463.75,20767.45,-696.3,61.74,-758.04,-3.53,10,Trailing Stop Hit (20 EMA)
TATACOMM.NS,Tata Communications Limited,Information Technology,2023-11-29,2023-12-01,1657.7261962890625,1654.9719183604961,13,21550.44,21514.63,-35.81,62.6,-98.41,-0.46,2,Trailing Stop Hit (20 EMA)
JKCEMENT.NS,JK Cement Limited,"Construction, Materials & Infra",2023-11-06,2023-12-04,3366.1474609375,3654.67,6,20196.88,21928.02,1731.14,61.43,1669.71,8.27,28,Target Hit (3x ATR)
HEG.NS,HEG Limited,Information Technology,2023-11-29,2023-12-04,318.03985595703125,347.62,68,21626.71,23638.16,2011.45,64.89,1946.56,9.0,5,Target Hit (3x ATR)
CLEAN.NS,Clean Science and Technology Limited,Chemicals & Fertilisers,2023-11-30,2023-12-04,1342.9569091796875,1438.8716489898288,16,21487.31,23021.95,1534.64,64.09,1470.55,6.84,4,Target Hit (3x ATR)
GALLANTT.NS,Gallantt Ispat Limited,Information Technology,2023-11-03,2023-12-05,93.29541778564453,95.1033636408747,224,20898.17,21303.15,404.98,61.61,343.37,1.64,32,Trailing Stop Hit (20 EMA)
LICHSGFIN.NS,LIC Housing Finance Limited,Banking & Financial Services,2023-11-29,2023-12-07,455.0740661621094,485.82,48,21843.56,23319.36,1475.8,64.82,1410.98,6.46,8,Target Hit (3x ATR)
WELSPUNLIV.NS,Welspun Living Limited,Diversified & Others,2023-12-05,2023-12-07,159.7260284423828,154.08209224805407,139,22201.92,21417.41,-784.51,63.28,-847.79,-3.82,2,Trailing Stop Hit (20 EMA)
J&KBANK.NS,The Jammu & Kashmir Bank Limited,Banking & Financial Services,2023-12-04,2023-12-11,110.8868637084961,122.05,201,22288.26,24532.05,2243.79,66.6,2177.19,9.77,7,Target Hit (3x ATR)
CASTROLIND.NS,Castrol India Limited,"Energy, Power & Utilities",2023-11-23,2023-12-12,116.82347106933594,118.65842883744388,186,21729.17,22070.47,341.3,63.4,277.9,1.28,19,Trailing Stop Hit (20 EMA)
ETERNAL.NS,ETERNAL LIMITED,Consumer Goods & Retail,2023-11-30,2023-12-12,118.55000305175781,117.32731548042754,185,21931.75,21705.55,-226.2,63.25,-289.45,-1.32,12,Trailing Stop Hit (20 EMA)
BLS.NS,BLS International Services Limited,Consumer Goods & Retail,2023-12-04,2023-12-12,278.688720703125,308.43,80,22295.1,24674.4,2379.3,66.75,2312.55,10.37,8,Target Hit (3x ATR)
OFSS.NS,Oracle Financial Services Software Limited,Information Technology,2023-12-06,2023-12-13,3697.045166015625,3667.594644646551,6,22182.27,22005.57,-176.7,63.86,-240.56,-1.08,7,Trailing Stop Hit (20 EMA)
MMTC.NS,MMTC Limited,Services & Logistics,2023-12-07,2023-12-13,55.75,62.75,400,22300.0,25100.0,2800.0,67.21,2732.79,12.25,6,Target Hit (3x ATR)
MOTHERSON.NS,Samvardhana Motherson International Limited,Automobile & Auto Components,2023-11-29,2023-12-15,60.75690460205078,65.48353995985657,361,21933.24,23639.56,1706.32,65.25,1641.07,7.48,16,Target Hit (3x ATR)
JWL.NS,Jupiter Wagons Limited,Information Technology,2023-12-15,2023-12-19,333.9273376464844,325.20674319320835,68,22707.06,22114.06,-593.0,64.59,-657.59,-2.9,4,Trailing Stop Hit (20 EMA)
MINDACORP.NS,Minda Corporation Limited,Automobile & Auto Components,2023-11-29,2023-12-20,370.21502685546875,369.7433386785573,59,21842.69,21814.86,-27.83,63.26,-91.09,-0.42,21,Trailing Stop Hit (20 EMA)
HINDZINC.NS,Hindustan Zinc Limited,Metals & Mining,2023-12-04,2023-12-20,284.5682067871094,283.1968276602723,78,22196.32,22089.35,-106.97,63.97,-170.94,-0.77,16,Trailing Stop Hit (20 EMA)
TEGA.NS,Tega Industries Limited,Information Technology,2023-12-15,2023-12-20,1036.3350830078125,1139.67,22,22799.37,25072.74,2273.37,67.78,2205.59,9.67,5,Target Hit (3x ATR)
ACE.NS,Action Construction Equipment Limited,Information Technology,2023-12-15,2023-12-20,849.1746215820312,819.7495163358316,27,22927.71,22133.24,-794.47,64.88,-859.35,-3.75,5,Trailing Stop Hit (20 EMA)
ZYDUSWELL.NS,Zydus Wellness Limited,Consumer Goods & Retail,2023-12-14,2023-12-21,312.05712890625,310.6940870414674,73,22780.17,22680.67,-99.5,65.27,-164.77,-0.72,7,Trailing Stop Hit (20 EMA)
VIJAYA.NS,Vijaya Diagnostic Centre Limited,Healthcare & Pharmaceuticals,2023-12-19,2023-12-27,626.4835815429688,623.1211812101016,36,22553.41,22432.36,-121.05,64.73,-185.78,-0.82,8,Trailing Stop Hit (20 EMA)
SONACOMS.NS,Sona BLW Precision Forgings Limited,Automobile & Auto Components,2023-12-21,2023-12-27,561.5104370117188,611.78,40,22460.42,24471.2,2010.78,66.75,1944.03,8.66,6,Target Hit (3x ATR)
MAZDOCK.NS,Mazagon Dock Shipbuilders Limited,Information Technology,2023-12-21,2023-12-27,1041.75390625,1153.8,22,22918.59,25383.6,2465.01,68.24,2396.77,10.46,6,Target Hit (3x ATR)
GRAVITA.NS,Gravita India Limited,Metals & Mining,2023-12-26,2024-01-02,1078.2554931640625,1066.5095881820866,21,22643.37,22396.7,-246.67,64.81,-311.48,-1.38,7,Trailing Stop Hit (20 EMA)
ASAHIINDIA.NS,Asahi India Glass Limited,Automobile & Auto Components,2023-12-28,2024-01-02,563.8291015625,560.556181482692,41,23116.99,22982.8,-134.19,65.99,-200.18,-0.87,5,Trailing Stop Hit (20 EMA)
AUBANK.NS,AU Small Finance Bank Limited,Banking & Financial Services,2023-12-20,2024-01-03,757.1800537109375,757.8115216474451,30,22715.4,22734.35,18.95,65.25,-46.3,-0.2,14,Trailing Stop Hit (20 EMA)
NATCOPHARM.NS,Natco Pharma Limited,Healthcare & Pharmaceuticals,2023-12-21,2024-01-03,767.7365112304688,826.21,29,22264.36,23960.09,1695.73,65.97,1629.76,7.32,13,Target Hit (3x ATR)
SUMICHEM.NS,Sumitomo Chemical India Limited,Chemicals & Fertilisers,2024-01-01,2024-01-03,402.23785400390625,398.3121156397518,58,23329.8,23102.1,-227.7,66.36,-294.06,-1.26,2,Trailing Stop Hit (20 EMA)
USHAMART.NS,Usha Martin Limited,Information Technology,2024-01-04,2024-01-08,305.4295959472656,298.28323359392454,77,23518.08,22967.81,-550.27,66.45,-616.72,-2.62,4,Trailing Stop Hit (20 EMA)
HINDZINC.NS,Hindustan Zinc Limited,Metals & Mining,2023-12-29,2024-01-09,290.0489807128906,286.4456833229212,80,23203.92,22915.65,-288.27,66.02,-354.29,-1.53,11,Trailing Stop Hit (20 EMA)
ERIS.NS,Eris Lifesciences Limited,Healthcare & Pharmaceuticals,2023-12-26,2024-01-10,897.7581176757812,898.5164847978978,25,22443.95,22462.91,18.96,64.64,-45.68,-0.2,15,Trailing Stop Hit (20 EMA)
MUTHOOTFIN.NS,Muthoot Finance Limited,Banking & Financial Services,2024-01-03,2024-01-10,1425.0537109375,1417.2707212956586,16,22800.86,22676.33,-124.53,65.29,-189.82,-0.83,7,Trailing Stop Hit (20 EMA)
JINDALSAW.NS,Jindal Saw Limited,Information Technology,2024-01-02,2024-01-11,215.70367431640625,243.13,108,23296.0,26258.04,2962.04,69.6,2892.44,12.42,9,Target Hit (3x ATR)
DIVISLAB.NS,Divi's Laboratories Limited,Healthcare & Pharmaceuticals,2023-12-26,2024-01-12,3806.828369140625,3821.5481190647447,6,22840.97,22929.29,88.32,65.61,22.71,0.1,17,Trailing Stop Hit (20 EMA)
ABB.NS,ABB India Limited,Information Technology,2024-01-09,2024-01-15,4781.1650390625,4629.881641561095,4,19124.66,18519.53,-605.13,56.63,-661.76,-3.46,6,Trailing Stop Hit (20 EMA)
MFSL.NS,Max Financial Services Limited,Banking & Financial Services,2024-01-11,2024-01-15,949.6500244140625,947.7000122070312,24,22791.6,22744.8,-46.8,65.36,-112.16,-0.49,4,Trailing Stop Hit (20 EMA)
JWL.NS,Jupiter Wagons Limited,Information Technology,2024-01-04,2024-01-16,328.9566955566406,378.76251327947483,71,23355.93,26892.14,3536.21,70.32,3465.89,14.84,12,Target Hit (3x ATR)
MINDACORP.NS,Minda Corporation Limited,Automobile & Auto Components,2024-01-09,2024-01-16,385.39471435546875,380.8949960599875,61,23509.08,23234.59,-274.49,66.71,-341.2,-1.45,7,Trailing Stop Hit (20 EMA)
WELSPUNLIV.NS,Welspun Living Limited,Diversified & Others,2024-01-10,2024-01-16,154.9396514892578,148.9812090415779,151,23395.89,22496.16,-899.73,65.81,-965.54,-4.13,6,Trailing Stop Hit (20 EMA)
ADANIENSOL.NS,Adani Energy Solutions Limited,"Energy, Power & Utilities",2024-01-03,2024-01-17,1183.199951171875,1106.3179796886075,19,22480.8,21020.04,-1460.76,63.19,-1523.95,-6.78,14,Trailing Stop Hit (20 EMA)
TATACOMM.NS,Tata Communications Limited,Information Technology,2024-01-15,2024-01-17,1696.2374267578125,1659.467891732442,13,22051.09,21573.08,-478.01,63.25,-541.26,-2.45,2,Trailing Stop Hit (20 EMA)
CANBK.NS,Canara Bank,Banking & Financial Services,2023-12-28,2024-01-18,80.27113342285156,81.87725613030219,290,23278.63,23744.4,465.77,66.96,398.81,1.71,21,Trailing Stop Hit (20 EMA)
GRAVITA.NS,Gravita India Limited,Metals & Mining,2024-01-16,2024-01-18,1053.9771728515625,1010.7715930253978,22,23187.5,22236.98,-950.52,65.3,-1015.82,-4.38,2,Trailing Stop Hit (20 EMA)
KPIL.NS,Kalpataru Projects International Limited,"Construction, Materials & Infra",2023-12-29,2024-01-19,693.3841552734375,700.5128578286485,33,22881.68,23116.92,235.24,65.85,169.39,0.74,21,Trailing Stop Hit (20 EMA)
CGPOWER.NS,CG Power and Industrial Solutions Limited,Information Technology,2024-01-17,2024-01-19,459.82427978515625,454.9262015113076,50,22991.21,22746.31,-244.9,65.6,-310.5,-1.35,2,Trailing Stop Hit (20 EMA)
TATACOMM.NS,Tata Communications Limited,Information Technology,2024-01-18,2024-01-23,1712.2999267578125,1682.334981866349,13,22259.9,21870.35,-389.55,63.81,-453.36,-2.04,5,Trailing Stop Hit (20 EMA)
ETERNAL.NS,ETERNAL LIMITED,Consumer Goods & Retail,2024-01-19,2024-01-24,135.0500030517578,130.84215091125463,172,23228.6,22504.85,-723.75,65.61,-789.36,-3.4,5,Trailing Stop Hit (20 EMA)
ASAHIINDIA.NS,Asahi India Glass Limited,Automobile & Auto Components,2024-01-24,2024-01-29,577.5543212890625,560.1348284587871,40,23102.17,22405.39,-696.78,65.38,-762.16,-3.3,5,Trailing Stop Hit (20 EMA)
LTFOODS.NS,LT Foods Limited,Consumer Goods & Retail,2024-01-24,2024-01-29,200.73028564453125,196.36126079536402,115,23083.98,22581.54,-502.44,65.52,-567.96,-2.46,5,Trailing Stop Hit (20 EMA)
SBFC.NS,SBFC Finance Limited,Banking & Financial Services,2024-01-25,2024-01-30,89.30000305175781,87.98256851337894,258,23039.4,22699.5,-339.9,65.59,-405.49,-1.76,5,Trailing Stop Hit (20 EMA)
IPCALAB.NS,IPCA Laboratories Limited,Healthcare & Pharmaceuticals,2024-01-25,2024-01-30,1106.9051513671875,1100.860182398308,20,22138.1,22017.2,-120.9,63.82,-184.72,-0.83,5,Trailing Stop Hit (20 EMA)
CGPOWER.NS,CG Power and Industrial Solutions Limited,Information Technology,2024-01-25,2024-01-31,459.82427978515625,454.88251000678696,50,22991.21,22744.13,-247.08,65.59,-312.67,-1.36,6,Trailing Stop Hit (20 EMA)
ERIS.NS,Eris Lifesciences Limited,Healthcare & Pharmaceuticals,2024-01-29,2024-02-01,903.6923828125,895.6160203491544,25,22592.31,22390.4,-201.91,64.73,-266.64,-1.18,3,Trailing Stop Hit (20 EMA)
GALLANTT.NS,Gallantt Ispat Limited,Information Technology,2024-01-29,2024-02-02,193.66017150878906,226.87,119,23045.56,26997.53,3951.97,70.07,3881.9,16.84,4,Target Hit (3x ATR)
SAMMAANCAP.NS,Sammaan Capital Limited,Banking & Financial Services,2024-01-30,2024-02-02,189.2247772216797,184.0534440629754,122,23085.42,22454.52,-630.9,65.4,-696.3,-3.02,3,Trailing Stop Hit (20 EMA)
GICRE.NS,General Insurance Corporation of India,Banking & Financial Services,2024-01-19,2024-02-05,325.1872863769531,367.12,71,23088.3,26065.52,2977.22,69.15,2908.07,12.6,17,Target Hit (3x ATR)
WELSPUNLIV.NS,Welspun Living Limited,Diversified & Others,2024-01-29,2024-02-05,147.98219299316406,149.5075468695551,156,23085.22,23323.18,237.96,66.3,171.66,0.74,7,Trailing Stop Hit (20 EMA)
VOLTAS.NS,Voltas Limited,Consumer Goods & Retail,2024-01-31,2024-02-05,1079.3419189453125,1012.6495541441268,21,22666.18,21265.64,-1400.54,63.67,-1464.21,-6.46,5,Trailing Stop Hit (20 EMA)
POLYMED.NS,Poly Medicure Limited,Healthcare & Pharmaceuticals,2024-01-31,2024-02-07,1449.385498046875,1592.5,16,23190.17,25480.0,2289.83,68.67,2221.16,9.58,7,Target Hit (3x ATR)
SONACOMS.NS,Sona BLW Precision Forgings Limited,Automobile & Auto Components,2024-01-31,2024-02-08,607.5003662109375,601.5178058270687,38,23085.01,22857.68,-227.33,65.83,-293.16,-1.27,8,Trailing Stop Hit (20 EMA)
MINDACORP.NS,Minda Corporation Limited,Automobile & Auto Components,2024-01-17,2024-02-09,397.4987487792969,398.63923978314324,58,23054.93,23121.08,66.15,66.05,0.1,0.0,23,Trailing Stop Hit (20 EMA)
TEGA.NS,Tega Industries Limited,Information Technology,2024-02-02,2024-02-09,1183.527587890625,1145.2532708604624,19,22487.02,21759.81,-727.21,63.97,-791.18,-3.52,7,Trailing Stop Hit (20 EMA)
WOCKPHARMA.NS,Wockhardt Limited,Healthcare & Pharmaceuticals,2024-02-06,2024-02-09,458.1000061035156,449.9028401836292,51,23363.1,22945.04,-418.06,66.23,-484.29,-2.07,3,Trailing Stop Hit (20 EMA)
VIJAYA.NS,Vijaya Diagnostic Centre Limited,Healthcare & Pharmaceuticals,2024-02-07,2024-02-09,666.9564819335938,650.4924158944077,35,23343.48,22767.23,-576.25,66.03,-642.28,-2.75,2,Trailing Stop Hit (20 EMA)
PGEL.NS,PG Electroplast Limited,Consumer Goods & Retail,2024-02-07,2024-02-09,205.882080078125,197.94818807492297,115,23676.44,22764.04,-912.4,66.42,-978.82,-4.13,2,Trailing Stop Hit (20 EMA)
HEG.NS,HEG Limited,Information Technology,2024-02-05,2024-02-12,362.19085693359375,360.3871649841436,65,23542.41,23425.17,-117.24,66.95,-184.19,-0.78,7,Trailing Stop Hit (20 EMA)
TATACOMM.NS,Tata Communications Limited,Information Technology,2024-02-08,2024-02-12,1702.86572265625,1668.6292374454104,14,23840.12,23360.81,-479.31,67.23,-546.54,-2.29,4,Trailing Stop Hit (20 EMA)
CASTROLIND.NS,Castrol India Limited,"Energy, Power & Utilities",2024-01-29,2024-02-13,161.79176330566406,161.83049556635257,143,23136.22,23141.76,5.54,66.18,-60.64,-0.26,15,Trailing Stop Hit (20 EMA)
WELSPUNLIV.NS,Welspun Living Limited,Diversified & Others,2024-02-09,2024-02-13,155.43312072753906,148.7223218574158,152,23625.83,22605.79,-1020.04,66.19,-1086.23,-4.6,4,Trailing Stop Hit (20 EMA)
DIVISLAB.NS,Divi's Laboratories Limited,Healthcare & Pharmaceuticals,2024-02-12,2024-02-14,3685.28759765625,3635.873394870438,6,22111.73,21815.24,-296.49,63.59,-360.08,-1.63,2,Trailing Stop Hit (20 EMA)
CREDITACC.NS,CREDITACCESS GRAMEEN LIMITED,Banking & Financial Services,2024-02-12,2024-02-14,1612.017333984375,1602.5300110786459,14,22568.24,22435.42,-132.82,64.77,-197.59,-0.88,2,Trailing Stop Hit (20 EMA)
TEGA.NS,Tega Industries Limited,Information Technology,2024-02-12,2024-02-15,1198.64599609375,1359.1,19,22774.27,25822.9,3048.63,68.53,2980.1,13.09,3,Target Hit (3x ATR)
TRENT.NS,Trent Limited,Consumer Goods & Retail,2024-02-07,2024-02-16,3598.453125,4006.11,6,21590.72,24036.66,2445.94,65.26,2380.68,11.03,9,Target Hit (3x ATR)
WOCKPHARMA.NS,Wockhardt Limited,Healthcare & Pharmaceuticals,2024-02-14,2024-02-16,448.54998779296875,446.70001220703125,52,23324.6,23228.4,-96.2,66.48,-162.68,-0.7,2,Trailing Stop Hit (20 EMA)
WOCKPHARMA.NS,Wockhardt Limited,Healthcare & Pharmaceuticals,2024-02-16,2024-02-20,487.20001220703125,570.97,48,23385.6,27406.56,4020.96,70.89,3950.07,16.89,4,Target Hit (3x ATR)
GRAPHITE.NS,Graphite India Limited,Information Technology,2024-02-16,2024-02-20,548.0798950195312,532.5210542846522,43,23567.44,22898.41,-669.03,66.44,-735.47,-3.12,4,Trailing Stop Hit (20 EMA)
ADANIENSOL.NS,Adani Energy Solutions Limited,"Energy, Power & Utilities",2024-02-16,2024-02-20,1061.5999755859375,1062.0418048875745,22,23355.2,23364.92,9.72,66.65,-56.93,-0.24,4,Trailing Stop Hit (20 EMA)
MFSL.NS,Max Financial Services Limited,Banking & Financial Services,2024-02-06,2024-02-22,913.0,947.8499836000396,26,23738.0,24644.1,906.1,68.44,837.66,3.53,16,Trailing Stop Hit (20 EMA)
JUBLINGREA.NS,Jubilant Ingrevia Limited,Chemicals & Fertilisers,2024-02-12,2024-02-23,474.6434326171875,459.27069832506237,49,23257.53,22504.26,-753.27,65.65,-818.92,-3.52,11,Trailing Stop Hit (20 EMA)
ABB.NS,ABB India Limited,Information Technology,2024-02-21,2024-02-23,4843.64599609375,5333.3,4,19374.58,21333.2,1958.62,59.84,1898.78,9.8,2,Target Hit (3x ATR)
SBFC.NS,SBFC Finance Limited,Banking & Financial Services,2024-02-16,2024-02-26,88.8499984741211,88.19754355069291,265,23545.25,23372.35,-172.9,66.89,-239.79,-1.02,10,Trailing Stop Hit (20 EMA)
SUMICHEM.NS,Sumitomo Chemical India Limited,Chemicals & Fertilisers,2024-02-23,2024-02-27,382.313232421875,381.06013888964276,62,23703.42,23625.73,-77.69,67.34,-145.03,-0.61,4,Trailing Stop Hit (20 EMA)
MINDACORP.NS,Minda Corporation Limited,Automobile & Auto Components,2024-02-16,2024-02-28,403.5526428222656,414.0163329788462,58,23406.05,24012.95,606.9,67.39,539.51,2.31,12,Trailing Stop Hit (20 EMA)
CLEAN.NS,Clean Science and Technology Limited,Chemicals & Fertilisers,2024-02-21,2024-02-28,1445.310302734375,1416.7129905063675,16,23124.96,22667.41,-457.55,65.66,-523.21,-2.26,7,Trailing Stop Hit (20 EMA)
UNIONBANK.NS,Union Bank of India,Banking & Financial Services,2024-02-21,2024-02-28,132.81051635742188,130.88836763572522,180,23905.89,23559.91,-345.98,67.52,-413.5,-1.73,7,Trailing Stop Hit (20 EMA)
SONACOMS.NS,Sona BLW Precision Forgings Limited,Automobile & Auto Components,2024-02-23,2024-02-29,639.5653076171875,707.07,37,23663.92,26161.59,2497.67,69.93,2427.74,10.26,6,Target Hit (3x ATR)
CGPOWER.NS,CG Power and Industrial Solutions Limited,Information Technology,2024-02-29,2024-03-01,441.3955078125,488.49,54,23835.36,26378.46,2543.1,70.37,2472.73,10.37,1,Target Hit (3x ATR)
SOBHA.NS,Sobha Limited,"Construction, Materials & Infra",2024-02-21,2024-03-06,1468.6842041015625,1487.263266354279,16,23498.95,23796.21,297.26,67.28,229.98,0.98,14,Trailing Stop Hit (20 EMA)
IGL.NS,Indraprastha Gas Limited,"Energy, Power & Utilities",2024-03-04,2024-03-06,212.8000946044922,207.91821686412,115,24472.01,23910.59,-561.42,68.55,-629.97,-2.57,2,Trailing Stop Hit (20 EMA)
SBFC.NS,SBFC Finance Limited,Banking & Financial Services,2024-03-04,2024-03-07,89.80000305175781,88.30465177956373,272,24425.6,24018.87,-406.73,68.61,-475.34,-1.95,3,Trailing Stop Hit (20 EMA)
MOTHERSON.NS,Samvardhana Motherson International Limited,Automobile & Auto Components,2024-02-28,2024-03-11,77.82530212402344,77.03643066118482,306,23814.54,23573.15,-241.39,67.41,-308.8,-1.3,12,Trailing Stop Hit (20 EMA)
ADANIPOWER.NS,Adani Power Limited,"Energy, Power & Utilities",2024-03-05,2024-03-11,114.7699966430664,112.09989469649446,215,24675.55,24101.48,-574.07,68.99,-643.06,-2.61,6,Trailing Stop Hit (20 EMA)
KPRMILL.NS,K.P.R. Mill Limited,Diversified & Others,2024-02-26,2024-03-12,769.515869140625,758.4899690596654,31,23854.99,23513.19,-341.8,67.4,-409.2,-1.72,15,Trailing Stop Hit (20 EMA)
JWL.NS,Jupiter Wagons Limited,Information Technology,2024-03-07,2024-03-12,368.0382995605469,368.1377887296353,66,24290.53,24297.09,6.56,68.72,-62.16,-0.26,5,Trailing Stop Hit (20 EMA)
ARE&M.NS,Amara Raja Energy & Mobility Limited,Automobile & Auto Components,2024-03-07,2024-03-12,848.2940673828125,831.3449352318053,28,23752.23,23277.66,-474.57,67.04,-541.61,-2.28,5,Trailing Stop Hit (20 EMA)
PVRINOX.NS,PVR INOX Limited,Diversified & Others,2024-03-07,2024-03-12,1415.5,1383.0,17,24063.5,23511.0,-552.5,67.64,-620.14,-2.58,5,Trailing Stop Hit (20 EMA)
GRAPHITE.NS,Graphite India Limited,Information Technology,2024-02-22,2024-03-13,578.2857055664062,570.8284586821328,41,23709.71,23403.97,-305.74,67.12,-372.86,-1.57,20,Trailing Stop Hit (20 EMA)
MFSL.NS,Max Financial Services Limited,Banking & Financial Services,2024-02-28,2024-03-13,964.3499755859375,965.3647249317057,24,23144.4,23168.75,24.35,66.21,-41.86,-0.18,14,Trailing Stop Hit (20 EMA)
UNIONBANK.NS,Union Bank of India,Banking & Financial Services,2024-02-29,2024-03-13,133.90887451171875,135.59539450787375,179,23969.69,24271.58,301.89,68.32,233.57,0.97,13,Trailing Stop Hit (20 EMA)
ZYDUSWELL.NS,Zydus Wellness Limited,Consumer Goods & Retail,2024-03-11,2024-03-13,316.0577392578125,312.11666765227477,76,24020.39,23720.87,-299.52,67.8,-367.32,-1.53,2,Trailing Stop Hit (20 EMA)
KALYANKJIL.NS,Kalyan Jewellers India Limited,Consumer Goods & Retail,2024-03-13,2024-03-15,388.0918884277344,382.0233139295245,61,23673.61,23303.42,-370.19,66.96,-437.15,-1.85,2,Trailing Stop Hit (20 EMA)
ACE.NS,Action Construction Equipment Limited,Information Technology,2024-03-14,2024-03-18,1266.40283203125,1224.4370749514903,18,22795.25,22039.87,-755.38,64.63,-820.01,-3.6,4,Trailing Stop Hit (20 EMA)
GRAPHITE.NS,Graphite India Limited,Information Technology,2024-03-21,2024-03-26,590.6058349609375,574.4267335883009,40,23624.23,22977.07,-647.16,66.57,-713.73,-3.02,5,Trailing Stop Hit (20 EMA)
CHOLAFIN.NS,Cholamandalam Investment and Finance Company Limited,Banking & Financial Services,2024-03-21,2024-03-26,1070.9669189453125,1075.1064511235954,22,23561.27,23652.34,91.07,67.19,23.88,0.1,5,Trailing Stop Hit (20 EMA)
SUMICHEM.NS,Sumitomo Chemical India Limited,Chemicals & Fertilisers,2024-03-22,2024-03-27,363.8783264160156,351.75402131728964,66,24015.97,23215.77,-800.2,67.29,-867.49,-3.61,5,Trailing Stop Hit (20 EMA)
MUTHOOTFIN.NS,Muthoot Finance Limited,Banking & Financial Services,2024-03-21,2024-04-01,1385.0787353515625,1520.27,17,23546.34,25844.59,2298.25,69.46,2228.79,9.47,11,Target Hit (3x ATR)
LTFOODS.NS,LT Foods Limited,Consumer Goods & Retail,2024-03-20,2024-04-03,176.47970581054688,202.81,134,23648.28,27176.54,3528.26,70.97,3457.29,14.62,14,Target Hit (3x ATR)
FIVESTAR.NS,Five-Star Business Finance Limited,Banking & Financial Services,2024-03-20,2024-04-04,674.2572021484375,761.28,35,23599.0,26644.8,3045.8,70.35,2975.45,12.61,15,Target Hit (3x ATR)
DOMS.NS,DOMS Industries Limited,Consumer Goods & Retail,2024-03-21,2024-04-04,1488.939697265625,1690.75,16,23823.04,27052.0,3228.96,71.03,3157.93,13.26,14,Target Hit (3x ATR)
IPCALAB.NS,IPCA Laboratories Limited,Healthcare & Pharmaceuticals,2024-03-22,2024-04-05,1186.887939453125,1303.19,20,23737.76,26063.8,2326.04,69.91,2256.13,9.5,14,Target Hit (3x ATR)
JSWINFRA.NS,JSW Infrastructure Limited,Services & Logistics,2024-03-27,2024-04-09,245.77215576171875,242.98905973793933,98,24085.67,23812.93,-272.74,67.99,-340.73,-1.41,13,Trailing Stop Hit (20 EMA)
MFSL.NS,Max Financial Services Limited,Banking & Financial Services,2024-03-26,2024-04-15,987.75,1004.1890116915795,24,23706.0,24100.54,394.54,67.84,326.7,1.38,20,Trailing Stop Hit (20 EMA)
KALYANKJIL.NS,Kalyan Jewellers India Limited,Consumer Goods & Retail,2024-03-26,2024-04-15,398.78656005859375,410.029342959087,59,23528.41,24191.73,663.32,67.72,595.6,2.53,20,Trailing Stop Hit (20 EMA)
ENDURANCE.NS,Endurance Technologies Limited,Automobile & Auto Components,2024-03-27,2024-04-15,1794.6075439453125,1760.940899163144,13,23329.9,22892.23,-437.67,66.14,-503.81,-2.16,19,Trailing Stop Hit (20 EMA)
WELSPUNLIV.NS,Welspun Living Limited,Diversified & Others,2024-04-01,2024-04-15,152.57118225097656,147.19267249236034,161,24563.96,23698.02,-865.94,68.43,-934.37,-3.8,14,Trailing Stop Hit (20 EMA)
ATUL.NS,Atul Limited,Chemicals & Fertilisers,2024-04-10,2024-04-15,6127.3681640625,5924.607022795447,4,24509.47,23698.43,-811.04,68.38,-879.42,-3.59,5,Trailing Stop Hit (20 EMA)
TRENT.NS,Trent Limited,Consumer Goods & Retail,2024-04-10,2024-04-15,4011.065185546875,3936.046492095238,6,24066.39,23616.28,-450.11,67.76,-517.87,-2.15,5,Trailing Stop Hit (20 EMA)
SONACOMS.NS,Sona BLW Precision Forgings Limited,Automobile & Auto Components,2024-04-12,2024-04-16,669.8566284179688,650.1549377475668,37,24784.7,24055.73,-728.97,69.07,-798.04,-3.22,4,Trailing Stop Hit (20 EMA)
BLS.NS,BLS International Services Limited,Consumer Goods & Retail,2024-04-16,2024-04-19,331.3804016113281,316.5447047228825,74,24522.15,23424.31,-1097.84,68.11,-1165.95,-4.75,3,Trailing Stop Hit (20 EMA)
WOCKPHARMA.NS,Wockhardt Limited,Healthcare & Pharmaceuticals,2024-04-18,2024-04-23,572.9500122070312,566.8926692499444,42,24063.9,23809.49,-254.41,67.95,-322.36,-1.34,5,Trailing Stop Hit (20 EMA)
SOBHA.NS,Sobha Limited,"Construction, Materials & Infra",2024-03-22,2024-04-26,1465.7569580078125,1769.95,16,23452.11,28319.2,4867.09,71.92,4795.17,20.45,35,Target Hit (3x ATR)
GLAXO.NS,GlaxoSmithKline Pharmaceuticals Limited,Healthcare & Pharmaceuticals,2024-04-22,2024-04-26,1845.5535888671875,2025.65,13,23992.2,26333.45,2341.25,70.49,2270.76,9.46,4,Target Hit (3x ATR)
ATUL.NS,Atul Limited,Chemicals & Fertilisers,2024-04-26,2024-04-30,5863.43798828125,5876.80731189161,4,23453.75,23507.23,53.48,66.93,-13.45,-0.06,4,Trailing Stop Hit (20 EMA)
ADANIENSOL.NS,Adani Energy Solutions Limited,"Energy, Power & Utilities",2024-04-26,2024-05-02,1062.8499755859375,1056.3534381078646,23,24445.55,24296.13,-149.42,68.93,-218.35,-0.89,6,Trailing Stop Hit (20 EMA)
JWL.NS,Jupiter Wagons Limited,Information Technology,2024-04-22,2024-05-06,395.35015869140625,390.3878707163946,62,24511.71,24204.05,-307.66,68.9,-376.56,-1.54,14,Trailing Stop Hit (20 EMA)
CANBK.NS,Canara Bank,Banking & Financial Services,2024-04-22,2024-05-06,109.1512680053711,110.13959496303471,225,24559.04,24781.41,222.37,69.56,152.81,0.62,14,Trailing Stop Hit (20 EMA)
BANKBARODA.NS,Bank of Baroda,Banking & Financial Services,2024-04-25,2024-05-06,244.73162841796875,244.2458825024196,102,24962.63,24913.08,-49.55,70.16,-119.71,-0.48,11,Trailing Stop Hit (20 EMA)
INDIANB.NS,Indian Bank,Banking & Financial Services,2024-04-25,2024-05-06,492.0613708496094,494.3434934962632,51,25095.13,25211.52,116.39,70.66,45.73,0.18,11,Trailing Stop Hit (20 EMA)
ADANIPOWER.NS,Adani Power Limited,"Energy, Power & Utilities",2024-04-30,2024-05-06,122.48999786376953,118.9723819153078,208,25477.92,24746.26,-731.66,70.62,-802.28,-3.15,6,Trailing Stop Hit (20 EMA)
ENDURANCE.NS,Endurance Technologies Limited,Automobile & Auto Components,2024-04-23,2024-05-07,1845.4283447265625,1893.5113884589612,13,23990.57,24615.65,625.08,68.71,556.37,2.32,14,Trailing Stop Hit (20 EMA)
LAURUSLABS.NS,Laurus Labs Limited,Healthcare & Pharmaceuticals,2024-04-26,2024-05-07,434.79937744140625,433.55553413752796,57,24783.56,24712.67,-70.89,69.75,-140.64,-0.57,11,Trailing Stop Hit (20 EMA)
GABRIEL.NS,Gabriel India Limited,Automobile & Auto Components,2024-04-29,2024-05-07,373.1672668457031,357.2189352432571,68,25375.37,24290.89,-1084.48,70.02,-1154.5,-4.55,8,Trailing Stop Hit (20 EMA)
ITI.NS,ITI Limited,Information Technology,2024-04-22,2024-05-08,279.45001220703125,281.04998779296875,87,24312.15,24451.35,139.2,68.92,70.28,0.29,16,Trailing Stop Hit (20 EMA)
INDIANB.NS,Indian Bank,Banking & Financial Services,2024-05-08,2024-05-10,497.3363037109375,484.4991047403366,49,24369.48,23740.46,-629.02,68.25,-697.27,-2.86,2,Trailing Stop Hit (20 EMA)
VIJAYA.NS,Vijaya Diagnostic Centre Limited,Healthcare & Pharmaceuticals,2024-05-09,2024-05-10,727.9650268554688,808.45,33,24022.85,26678.85,2656.0,70.88,2585.12,10.76,1,Target Hit (3x ATR)
ADANIPOWER.NS,Adani Power Limited,"Energy, Power & Utilities",2024-05-09,2024-05-13,122.55999755859375,118.9407549280078,201,24634.56,23907.09,-727.47,68.74,-796.21,-3.23,4,Trailing Stop Hit (20 EMA)
DMART.NS,Avenue Supermarts Limited,Consumer Goods & Retail,2024-05-08,2024-05-14,4806.75,4650.0411899749,5,24033.75,23250.21,-783.54,67.34,-850.88,-3.54,6,Trailing Stop Hit (20 EMA)
JSL.NS,Jindal Stainless Limited,Metals & Mining,2024-05-14,2024-05-16,702.89990234375,617.3586662334324,35,24601.5,21607.55,-2993.95,66.32,-3060.27,-12.44,2,Trailing Stop Hit (20 EMA)
MAZDOCK.NS,Mazagon Dock Shipbuilders Limited,Information Technology,2024-05-14,2024-05-17,1146.1748046875,1316.51,21,24069.67,27646.71,3577.04,71.94,3505.1,14.56,3,Target Hit (3x ATR)
JUBLINGREA.NS,Jubilant Ingrevia Limited,Chemicals & Fertilisers,2024-05-15,2024-05-17,538.7870483398438,517.8597413395528,46,24784.2,23821.55,-962.65,68.83,-1031.48,-4.16,2,Trailing Stop Hit (20 EMA)
MINDACORP.NS,Minda Corporation Limited,Automobile & Auto Components,2024-05-10,2024-05-21,411.5491943359375,402.3606028724859,60,24692.95,24141.64,-551.31,69.04,-620.35,-2.51,11,Trailing Stop Hit (20 EMA)
LICHSGFIN.NS,LIC Housing Finance Limited,Banking & Financial Services,2024-05-16,2024-05-21,620.9142456054688,610.2558032609445,39,24215.66,23799.98,-415.68,68.13,-483.81,-2.0,5,Trailing Stop Hit (20 EMA)
ECLERX.NS,eClerx Services Limited,Services & Logistics,2024-05-16,2024-05-21,1199.5712890625,1176.2795456305041,20,23991.43,23525.59,-465.84,67.58,-533.42,-2.22,5,Trailing Stop Hit (20 EMA)
ADANIPOWER.NS,Adani Power Limited,"Energy, Power & Utilities",2024-05-14,2024-05-22,125.61000061035156,140.15,197,24745.17,27609.55,2864.38,72.71,2791.67,11.28,8,Target Hit (3x ATR)
GICRE.NS,General Insurance Corporation of India,Banking & Financial Services,2024-05-15,2024-05-22,311.44183349609375,345.87,79,24603.9,27323.73,2719.83,72.24,2647.59,10.76,7,Target Hit (3x ATR)
GRAVITA.NS,Gravita India Limited,Metals & Mining,2024-05-17,2024-05-22,957.5984497070312,939.9137513019031,25,23939.96,23497.84,-442.12,67.49,-509.61,-2.13,5,Trailing Stop Hit (20 EMA)
CLEAN.NS,Clean Science and Technology Limited,Chemicals & Fertilisers,2024-05-15,2024-05-23,1309.17138671875,1387.45,18,23565.08,24974.1,1409.02,68.57,1340.45,5.69,8,Target Hit (3x ATR)
SUMICHEM.NS,Sumitomo Chemical India Limited,Chemicals & Fertilisers,2024-05-17,2024-05-24,407.0090637207031,441.88,60,24420.54,26512.8,2092.26,71.2,2021.06,8.28,7,Target Hit (3x ATR)
ACE.NS,Action Construction Equipment Limited,Information Technology,2024-05-21,2024-05-24,1561.560302734375,1446.8989963287295,15,23423.4,21703.48,-1719.92,65.01,-1784.93,-7.62,3,Trailing Stop Hit (20 EMA)
TEGA.NS,Tega Industries Limited,Information Technology,2024-05-23,2024-05-27,1539.4840087890625,1500.5651919528261,16,24631.74,24009.04,-622.7,68.83,-691.53,-2.81,4,Trailing Stop Hit (20 EMA)
MMTC.NS,MMTC Limited,Services & Logistics,2024-05-17,2024-05-28,74.8499984741211,73.26352267798046,330,24700.5,24176.96,-523.54,69.1,-592.64,-2.4,11,Trailing Stop Hit (20 EMA)
SONACOMS.NS,Sona BLW Precision Forgings Limited,Automobile & Auto Components,2024-05-21,2024-05-28,627.7935180664062,614.8548042053902,39,24483.95,23979.34,-504.61,68.63,-573.24,-2.34,7,Trailing Stop Hit (20 EMA)
SAMMAANCAP.NS,Sammaan Capital Limited,Banking & Financial Services,2024-05-22,2024-05-28,164.44418334960938,162.76006891366063,152,24995.52,24739.53,-255.99,70.03,-326.02,-1.3,6,Trailing Stop Hit (20 EMA)
IPCALAB.NS,IPCA Laboratories Limited,Healthcare & Pharmaceuticals,2024-05-28,2024-05-30,1309.6402587890625,1281.705783589895,19,24883.16,24352.41,-530.75,69.48,-600.23,-2.41,2,Trailing Stop Hit (20 EMA)
UNIONBANK.NS,Union Bank of India,Banking & Financial Services,2024-05-22,2024-05-31,135.64793395996094,136.77492312199783,184,24959.22,25166.59,207.37,70.44,136.93,0.55,9,Trailing Stop Hit (20 EMA)
JINDALSAW.NS,Jindal Saw Limited,Information Technology,2024-05-27,2024-05-31,275.7215270996094,264.8738229155871,91,25090.66,24103.52,-987.14,69.49,-1056.63,-4.21,4,Trailing Stop Hit (20 EMA)
ARE&M.NS,Amara Raja Energy & Mobility Limited,Automobile & Auto Components,2024-05-24,2024-06-04,1180.8399658203125,1121.5334187244907,21,24797.64,23552.2,-1245.44,68.57,-1314.01,-5.3,11,Trailing Stop Hit (20 EMA)
DOMS.NS,DOMS Industries Limited,Consumer Goods & Retail,2024-05-27,2024-06-04,1842.75634765625,1829.9059752175247,13,23955.83,23788.78,-167.05,67.81,-234.86,-0.98,8,Trailing Stop Hit (20 EMA)
AUBANK.NS,AU Small Finance Bank Limited,Banking & Financial Services,2024-05-27,2024-06-04,632.2036743164062,629.2048275500283,39,24655.94,24538.99,-116.95,69.43,-186.38,-0.76,8,Trailing Stop Hit (20 EMA)
USHAMART.NS,Usha Martin Limited,Information Technology,2024-05-28,2024-06-04,346.7527160644531,345.7446019578879,72,24966.2,24893.61,-72.59,70.15,-142.74,-0.57,7,Trailing Stop Hit (20 EMA)
ITI.NS,ITI Limited,Information Technology,2024-05-30,2024-06-04,303.45001220703125,299.089841638948,82,24882.9,24525.37,-357.53,69.68,-427.21,-1.72,5,Trailing Stop Hit (20 EMA)
CANBK.NS,Canara Bank,Banking & Financial Services,2024-05-31,2024-06-04,107.36786651611328,106.99625306480013,232,24909.35,24823.13,-86.22,70.02,-156.24,-0.63,4,Trailing Stop Hit (20 EMA)
FIVESTAR.NS,Five-Star Business Finance Limited,Banking & Financial Services,2024-05-31,2024-06-04,751.7066650390625,723.5679940653613,33,24806.32,23877.74,-928.58,68.92,-997.5,-4.02,4,Trailing Stop Hit (20 EMA)
MUTHOOTFIN.NS,Muthoot Finance Limited,Banking & Financial Services,2024-05-31,2024-06-04,1649.15234375,1635.8648709572115,15,24737.29,24537.97,-199.32,69.52,-268.84,-1.09,4,Trailing Stop Hit (20 EMA)
TATACOMM.NS,Tata Communications Limited,Information Technology,2024-05-31,2024-06-04,1720.71826171875,1714.0900029742734,14,24090.06,23997.26,-92.8,68.18,-160.98,-0.67,4,Trailing Stop Hit (20 EMA)
KPIL.NS,Kalpataru Projects International Limited,"Construction, Materials & Infra",2024-06-03,2024-06-04,1195.6282958984375,1100.08,20,23912.57,22001.6,-1910.97,65.9,-1976.87,-8.27,1,Stop Loss Hit (2x ATR)
ARE&M.NS,Amara Raja Energy & Mobility Limited,Automobile & Auto Components,2024-06-05,2024-06-07,1187.9141845703125,1412.14,20,23758.28,28242.8,4484.52,72.2,4412.32,18.57,2,Target Hit (3x ATR)
NATCOPHARM.NS,Natco Pharma Limited,Healthcare & Pharmaceuticals,2024-06-05,2024-06-10,1002.8336791992188,1111.58,24,24068.01,26677.92,2609.91,70.94,2538.97,10.55,5,Target Hit (3x ATR)
JSWDULUX.NS,JSW Dulux Limited,Consumer Goods & Retail,2024-06-05,2024-06-12,2377.693359375,2551.88,10,23776.93,25518.8,1741.87,69.41,1672.46,7.03,7,Target Hit (3x ATR)
KALYANKJIL.NS,Kalyan Jewellers India Limited,Consumer Goods & Retail,2024-06-05,2024-06-13,400.477783203125,399.40258543984385,60,24028.67,23964.16,-64.51,68.06,-132.57,-0.55,8,Trailing Stop Hit (20 EMA)
KPIL.NS,Kalpataru Projects International Limited,"Construction, Materials & Infra",2024-06-07,2024-06-18,1236.3494873046875,1183.0022502526133,20,24726.99,23660.05,-1066.94,68.59,-1135.53,-4.59,11,Trailing Stop Hit (20 EMA)
MMTC.NS,MMTC Limited,Services & Logistics,2024-06-11,2024-06-18,73.41999816894531,83.86,341,25036.22,28596.26,3560.04,74.1,3485.94,13.92,7,Target Hit (3x ATR)
AUBANK.NS,AU Small Finance Bank Limited,Banking & Financial Services,2024-06-05,2024-06-19,667.021728515625,649.7447499989701,36,24012.78,23390.81,-621.97,67.45,-689.42,-2.87,14,Trailing Stop Hit (20 EMA)
CREDITACC.NS,CREDITACCESS GRAMEEN LIMITED,Banking & Financial Services,2024-06-05,2024-06-24,1393.2520751953125,1436.5985949994795,17,23685.29,24422.18,736.89,68.15,668.74,2.82,19,Trailing Stop Hit (20 EMA)
GRAPHITE.NS,Graphite India Limited,Information Technology,2024-06-19,2024-06-24,565.4899291992188,551.7614065087806,44,24881.56,24277.5,-604.06,69.41,-673.47,-2.71,5,Trailing Stop Hit (20 EMA)
ZYDUSWELL.NS,Zydus Wellness Limited,Consumer Goods & Retail,2024-06-05,2024-06-26,376.3050537109375,363.4725833204264,64,24083.52,23262.25,-821.27,67.41,-888.68,-3.69,21,Trailing Stop Hit (20 EMA)
DMART.NS,Avenue Supermarts Limited,Consumer Goods & Retail,2024-06-05,2024-06-26,4862.25,4746.257091291876,5,24311.25,23731.29,-579.96,68.16,-648.12,-2.67,21,Trailing Stop Hit (20 EMA)
AXISBANK.NS,Axis Bank Limited,Banking & Financial Services,2024-06-05,2024-06-27,1181.66455078125,1306.864161814128,20,23633.29,26137.28,2503.99,69.87,2434.12,10.3,22,Target Hit (3x ATR)
WELSPUNLIV.NS,Welspun Living Limited,Diversified & Others,2024-06-13,2024-07-01,138.97201538085938,154.39,180,25014.96,27790.2,2775.24,73.22,2702.02,10.8,18,Target Hit (3x ATR)
FEDERALBNK.NS,The Federal Bank  Limited,Banking & Financial Services,2024-06-05,2024-07-03,163.51806640625,179.08,149,24364.19,26682.92,2318.73,71.28,2247.45,9.22,28,Target Hit (3x ATR)
NYKAA.NS,FSN E-Commerce Ventures Limited,Consumer Goods & Retail,2024-06-14,2024-07-03,171.05999755859375,173.11015661789622,146,24974.76,25274.08,299.32,70.56,228.76,0.92,19,Trailing Stop Hit (20 EMA)
SUMICHEM.NS,Sumitomo Chemical India Limited,Chemicals & Fertilisers,2024-07-02,2024-07-10,509.4197082519531,482.02046728580183,50,25470.99,24101.02,-1369.97,69.94,-1439.91,-5.65,8,Trailing Stop Hit (20 EMA)
KPIL.NS,Kalpataru Projects International Limited,"Construction, Materials & Infra",2024-07-02,2024-07-10,1193.1888427734375,1342.32,21,25056.97,28188.72,3131.75,73.7,3058.05,12.2,8,Target Hit (3x ATR)
JINDALSAW.NS,Jindal Saw Limited,Information Technology,2024-07-08,2024-07-10,279.6261901855469,271.2452251489,91,25445.98,24683.32,-762.66,70.52,-833.18,-3.27,2,Trailing Stop Hit (20 EMA)
SONACOMS.NS,Sona BLW Precision Forgings Limited,Automobile & Auto Components,2024-07-01,2024-07-11,661.1634521484375,720.28,38,25124.21,27370.64,2246.43,72.92,2173.51,8.65,10,Target Hit (3x ATR)
BANKINDIA.NS,Bank of India,Banking & Financial Services,2024-07-09,2024-07-11,115.55587768554688,113.59138521288592,222,25653.4,25217.29,-436.11,71.32,-507.43,-1.98,2,Trailing Stop Hit (20 EMA)
VIJAYA.NS,Vijaya Diagnostic Centre Limited,Healthcare & Pharmaceuticals,2024-07-09,2024-07-12,814.2940063476562,784.4710519322704,31,25243.11,24318.6,-924.51,69.89,-994.4,-3.94,3,Trailing Stop Hit (20 EMA)
DIVISLAB.NS,Divi's Laboratories Limited,Healthcare & Pharmaceuticals,2024-07-09,2024-07-12,4485.1796875,4461.02345058573,5,22425.9,22305.12,-120.78,64.46,-185.24,-0.83,3,Trailing Stop Hit (20 EMA)
FIVESTAR.NS,Five-Star Business Finance Limited,Banking & Financial Services,2024-07-10,2024-07-12,822.5531005859375,796.0834111549123,31,25499.15,24678.59,-820.56,70.57,-891.13,-3.49,2,Trailing Stop Hit (20 EMA)
BANKINDIA.NS,Bank of India,Banking & Financial Services,2024-07-15,2024-07-18,115.6119384765625,113.83199230438206,223,25781.46,25384.53,-396.93,71.64,-468.57,-1.82,3,Trailing Stop Hit (20 EMA)
TMPV.NS,Tata Motors Passenger Vehicles Limited,Automobile & Auto Components,2024-06-27,2024-07-19,955.8839721679688,982.296833275776,26,24852.98,25539.72,686.74,70.7,616.04,2.48,22,Trailing Stop Hit (20 EMA)
GLAXO.NS,GlaxoSmithKline Pharmaceuticals Limited,Healthcare & Pharmaceuticals,2024-07-16,2024-07-19,2510.330810546875,2446.464618614482,10,25103.31,24464.65,-638.66,69.89,-708.55,-2.82,3,Trailing Stop Hit (20 EMA)
TATACOMM.NS,Tata Communications Limited,Information Technology,2024-07-18,2024-07-19,1826.3311767578125,1744.64,14,25568.64,24424.96,-1143.68,70.4,-1214.08,-4.75,1,Stop Loss Hit (2x ATR)
CHOLAFIN.NS,Cholamandalam Investment and Finance Company Limited,Banking & Financial Services,2024-07-18,2024-07-22,1445.4862060546875,1405.3380190519981,17,24573.27,23890.75,-682.52,68.65,-751.17,-3.06,4,Trailing Stop Hit (20 EMA)
LTFOODS.NS,LT Foods Limited,Consumer Goods & Retail,2024-07-09,2024-07-23,269.75982666015625,268.17291943780623,95,25627.18,25476.43,-150.75,71.56,-222.31,-0.87,14,Trailing Stop Hit (20 EMA)
NATCOPHARM.NS,Natco Pharma Limited,Healthcare & Pharmaceuticals,2024-07-15,2024-07-23,1193.384033203125,1186.008499699511,21,25061.06,24906.18,-154.88,70.29,-225.17,-0.9,8,Trailing Stop Hit (20 EMA)
GRAVITA.NS,Gravita India Limited,Metals & Mining,2024-07-22,2024-07-23,1444.1717529296875,1668.7,17,24550.92,28367.9,3816.98,73.27,3743.71,15.25,1,Target Hit (3x ATR)
JKCEMENT.NS,JK Cement Limited,"Construction, Materials & Infra",2024-07-22,2024-07-25,4444.66748046875,4318.457707748398,5,22223.34,21592.29,-631.05,63.47,-694.52,-3.13,3,Trailing Stop Hit (20 EMA)
ASAHIINDIA.NS,Asahi India Glass Limited,Automobile & Auto Components,2024-07-23,2024-07-31,691.43408203125,663.3139114250408,37,25583.06,24542.61,-1040.45,70.53,-1110.98,-4.34,8,Trailing Stop Hit (20 EMA)
AUBANK.NS,AU Small Finance Bank Limited,Banking & Financial Services,2024-07-26,2024-07-31,648.9686279296875,647.857097648618,39,25309.78,25266.43,-43.35,70.97,-114.32,-0.45,5,Trailing Stop Hit (20 EMA)
J&KBANK.NS,The Jammu & Kashmir Bank Limited,Banking & Financial Services,2024-07-29,2024-07-31,108.32978820800781,107.30492054304462,236,25565.83,25323.96,-241.87,71.32,-313.19,-1.23,2,Trailing Stop Hit (20 EMA)
CHOLAFIN.NS,Cholamandalam Investment and Finance Company Limited,Banking & Financial Services,2024-07-29,2024-08-01,1429.7762451171875,1403.9725775479774,17,24306.2,23867.53,-438.67,68.31,-506.98,-2.09,3,Trailing Stop Hit (20 EMA)
CGPOWER.NS,CG Power and Industrial Solutions Limited,Information Technology,2024-07-25,2024-08-02,725.5516357421875,715.6172433184918,35,25394.31,25046.6,-347.71,70.83,-418.54,-1.65,8,Trailing Stop Hit (20 EMA)
ARE&M.NS,Amara Raja Energy & Mobility Limited,Automobile & Auto Components,2024-07-26,2024-08-02,1645.0938720703125,1560.2290911653001,15,24676.41,23403.44,-1272.97,68.27,-1341.24,-5.44,7,Trailing Stop Hit (20 EMA)
GICRE.NS,General Insurance Corporation of India,Banking & Financial Services,2024-07-26,2024-08-05,374.9175109863281,365.32766539890997,68,25494.39,24842.28,-652.11,70.73,-722.84,-2.84,10,Trailing Stop Hit (20 EMA)
CUB.NS,City Union Bank Limited,Banking & Financial Services,2024-07-29,2024-08-05,123.42498016357422,116.88977287547756,207,25548.97,24196.18,-1352.79,70.13,-1422.92,-5.57,7,Trailing Stop Hit (20 EMA)
J&KBANK.NS,The Jammu & Kashmir Bank Limited,Banking & Financial Services,2024-08-02,2024-08-06,112.43457794189453,107.33742754217566,227,25522.65,24365.6,-1157.05,70.27,-1227.32,-4.81,4,Trailing Stop Hit (20 EMA)
HINDZINC.NS,Hindustan Zinc Limited,Metals & Mining,2024-08-02,2024-08-06,605.225341796875,571.0548974470018,42,25419.46,23984.31,-1435.15,69.74,-1504.89,-5.92,4,Trailing Stop Hit (20 EMA)
GLAXO.NS,GlaxoSmithKline Pharmaceuticals Limited,Healthcare & Pharmaceuticals,2024-07-22,2024-08-08,2511.62451171875,2780.68,10,25116.25,27806.8,2690.55,73.38,2617.17,10.42,17,Target Hit (3x ATR)
WELSPUNLIV.NS,Welspun Living Limited,Diversified & Others,2024-08-06,2024-08-09,177.84921264648438,174.26589696824004,141,25076.74,24571.49,-505.25,69.96,-575.21,-2.29,3,Trailing Stop Hit (20 EMA)
ECLERX.NS,eClerx Services Limited,Services & Logistics,2024-08-06,2024-08-09,1241.4981689453125,1222.297118975828,20,24829.96,24445.94,-384.02,69.54,-453.56,-1.83,3,Trailing Stop Hit (20 EMA)
KPRMILL.NS,K.P.R. Mill Limited,Diversified & Others,2024-08-06,2024-08-13,936.3529663085938,872.9207217506263,26,24345.18,22695.94,-1649.24,67.13,-1716.37,-7.05,7,Trailing Stop Hit (20 EMA)
DOMS.NS,DOMS Industries Limited,Consumer Goods & Retail,2024-08-06,2024-08-13,2353.48193359375,2331.0008273645394,10,23534.82,23310.01,-224.81,66.81,-291.62,-1.24,7,Trailing Stop Hit (20 EMA)
GRAPHITE.NS,Graphite India Limited,Information Technology,2024-08-12,2024-08-13,526.70166015625,487.61,47,24754.98,22917.67,-1837.31,67.86,-1905.17,-7.7,1,Stop Loss Hit (2x ATR)
DIVISLAB.NS,Divi's Laboratories Limited,Healthcare & Pharmaceuticals,2024-07-26,2024-08-14,4720.3291015625,4732.449082331862,5,23601.65,23662.25,60.6,67.25,-6.65,-0.03,19,Trailing Stop Hit (20 EMA)
BLS.NS,BLS International Services Limited,Consumer Goods & Retail,2024-08-06,2024-08-14,380.88226318359375,362.9805029373691,65,24757.35,23593.73,-1163.62,68.56,-1232.18,-4.98,8,Trailing Stop Hit (20 EMA)
ARE&M.NS,Amara Raja Energy & Mobility Limited,Automobile & Auto Components,2024-08-12,2024-08-14,1564.0848388671875,1530.5834054135078,16,25025.36,24489.33,-536.03,69.82,-605.85,-2.42,2,Trailing Stop Hit (20 EMA)
PVRINOX.NS,PVR INOX Limited,Diversified & Others,2024-08-16,2024-08-23,1500.050048828125,1480.4470381507658,16,24000.8,23687.15,-313.65,67.75,-381.4,-1.59,7,Trailing Stop Hit (20 EMA)
VOLTAS.NS,Voltas Limited,Consumer Goods & Retail,2024-08-12,2024-08-27,1568.836669921875,1724.39,15,23532.55,25865.85,2333.3,69.47,2263.83,9.62,15,Target Hit (3x ATR)
GABRIEL.NS,Gabriel India Limited,Automobile & Auto Components,2024-08-19,2024-08-28,501.18389892578125,506.75777100265043,49,24558.01,24831.13,273.12,69.61,203.51,0.83,9,Trailing Stop Hit (20 EMA)
SAMMAANCAP.NS,Sammaan Capital Limited,Banking & Financial Services,2024-08-20,2024-08-28,168.40347290039062,163.7109868919682,147,24755.31,24065.52,-689.79,69.05,-758.84,-3.07,8,Trailing Stop Hit (20 EMA)
SBFC.NS,SBFC Finance Limited,Banking & Financial Services,2024-08-14,2024-08-29,84.61000061035156,84.25478211332809,291,24621.51,24518.14,-103.37,69.36,-172.73,-0.7,15,Trailing Stop Hit (20 EMA)
HOMEFIRST.NS,Home First Finance Company India Limited,Banking & Financial Services,2024-08-20,2024-08-30,1024.972900390625,1154.55,24,24599.35,27709.2,3109.85,72.64,3037.21,12.35,10,Target Hit (3x ATR)
JSWINFRA.NS,JSW Infrastructure Limited,Services & Logistics,2024-08-27,2024-08-30,330.6531677246094,318.98190421491876,76,25129.64,24242.62,-887.02,69.68,-956.7,-3.81,3,Trailing Stop Hit (20 EMA)
INDIANB.NS,Indian Bank,Banking & Financial Services,2024-08-28,2024-08-30,542.2393188476562,533.9810280364643,46,24943.01,24563.13,-379.88,69.78,-449.66,-1.8,2,Trailing Stop Hit (20 EMA)
CASTROLIND.NS,Castrol India Limited,"Energy, Power & Utilities",2024-08-21,2024-09-02,238.39584350585938,231.3798430954083,104,24793.17,24063.5,-729.67,69.08,-798.75,-3.22,12,Trailing Stop Hit (20 EMA)
DMART.NS,Avenue Supermarts Limited,Consumer Goods & Retail,2024-08-29,2024-09-02,5008.7998046875,4977.0,4,20035.2,19908.0,-127.2,59.16,-186.36,-0.93,4,Trailing Stop Hit (20 EMA)
JWL.NS,Jupiter Wagons Limited,Information Technology,2024-08-30,2024-09-03,572.7528076171875,552.9031962808936,43,24628.37,23774.84,-853.53,68.59,-922.12,-3.74,4,Trailing Stop Hit (20 EMA)
TMPV.NS,Tata Motors Passenger Vehicles Limited,Automobile & Auto Components,2024-08-29,2024-09-04,1102.9393310546875,1061.0007497418949,22,24264.67,23342.02,-922.65,67.7,-990.35,-4.08,6,Trailing Stop Hit (20 EMA)
MAZDOCK.NS,Mazagon Dock Shipbuilders Limited,Information Technology,2024-09-04,2024-09-06,2345.198974609375,2238.2258093536034,10,23451.99,22382.26,-1069.73,65.75,-1135.48,-4.84,2,Trailing Stop Hit (20 EMA)
SBFC.NS,SBFC Finance Limited,Banking & Financial Services,2024-09-04,2024-09-06,84.2699966430664,84.16311228378717,301,25365.27,25333.1,-32.17,71.09,-103.26,-0.41,2,Trailing Stop Hit (20 EMA)
DOMS.NS,DOMS Industries Limited,Consumer Goods & Retail,2024-08-22,2024-09-09,2419.234375,2729.73,10,24192.34,27297.3,3104.96,71.73,3033.23,12.54,18,Target Hit (3x ATR)
FLUOROCHEM.NS,Gujarat Fluorochemicals Limited,Chemicals & Fertilisers,2024-09-05,2024-09-09,3518.98388671875,3893.91,7,24632.89,27257.37,2624.48,72.21,2552.27,10.36,4,Target Hit (3x ATR)
EIHOTEL.NS,EIH Limited,Consumer Goods & Retail,2024-09-05,2024-09-09,389.3292236328125,381.9714238841056,64,24917.07,24446.17,-470.9,69.65,-540.55,-2.17,4,Trailing Stop Hit (20 EMA)
DIVISLAB.NS,Divi's Laboratories Limited,Healthcare & Pharmaceuticals,2024-08-21,2024-09-10,4858.55029296875,5249.12,5,24292.75,26245.6,1952.85,70.76,1882.09,7.75,20,Target Hit (3x ATR)
ASAHIINDIA.NS,Asahi India Glass Limited,Automobile & Auto Components,2024-09-03,2024-09-10,654.9436645507812,716.79,38,24887.86,27238.02,2350.16,72.5,2277.66,9.15,7,Target Hit (3x ATR)
SUMICHEM.NS,Sumitomo Chemical India Limited,Chemicals & Fertilisers,2024-09-06,2024-09-10,535.865234375,593.61,47,25185.67,27899.67,2714.0,73.55,2640.45,10.48,4,Target Hit (3x ATR)
KPRMILL.NS,K.P.R. Mill Limited,Diversified & Others,2024-09-06,2024-09-10,857.3787231445312,846.9312892766744,29,24863.98,24561.01,-302.97,69.69,-372.66,-1.5,4,Trailing Stop Hit (20 EMA)
KALYANKJIL.NS,Kalyan Jewellers India Limited,Consumer Goods & Retail,2024-08-22,2024-09-12,594.659912109375,677.24,42,24975.72,28444.08,3468.36,73.85,3394.51,13.59,21,Target Hit (3x ATR)
KPIL.NS,Kalpataru Projects International Limited,"Construction, Materials & Infra",2024-08-23,2024-09-12,1277.942138671875,1320.3860641669257,19,24280.9,25087.34,806.44,69.55,736.89,3.03,20,Trailing Stop Hit (20 EMA)
ITI.NS,ITI Limited,Information Technology,2024-09-10,2024-09-12,300.3999938964844,294.0,85,25534.0,24990.0,-544.0,70.93,-614.93,-2.41,2,Trailing Stop Hit (20 EMA)
LTF.NS,L&T Finance Limited,Banking & Financial Services,2024-09-10,2024-09-12,167.2589569091797,163.66420197609892,154,25757.88,25204.29,-553.59,71.43,-625.02,-2.43,2,Trailing Stop Hit (20 EMA)
LICHSGFIN.NS,LIC Housing Finance Limited,Banking & Financial Services,2024-09-12,2024-09-16,677.9107666015625,665.1533586654155,38,25760.61,25275.83,-484.78,71.51,-556.29,-2.16,4,Trailing Stop Hit (20 EMA)
JWL.NS,Jupiter Wagons Limited,Information Technology,2024-09-13,2024-09-17,556.685791015625,545.7789182612132,46,25607.55,25105.83,-501.72,71.16,-572.88,-2.24,4,Trailing Stop Hit (20 EMA)
GRAPHITE.NS,Graphite India Limited,Information Technology,2024-09-13,2024-09-18,510.541015625,553.84,50,25527.05,27692.0,2164.95,73.73,2091.22,8.19,5,Target Hit (3x ATR)
HEG.NS,HEG Limited,Information Technology,2024-09-13,2024-09-18,410.0729064941406,443.04,62,25424.52,27468.48,2043.96,73.38,1970.58,7.75,5,Target Hit (3x ATR)
UNIONBANK.NS,Union Bank of India,Banking & Financial Services,2024-09-16,2024-09-18,115.75534057617188,114.97667850135372,222,25697.69,25524.82,-172.87,71.68,-244.55,-0.95,2,Trailing Stop Hit (20 EMA)
ADANIPOWER.NS,Adani Power Limited,"Energy, Power & Utilities",2024-09-16,2024-09-18,133.19000244140625,131.28099928603564,193,25705.67,25337.23,-368.44,71.51,-439.95,-1.71,2,Trailing Stop Hit (20 EMA)
IGL.NS,Indraprastha Gas Limited,"Energy, Power & Utilities",2024-09-17,2024-09-19,263.6759033203125,256.852372739228,97,25576.56,24914.68,-661.88,70.91,-732.79,-2.87,2,Trailing Stop Hit (20 EMA)
MFSL.NS,Max Financial Services Limited,Banking & Financial Services,2024-08-30,2024-09-23,1074.8499755859375,1179.9,23,24721.55,27137.7,2416.15,72.2,2343.95,9.48,24,Target Hit (3x ATR)
MAZDOCK.NS,Mazagon Dock Shipbuilders Limited,Information Technology,2024-09-20,2024-09-24,2154.63525390625,2127.986466054995,12,25855.62,25535.84,-319.78,71.9,-391.68,-1.51,4,Trailing Stop Hit (20 EMA)
WOCKPHARMA.NS,Wockhardt Limited,Healthcare & Pharmaceuticals,2024-09-20,2024-09-24,1032.550048828125,1006.4283402126329,25,25813.75,25160.71,-653.04,71.45,-724.49,-2.81,4,Trailing Stop Hit (20 EMA)
CGPOWER.NS,CG Power and Industrial Solutions Limited,Information Technology,2024-09-12,2024-09-25,726.099365234375,799.35,35,25413.48,27977.25,2563.77,73.88,2489.89,9.8,13,Target Hit (3x ATR)
LTF.NS,L&T Finance Limited,Banking & Financial Services,2024-09-12,2024-09-25,169.8600616455078,183.86,151,25648.87,27762.86,2113.99,73.94,2040.05,7.95,13,Target Hit (3x ATR)
INDIANB.NS,Indian Bank,Banking & Financial Services,2024-09-23,2024-09-25,512.5471801757812,504.8616101431256,51,26139.91,25747.94,-391.97,72.45,-464.42,-1.78,2,Trailing Stop Hit (20 EMA)
MOTHERSON.NS,Samvardhana Motherson International Limited,Automobile & Auto Components,2024-09-16,2024-09-26,127.78431701660156,138.97,201,25684.65,27932.97,2248.32,74.15,2174.17,8.46,10,Target Hit (3x ATR)
CANBK.NS,Canara Bank,Banking & Financial Services,2024-09-23,2024-09-26,102.14961242675781,100.281416858129,256,26150.3,25672.04,-478.26,72.38,-550.64,-2.11,3,Trailing Stop Hit (20 EMA)
J&KBANK.NS,The Jammu & Kashmir Bank Limited,Banking & Financial Services,2024-09-23,2024-09-27,106.47460174560547,105.2971835735975,246,26192.75,25903.11,-289.64,72.67,-362.31,-1.38,4,Trailing Stop Hit (20 EMA)
KPIL.NS,Kalpataru Projects International Limited,"Construction, Materials & Infra",2024-09-27,2024-10-01,1385.5323486328125,1332.026940642765,19,26325.11,25308.51,-1016.6,72.22,-1088.82,-4.14,4,Trailing Stop Hit (20 EMA)
ARE&M.NS,Amara Raja Energy & Mobility Limited,Automobile & Auto Components,2024-09-30,2024-10-03,1395.9483642578125,1350.9163625533254,18,25127.07,24316.49,-810.58,69.76,-880.34,-3.5,3,Trailing Stop Hit (20 EMA)
JSWDULUX.NS,JSW Dulux Limited,Consumer Goods & Retail,2024-09-27,2024-10-04,3470.910400390625,3389.872026843168,7,24296.37,23729.1,-567.27,68.14,-635.41,-2.62,7,Trailing Stop Hit (20 EMA)
ATUL.NS,Atul Limited,Chemicals & Fertilisers,2024-10-01,2024-10-04,7936.65771484375,7699.2225731256685,3,23809.97,23097.67,-712.3,66.93,-779.23,-3.27,3,Trailing Stop Hit (20 EMA)
MINDACORP.NS,Minda Corporation Limited,Automobile & Auto Components,2024-09-23,2024-10-07,585.073486328125,577.7461624645937,44,25743.23,25420.83,-322.4,71.62,-394.02,-1.53,14,Trailing Stop Hit (20 EMA)
AUBANK.NS,AU Small Finance Bank Limited,Banking & Financial Services,2024-10-07,2024-10-09,731.3869018554688,719.7145352575486,35,25598.54,25190.01,-408.53,71.23,-479.76,-1.87,2,Trailing Stop Hit (20 EMA)
CGPOWER.NS,CG Power and Industrial Solutions Limited,Information Technology,2024-10-07,2024-10-10,755.9738159179688,835.02,34,25703.11,28390.68,2687.57,74.66,2612.91,10.17,3,Target Hit (3x ATR)
ADANIENSOL.NS,Adani Energy Solutions Limited,"Energy, Power & Utilities",2024-10-08,2024-10-10,1007.2999877929688,992.9500122070312,26,26189.8,25816.7,-373.1,72.59,-445.69,-1.7,2,Trailing Stop Hit (20 EMA)
HOMEFIRST.NS,Home First Finance Company India Limited,Banking & Financial Services,2024-10-04,2024-10-11,1238.2132568359375,1215.3848875559909,21,26002.48,25523.08,-479.4,72.04,-551.44,-2.12,7,Trailing Stop Hit (20 EMA)
GLAXO.NS,GlaxoSmithKline Pharmaceuticals Limited,Healthcare & Pharmaceuticals,2024-10-09,2024-10-11,2696.132080078125,2637.457315776598,9,24265.19,23737.12,-528.07,68.12,-596.19,-2.46,2,Trailing Stop Hit (20 EMA)
NATCOPHARM.NS,Natco Pharma Limited,Healthcare & Pharmaceuticals,2024-10-09,2024-10-11,1459.1632080078125,1421.256350970953,18,26264.94,25582.61,-682.33,72.42,-754.75,-2.87,2,Trailing Stop Hit (20 EMA)
USHAMART.NS,Usha Martin Limited,Information Technology,2024-10-10,2024-10-11,361.5208435058594,401.72,72,26029.5,28923.84,2894.34,75.59,2818.75,10.83,1,Target Hit (3x ATR)
VIJAYA.NS,Vijaya Diagnostic Centre Limited,Healthcare & Pharmaceuticals,2024-09-30,2024-10-15,957.421630859375,1068.5,27,25850.38,28849.5,2999.12,75.32,2923.8,11.31,15,Target Hit (3x ATR)
ECLERX.NS,eClerx Services Limited,Services & Logistics,2024-09-25,2024-10-16,1438.642333984375,1488.4701720223457,18,25895.56,26792.46,896.9,73.24,823.66,3.18,21,Trailing Stop Hit (20 EMA)
MAZDOCK.NS,Mazagon Dock Shipbuilders Limited,Information Technology,2024-10-10,2024-10-17,2181.35888671875,2098.6989998672757,12,26176.31,25184.39,-991.92,71.92,-1063.84,-4.06,7,Trailing Stop Hit (20 EMA)
LAURUSLABS.NS,Laurus Labs Limited,Healthcare & Pharmaceuticals,2024-10-11,2024-10-17,472.256103515625,466.08411402061296,56,26446.34,26100.71,-345.63,73.2,-418.83,-1.58,6,Trailing Stop Hit (20 EMA)
GICRE.NS,General Insurance Corporation of India,Banking & Financial Services,2024-10-14,2024-10-17,374.4988098144531,365.9647255471743,70,26214.92,25617.53,-597.39,72.4,-669.79,-2.55,3,Trailing Stop Hit (20 EMA)
TEGA.NS,Tega Industries Limited,Information Technology,2024-10-15,2024-10-17,1948.2606201171875,1879.1775235933721,13,25327.39,24429.31,-898.08,70.12,-968.2,-3.82,2,Trailing Stop Hit (20 EMA)
FEDERALBNK.NS,The Federal Bank  Limited,Banking & Financial Services,2024-10-14,2024-10-18,194.890380859375,189.71962454940288,135,26310.2,25612.15,-698.05,72.51,-770.56,-2.93,4,Trailing Stop Hit (20 EMA)
ACE.NS,Action Construction Equipment Limited,Information Technology,2024-10-16,2024-10-18,1412.7861328125,1350.3245009199022,18,25430.15,24305.84,-1124.31,70.1,-1194.41,-4.7,2,Trailing Stop Hit (20 EMA)
VOLTAS.NS,Voltas Limited,Consumer Goods & Retail,2024-10-16,2024-10-18,1864.9979248046875,1807.9391234314528,14,26109.97,25311.15,-798.82,71.97,-870.79,-3.34,2,Trailing Stop Hit (20 EMA)
SUMICHEM.NS,Sumitomo Chemical India Limited,Chemicals & Fertilisers,2024-10-16,2024-10-18,568.8184814453125,551.5759618977321,46,26165.65,25372.49,-793.16,72.09,-865.25,-3.31,2,Trailing Stop Hit (20 EMA)
FLUOROCHEM.NS,Gujarat Fluorochemicals Limited,Chemicals & Fertilisers,2024-10-09,2024-10-23,4361.30517578125,4460.522474692795,6,26167.83,26763.13,595.3,73.54,521.76,1.99,14,Trailing Stop Hit (20 EMA)
HINDZINC.NS,Hindustan Zinc Limited,Metals & Mining,2024-10-22,2024-10-25,494.5513916015625,494.2794580820573,52,25716.67,25702.53,-14.14,71.89,-86.03,-0.33,3,Trailing Stop Hit (20 EMA)
BLS.NS,BLS International Services Limited,Consumer Goods & Retail,2024-10-23,2024-10-25,377.2022705078125,372.6202550665477,69,26026.96,25710.8,-316.16,72.26,-388.42,-1.49,2,Trailing Stop Hit (20 EMA)
SONACOMS.NS,Sona BLW Precision Forgings Limited,Automobile & Auto Components,2024-10-24,2024-10-29,720.2594604492188,671.4571256296658,36,25929.34,24172.46,-1756.88,70.55,-1827.43,-7.05,5,Trailing Stop Hit (20 EMA)
POLYMED.NS,Poly Medicure Limited,Healthcare & Pharmaceuticals,2024-10-14,2024-10-30,2378.444091796875,2703.76,11,26162.89,29741.36,3578.47,76.6,3501.87,13.38,16,Target Hit (3x ATR)
JSWINFRA.NS,JSW Infrastructure Limited,Services & Logistics,2024-10-29,2024-10-31,314.2448425292969,309.7596702056088,83,26082.32,25710.05,-372.27,72.32,-444.59,-1.7,2,Trailing Stop Hit (20 EMA)
FIRSTCRY.NS,Brainbees Solutions Limited,Consumer Goods & Retail,2024-10-29,2024-10-31,694.25,652.0,37,25687.25,24124.0,-1563.25,70.21,-1633.46,-6.36,2,Trailing Stop Hit (20 EMA)
ENDURANCE.NS,Endurance Technologies Limited,Automobile & Auto Components,2024-10-30,2024-11-04,2322.70947265625,2351.455177556301,11,25549.8,25866.01,316.21,71.87,244.34,0.96,5,Trailing Stop Hit (20 EMA)
JWL.NS,Jupiter Wagons Limited,Information Technology,2024-10-31,2024-11-04,514.4784545898438,497.2251356690891,51,26238.4,25358.48,-879.92,72.17,-952.09,-3.63,4,Trailing Stop Hit (20 EMA)
MFSL.NS,Max Financial Services Limited,Banking & Financial Services,2024-10-23,2024-11-05,1271.9000244140625,1232.5372369789668,20,25438.0,24650.74,-787.26,70.48,-857.74,-3.37,13,Trailing Stop Hit (20 EMA)
SUMICHEM.NS,Sumitomo Chemical India Limited,Chemicals & Fertilisers,2024-10-29,2024-11-08,550.6494140625,548.8407631773464,47,25880.52,25795.52,-85.0,72.19,-157.19,-0.61,10,Trailing Stop Hit (20 EMA)
SOBHA.NS,Sobha Limited,"Construction, Materials & Infra",2024-11-06,2024-11-08,1656.128173828125,1644.6109511936388,15,24841.92,24669.16,-172.76,69.78,-242.54,-0.98,2,Trailing Stop Hit (20 EMA)
INDIANB.NS,Indian Bank,Banking & Financial Services,2024-10-28,2024-11-11,526.4862670898438,525.149656616359,49,25797.83,25732.33,-65.5,72.02,-137.52,-0.53,14,Trailing Stop Hit (20 EMA)
JSWDULUX.NS,JSW Dulux Limited,Consumer Goods & Retail,2024-10-31,2024-11-11,4039.279052734375,3710.4390212400963,6,24235.67,22262.63,-1973.04,66.56,-2039.6,-8.42,11,Trailing Stop Hit (20 EMA)
KALYANKJIL.NS,Kalyan Jewellers India Limited,Consumer Goods & Retail,2024-11-06,2024-11-11,697.9575805664062,687.3617357180143,37,25824.43,25432.38,-392.05,71.74,-463.79,-1.8,5,Trailing Stop Hit (20 EMA)
BANKBARODA.NS,Bank of Baroda,Banking & Financial Services,2024-10-28,2024-11-12,234.0247039794922,235.9979828335839,111,25976.74,26195.78,219.04,72.73,146.31,0.56,15,Trailing Stop Hit (20 EMA)
JYOTICNC.NS,Jyoti CNC Automation Limited,Information Technology,2024-11-06,2024-11-12,1115.4000244140625,1090.7259273403963,23,25654.2,25086.7,-567.5,71.19,-638.69,-2.49,6,Trailing Stop Hit (20 EMA)
CUB.NS,City Union Bank Limited,Banking & Financial Services,2024-10-22,2024-11-13,124.04081726074219,126.84560312361438,211,26172.61,26764.42,591.81,73.54,518.27,1.98,22,Trailing Stop Hit (20 EMA)
LAURUSLABS.NS,Laurus Labs Limited,Healthcare & Pharmaceuticals,2024-10-25,2024-11-13,463.9394836425781,482.24732635693067,56,25980.61,27005.85,1025.24,73.56,951.68,3.66,19,Trailing Stop Hit (20 EMA)
MMTC.NS,MMTC Limited,Services & Logistics,2024-11-12,2024-11-14,79.41999816894531,75.98999786376953,325,25811.5,24696.75,-1114.75,70.96,-1185.71,-4.59,2,Trailing Stop Hit (20 EMA)
JYOTICNC.NS,Jyoti CNC Automation Limited,Information Technology,2024-11-14,2024-11-19,1114.699951171875,1089.9080613967435,23,25638.1,25067.89,-570.21,71.15,-641.36,-2.5,5,Trailing Stop Hit (20 EMA)
COFORGE.NS,Coforge Limited,Information Technology,2024-10-23,2024-11-22,1487.3624267578125,1637.44,17,25285.16,27836.48,2551.32,73.6,2477.72,9.8,30,Target Hit (3x ATR)
GICRE.NS,General Insurance Corporation of India,Banking & Financial Services,2024-11-19,2024-11-22,347.889404296875,344.5809149913465,73,25395.93,25154.41,-241.52,70.95,-312.47,-1.23,3,Trailing Stop Hit (20 EMA)
SAMMAANCAP.NS,Sammaan Capital Limited,Banking & Financial Services,2024-11-18,2024-11-25,144.58999633789062,162.59,177,25592.43,28778.43,3186.0,74.93,3111.07,12.16,7,Target Hit (3x ATR)
POLYMED.NS,Poly Medicure Limited,Healthcare & Pharmaceuticals,2024-11-25,2024-11-27,2990.962158203125,2688.638320045058,8,23927.7,21509.11,-2418.59,65.42,-2484.01,-10.38,2,Trailing Stop Hit (20 EMA)
ENDURANCE.NS,Endurance Technologies Limited,Automobile & Auto Components,2024-11-25,2024-11-27,2380.741455078125,2370.1727986305004,10,23807.41,23701.73,-105.68,67.54,-173.22,-0.73,2,Trailing Stop Hit (20 EMA)
SUMICHEM.NS,Sumitomo Chemical India Limited,Chemicals & Fertilisers,2024-11-25,2024-11-27,554.4326171875,533.504422362085,46,25503.9,24541.2,-962.7,70.44,-1033.14,-4.05,2,Trailing Stop Hit (20 EMA)
TATACOMM.NS,Tata Communications Limited,Information Technology,2024-11-25,2024-11-27,1742.0179443359375,1730.984541880175,14,24388.25,24233.78,-154.47,68.77,-223.24,-0.92,2,Trailing Stop Hit (20 EMA)
CANBK.NS,Canara Bank,Banking & Financial Services,2024-11-25,2024-11-29,94.3739013671875,94.28221594366074,274,25858.45,25833.33,-25.12,72.2,-97.32,-0.38,4,Trailing Stop Hit (20 EMA)
GRAPHITE.NS,Graphite India Limited,Information Technology,2024-11-28,2024-12-03,489.4787292480469,543.39,52,25452.89,28256.28,2803.39,74.24,2729.15,10.72,5,Target Hit (3x ATR)
HEG.NS,HEG Limited,Information Technology,2024-11-28,2024-12-03,434.2892761230469,486.68,59,25623.07,28714.12,3091.05,74.89,3016.16,11.77,5,Target Hit (3x ATR)
ADANIPOWER.NS,Adani Power Limited,"Energy, Power & Utilities",2024-11-28,2024-12-04,112.19999694824219,108.18952923332412,229,25693.8,24775.4,-918.4,70.9,-989.3,-3.85,6,Trailing Stop Hit (20 EMA)
PVRINOX.NS,PVR INOX Limited,Diversified & Others,2024-11-27,2024-12-06,1514.199951171875,1529.5082268539795,16,24227.2,24472.13,244.93,68.84,176.09,0.73,9,Trailing Stop Hit (20 EMA)
CHOLAFIN.NS,Cholamandalam Investment and Finance Company Limited,Banking & Financial Services,2024-12-03,2024-12-06,1250.48046875,1268.5246690342233,21,26260.09,26639.02,378.93,73.52,305.41,1.16,3,Trailing Stop Hit (20 EMA)
SONACOMS.NS,Sona BLW Precision Forgings Limited,Automobile & Auto Components,2024-12-04,2024-12-06,680.4672241210938,669.8526352798547,38,25857.75,25454.4,-403.35,71.81,-475.16,-1.84,2,Trailing Stop Hit (20 EMA)
SOBHA.NS,Sobha Limited,"Construction, Materials & Infra",2024-11-22,2024-12-10,1619.4512939453125,1632.9588598859484,15,24291.77,24494.38,202.61,68.93,133.68,0.55,18,Trailing Stop Hit (20 EMA)
BLS.NS,BLS International Services Limited,Consumer Goods & Retail,2024-12-03,2024-12-10,415.12548828125,461.38,63,26152.91,29066.94,2914.03,75.9,2838.13,10.85,7,Target Hit (3x ATR)
ITI.NS,ITI Limited,Information Technology,2024-12-06,2024-12-10,321.20001220703125,385.0,82,26338.4,31570.0,5231.6,78.71,5152.89,19.56,4,Target Hit (3x ATR)
MOTHERSON.NS,Samvardhana Motherson International Limited,Automobile & Auto Components,2024-12-06,2024-12-10,112.3544692993164,109.98723221548293,236,26515.65,25956.99,-558.66,73.12,-631.78,-2.38,4,Trailing Stop Hit (20 EMA)
FLUOROCHEM.NS,Gujarat Fluorochemicals Limited,Chemicals & Fertilisers,2024-12-03,2024-12-11,4050.900390625,4509.95,6,24305.4,27059.7,2754.3,71.62,2682.68,11.04,8,Target Hit (3x ATR)
INDIANB.NS,Indian Bank,Banking & Financial Services,2024-11-25,2024-12-12,539.2796020507812,548.9396400523208,47,25346.14,25800.16,454.02,71.56,382.46,1.51,17,Trailing Stop Hit (20 EMA)
NYKAA.NS,FSN E-Commerce Ventures Limited,Consumer Goods & Retail,2024-12-10,2024-12-12,172.55999755859375,169.61000061035156,157,27091.92,26628.77,-463.15,74.48,-537.63,-1.98,2,Trailing Stop Hit (20 EMA)
ATUL.NS,Atul Limited,Chemicals & Fertilisers,2024-12-10,2024-12-12,7436.25537109375,7359.533240933679,3,22308.77,22078.6,-230.17,64.09,-294.26,-1.32,2,Trailing Stop Hit (20 EMA)
UNIONBANK.NS,Union Bank of India,Banking & Financial Services,2024-11-25,2024-12-13,112.54226684570312,116.53236937789447,229,25772.18,26685.91,913.73,72.99,840.74,3.26,18,Trailing Stop Hit (20 EMA)
HINDZINC.NS,Hindustan Zinc Limited,Metals & Mining,2024-12-11,2024-12-13,490.2664794921875,482.5631642401587,55,26964.66,26540.97,-423.69,74.24,-497.93,-1.85,2,Trailing Stop Hit (20 EMA)
NATCOPHARM.NS,Natco Pharma Limited,Healthcare & Pharmaceuticals,2024-12-02,2024-12-16,1402.122802734375,1411.9326338702608,18,25238.21,25414.79,176.58,71.03,105.55,0.42,14,Trailing Stop Hit (20 EMA)
FIVESTAR.NS,Five-Star Business Finance Limited,Banking & Financial Services,2024-12-12,2024-12-16,645.7101440429688,707.93,41,26474.12,29025.13,2551.01,76.24,2474.77,9.35,4,Target Hit (3x ATR)
ANANTRAJ.NS,Anant Raj Limited,"Construction, Materials & Infra",2024-12-02,2024-12-17,708.481689453125,802.18,36,25505.34,28878.48,3373.14,74.95,3298.19,12.93,15,Target Hit (3x ATR)
DOMS.NS,DOMS Industries Limited,Consumer Goods & Retail,2024-12-17,2024-12-19,3043.299560546875,2891.6855050889776,8,24346.4,23133.48,-1212.92,67.59,-1280.51,-5.26,2,Trailing Stop Hit (20 EMA)
JSWDULUX.NS,JSW Dulux Limited,Consumer Goods & Retail,2024-12-18,2024-12-20,3487.31591796875,3402.946413122102,7,24411.21,23820.62,-590.59,68.39,-658.98,-2.7,2,Trailing Stop Hit (20 EMA)
J&KBANK.NS,The Jammu & Kashmir Bank Limited,Banking & Financial Services,2024-12-18,2024-12-20,99.3717269897461,98.81329022126003,274,27227.85,27074.84,-153.01,75.1,-228.11,-0.84,2,Trailing Stop Hit (20 EMA)
CLEAN.NS,Clean Science and Technology Limited,Chemicals & Fertilisers,2024-12-10,2024-12-26,1381.6795654296875,1387.0996971864795,19,26251.91,26354.89,102.98,73.21,29.77,0.11,16,Trailing Stop Hit (20 EMA)
JSL.NS,Jindal Stainless Limited,Metals & Mining,2024-12-23,2024-12-26,721.0584106445312,719.523136119299,37,26679.16,26622.36,-56.8,73.99,-130.79,-0.49,3,Trailing Stop Hit (20 EMA)
J&KBANK.NS,The Jammu & Kashmir Bank Limited,Banking & Financial Services,2024-12-26,2024-12-30,99.93995666503906,98.36262838922708,269,26883.85,26459.55,-424.3,74.07,-498.37,-1.85,4,Trailing Stop Hit (20 EMA)
JSWINFRA.NS,JSW Infrastructure Limited,Services & Logistics,2024-12-27,2024-12-31,321.2059326171875,314.6827757038676,84,26981.3,26433.35,-547.95,74.16,-622.11,-2.31,4,Trailing Stop Hit (20 EMA)
SUMICHEM.NS,Sumitomo Chemical India Limited,Chemicals & Fertilisers,2024-12-30,2025-01-01,533.3762817382812,528.6135661688895,50,26668.81,26430.68,-238.13,73.78,-311.91,-1.17,2,Trailing Stop Hit (20 EMA)
AUBANK.NS,AU Small Finance Bank Limited,Banking & Financial Services,2024-12-30,2025-01-01,575.9297485351562,554.7763983363398,46,26492.77,25519.71,-973.06,72.63,-1045.69,-3.95,2,Trailing Stop Hit (20 EMA)
IPCALAB.NS,IPCA Laboratories Limited,Healthcare & Pharmaceuticals,2024-12-19,2025-01-02,1587.2291259765625,1730.95,17,26982.9,29426.15,2443.25,77.25,2366.0,8.77,14,Target Hit (3x ATR)
ADANIPOWER.NS,Adani Power Limited,"Energy, Power & Utilities",2024-12-30,2025-01-02,107.88999938964844,104.6046549204684,250,26972.5,26151.16,-821.34,73.86,-895.2,-3.32,3,Trailing Stop Hit (20 EMA)
ITI.NS,ITI Limited,Information Technology,2024-12-30,2025-01-03,379.20001220703125,450.96,71,26923.2,32018.16,5094.96,79.87,5015.09,18.63,4,Target Hit (3x ATR)
MINDACORP.NS,Minda Corporation Limited,Automobile & Auto Components,2025-01-01,2025-01-03,518.9486083984375,506.05178663741475,52,26985.33,26314.69,-670.64,74.04,-744.68,-2.76,2,Trailing Stop Hit (20 EMA)
ENDURANCE.NS,Endurance Technologies Limited,Automobile & Auto Components,2025-01-01,2025-01-03,2244.837890625,2168.3055506836,12,26938.05,26019.67,-918.38,73.67,-992.05,-3.68,2,Trailing Stop Hit (20 EMA)
GALLANTT.NS,Gallantt Ispat Limited,Information Technology,2025-01-01,2025-01-03,356.3720703125,349.93608586517917,75,26727.91,26245.21,-482.7,73.67,-556.37,-2.08,2,Trailing Stop Hit (20 EMA)
DIVISLAB.NS,Divi's Laboratories Limited,Healthcare & Pharmaceuticals,2024-12-30,2025-01-06,5992.88671875,5925.051426351051,4,23971.55,23700.21,-271.34,67.73,-339.07,-1.41,7,Trailing Stop Hit (20 EMA)
SAMMAANCAP.NS,Sammaan Capital Limited,Banking & Financial Services,2025-01-02,2025-01-06,162.7899932861328,156.42581745318623,166,27023.14,25966.69,-1056.45,73.71,-1130.16,-4.18,4,Trailing Stop Hit (20 EMA)
CREDITACC.NS,CREDITACCESS GRAMEEN LIMITED,Banking & Financial Services,2024-12-30,2025-01-08,909.25,1006.25,29,26368.25,29181.25,2813.0,76.28,2736.72,10.38,9,Target Hit (3x ATR)
VOLTAS.NS,Voltas Limited,Consumer Goods & Retail,2024-12-30,2025-01-08,1755.653564453125,1747.0613598184705,15,26334.8,26205.92,-128.88,73.16,-202.04,-0.77,9,Trailing Stop Hit (20 EMA)
DMART.NS,Avenue Supermarts Limited,Consumer Goods & Retail,2025-01-03,2025-01-08,4025.199951171875,3771.65,6,24151.2,22629.9,-1521.3,66.83,-1588.13,-6.58,5,Stop Loss Hit (2x ATR)
TMPV.NS,Tata Motors Passenger Vehicles Limited,Automobile & Auto Components,2025-01-03,2025-01-09,777.2150268554688,757.5621868638215,35,27202.53,26514.68,-687.85,74.5,-762.35,-2.8,6,Trailing Stop Hit (20 EMA)
LTFOODS.NS,LT Foods Limited,Consumer Goods & Retail,2025-01-07,2025-01-09,422.32891845703125,412.34323984508103,64,27029.05,26389.97,-639.08,74.16,-713.24,-2.64,2,Trailing Stop Hit (20 EMA)
LAURUSLABS.NS,Laurus Labs Limited,Healthcare & Pharmaceuticals,2024-12-27,2025-01-10,584.8347778320312,588.3472573029529,46,26902.4,27063.97,161.57,74.71,86.86,0.32,14,Trailing Stop Hit (20 EMA)
CHOLAFIN.NS,Cholamandalam Investment and Finance Company Limited,Banking & Financial Services,2025-01-02,2025-01-10,1268.2852783203125,1251.8420297523958,21,26633.99,26288.68,-345.31,73.6,-418.91,-1.57,8,Trailing Stop Hit (20 EMA)
MMTC.NS,MMTC Limited,Services & Logistics,2025-01-08,2025-01-10,76.22000122070312,73.7699966430664,358,27286.76,26409.66,-877.1,74.49,-951.59,-3.49,2,Trailing Stop Hit (20 EMA)
LTF.NS,L&T Finance Limited,Banking & Financial Services,2025-01-08,2025-01-10,139.69908142089844,137.46426957815166,195,27241.32,26805.53,-435.79,74.86,-510.65,-1.87,2,Trailing Stop Hit (20 EMA)
VIJAYA.NS,Vijaya Diagnostic Centre Limited,Healthcare & Pharmaceuticals,2025-01-03,2025-01-13,1110.862548828125,1263.7,24,26660.7,30328.8,3668.1,77.81,3590.29,13.47,10,Target Hit (3x ATR)
MINDACORP.NS,Minda Corporation Limited,Automobile & Auto Components,2025-01-07,2025-01-13,527.904541015625,512.7755260150811,51,26923.13,26151.55,-771.58,73.8,-845.38,-3.14,6,Trailing Stop Hit (20 EMA)
JSWDULUX.NS,JSW Dulux Limited,Consumer Goods & Retail,2025-01-07,2025-01-15,3395.571533203125,3377.634031634817,8,27164.57,27021.07,-143.5,74.97,-218.47,-0.8,8,Trailing Stop Hit (20 EMA)
HOMEFIRST.NS,Home First Finance Company India Limited,Banking & Financial Services,2025-01-14,2025-01-16,1033.109619140625,1024.2783046366114,26,26860.85,26631.24,-229.61,74.22,-303.83,-1.13,2,Trailing Stop Hit (20 EMA)
ANANTRAJ.NS,Anant Raj Limited,"Construction, Materials & Infra",2025-01-15,2025-01-21,892.7068481445312,858.9786197666181,30,26781.21,25769.36,-1011.85,73.24,-1085.09,-4.05,6,Trailing Stop Hit (20 EMA)
JWL.NS,Jupiter Wagons Limited,Information Technology,2025-01-16,2025-01-21,493.53021240234375,482.33768755319227,55,27144.16,26528.57,-615.59,74.45,-690.04,-2.54,5,Trailing Stop Hit (20 EMA)
BLS.NS,BLS International Services Limited,Consumer Goods & Retail,2025-01-17,2025-01-21,496.9128723144531,460.20294547039146,54,26833.3,24850.96,-1982.34,72.33,-2054.67,-7.66,4,Trailing Stop Hit (20 EMA)
ADANIPOWER.NS,Adani Power Limited,"Energy, Power & Utilities",2025-01-14,2025-01-22,107.4000015258789,104.80171140339709,252,27064.8,26410.03,-654.77,74.22,-728.99,-2.69,8,Trailing Stop Hit (20 EMA)
AUBANK.NS,AU Small Finance Bank Limited,Banking & Financial Services,2025-01-14,2025-01-23,573.8343505859375,582.469035119781,47,26970.21,27376.04,405.83,75.12,330.71,1.23,9,Trailing Stop Hit (20 EMA)
SAMMAANCAP.NS,Sammaan Capital Limited,Banking & Financial Services,2025-01-16,2025-01-23,155.00999450683594,155.2314477986302,176,27281.76,27320.73,38.97,75.42,-36.45,-0.13,7,Trailing Stop Hit (20 EMA)
MINDACORP.NS,Minda Corporation Limited,Automobile & Auto Components,2025-01-14,2025-01-27,539.2985229492188,548.0041073974262,50,26964.93,27400.21,435.28,75.12,360.16,1.34,13,Trailing Stop Hit (20 EMA)
COFORGE.NS,Coforge Limited,Information Technology,2025-01-23,2025-01-27,1809.8460693359375,1765.5015564001437,14,25337.84,24717.02,-620.82,70.42,-691.24,-2.73,4,Trailing Stop Hit (20 EMA)
LICHSGFIN.NS,LIC Housing Finance Limited,Banking & Financial Services,2025-01-23,2025-01-27,558.6959838867188,551.9043595047046,47,26258.71,25939.5,-319.21,72.79,-392.0,-1.49,4,Trailing Stop Hit (20 EMA)
LAURUSLABS.NS,Laurus Labs Limited,Healthcare & Pharmaceuticals,2025-01-24,2025-01-27,600.7340698242188,560.71,44,26432.3,24671.24,-1761.06,71.67,-1832.73,-6.93,3,Stop Loss Hit (2x ATR)
SUMICHEM.NS,Sumitomo Chemical India Limited,Chemicals & Fertilisers,2025-01-27,2025-01-29,503.6087646484375,491.9108303606484,52,26187.66,25579.36,-608.3,72.34,-680.64,-2.6,2,Trailing Stop Hit (20 EMA)
J&KBANK.NS,The Jammu & Kashmir Bank Limited,Banking & Financial Services,2025-01-28,2025-01-30,93.7677993774414,92.58235316914373,283,26536.29,26200.81,-335.48,73.4,-408.88,-1.54,2,Trailing Stop Hit (20 EMA)
GABRIEL.NS,Gabriel India Limited,Automobile & Auto Components,2025-01-30,2025-02-01,449.96807861328125,441.41246382029664,59,26548.12,26043.34,-504.78,73.23,-578.01,-2.18,2,Trailing Stop Hit (20 EMA)
BANKINDIA.NS,Bank of India,Banking & Financial Services,2025-01-27,2025-02-03,97.45529174804688,97.6046005513544,271,26410.38,26450.85,40.47,73.5,-33.03,-0.13,7,Trailing Stop Hit (20 EMA)
MAZDOCK.NS,Mazagon Dock Shipbuilders Limited,Information Technology,2025-01-28,2025-02-03,2301.576904296875,2299.5956037546357,11,25317.35,25295.55,-21.8,71.01,-92.81,-0.37,6,Trailing Stop Hit (20 EMA)
INDIANB.NS,Indian Bank,Banking & Financial Services,2025-01-28,2025-02-03,490.8748474121094,502.88052365028943,54,26507.24,27155.55,648.31,74.36,573.95,2.17,6,Trailing Stop Hit (20 EMA)
MINDACORP.NS,Minda Corporation Limited,Automobile & Auto Components,2025-01-31,2025-02-03,567.609375,547.3091475675111,47,26677.64,25723.53,-954.11,73.05,-1027.16,-3.85,3,Trailing Stop Hit (20 EMA)
ARE&M.NS,Amara Raja Energy & Mobility Limited,Automobile & Auto Components,2025-02-01,2025-02-04,1059.236083984375,1052.9930875569887,25,26480.9,26324.83,-156.07,73.45,-229.52,-0.87,3,Trailing Stop Hit (20 EMA)
ERIS.NS,Eris Lifesciences Limited,Healthcare & Pharmaceuticals,2025-02-03,2025-02-05,1236.0616455078125,1376.2,21,25957.29,28900.2,2942.91,75.49,2867.42,11.05,2,Target Hit (3x ATR)
AUBANK.NS,AU Small Finance Bank Limited,Banking & Financial Services,2025-01-28,2025-02-06,587.4044799804688,590.3374241648053,45,26433.2,26565.18,131.98,73.65,58.33,0.22,9,Trailing Stop Hit (20 EMA)
WOCKPHARMA.NS,Wockhardt Limited,Healthcare & Pharmaceuticals,2025-01-31,2025-02-06,1416.9000244140625,1674.95,19,26921.1,31824.05,4902.95,79.67,4823.28,17.92,6,Target Hit (3x ATR)
CASTROLIND.NS,Castrol India Limited,"Energy, Power & Utilities",2025-02-04,2025-02-06,166.8238067626953,187.31,161,26858.63,30156.91,3298.28,77.88,3220.4,11.99,2,Target Hit (3x ATR)
JUBLINGREA.NS,Jubilant Ingrevia Limited,Chemicals & Fertilisers,2025-02-03,2025-02-07,710.3718872070312,708.3692152761153,37,26283.76,26209.66,-74.1,73.1,-147.2,-0.56,4,Trailing Stop Hit (20 EMA)
JINDALSAW.NS,Jindal Saw Limited,Information Technology,2025-02-04,2025-02-07,250.00193786621094,249.78151901941453,107,26750.21,26726.62,-23.59,74.18,-97.77,-0.37,3,Trailing Stop Hit (20 EMA)
TEGA.NS,Tega Industries Limited,Information Technology,2025-02-05,2025-02-07,1642.357177734375,1560.6834153209998,16,26277.71,24970.93,-1306.78,71.8,-1378.58,-5.25,2,Trailing Stop Hit (20 EMA)
CLEAN.NS,Clean Science and Technology Limited,Chemicals & Fertilisers,2025-01-31,2025-02-10,1419.3760986328125,1414.5071085097015,19,26968.15,26875.64,-92.51,74.61,-167.12,-0.62,10,Trailing Stop Hit (20 EMA)
IPCALAB.NS,IPCA Laboratories Limited,Healthcare & Pharmaceuticals,2025-02-06,2025-02-10,1507.5667724609375,1492.7387572981263,18,27136.2,26869.3,-266.9,74.8,-341.7,-1.26,4,Trailing Stop Hit (20 EMA)
SONACOMS.NS,Sona BLW Precision Forgings Limited,Automobile & Auto Components,2025-02-06,2025-02-10,528.2136840820312,524.2122079601812,52,27467.11,27259.03,-208.08,75.59,-283.67,-1.03,4,Trailing Stop Hit (20 EMA)
CREDITACC.NS,CREDITACCESS GRAMEEN LIMITED,Banking & Financial Services,2025-01-28,2025-02-11,961.0,1010.8580002209176,27,25947.0,27293.17,1346.17,73.81,1272.36,4.9,14,Trailing Stop Hit (20 EMA)
DIVISLAB.NS,Divi's Laboratories Limited,Healthcare & Pharmaceuticals,2025-02-03,2025-02-11,5833.3740234375,5838.140727482228,4,23333.5,23352.56,19.06,66.61,-47.55,-0.2,8,Trailing Stop Hit (20 EMA)
GLAXO.NS,GlaxoSmithKline Pharmaceuticals Limited,Healthcare & Pharmaceuticals,2025-02-06,2025-02-11,2176.16015625,2013.9505939077826,12,26113.92,24167.41,-1946.51,70.78,-2017.29,-7.72,5,Trailing Stop Hit (20 EMA)
LAURUSLABS.NS,Laurus Labs Limited,Healthcare & Pharmaceuticals,2025-01-30,2025-02-12,586.5792236328125,595.8076873872573,45,26396.07,26811.35,415.28,73.86,341.42,1.29,13,Trailing Stop Hit (20 EMA)
UNIONBANK.NS,Union Bank of India,Banking & Financial Services,2025-02-12,2025-02-14,108.0232925415039,106.5546873195925,249,26897.8,26532.12,-365.68,74.16,-439.84,-1.64,2,Trailing Stop Hit (20 EMA)
MFSL.NS,Max Financial Services Limited,Banking & Financial Services,2025-02-12,2025-02-14,1090.800048828125,1079.8499755859375,24,26179.2,25916.4,-262.8,72.68,-335.48,-1.28,2,Trailing Stop Hit (20 EMA)
MUTHOOTFIN.NS,Muthoot Finance Limited,Banking & Financial Services,2025-02-13,2025-02-17,2270.57861328125,2165.5637034883753,11,24976.36,23821.2,-1155.16,69.06,-1224.22,-4.9,4,Trailing Stop Hit (20 EMA)
IPCALAB.NS,IPCA Laboratories Limited,Healthcare & Pharmaceuticals,2025-02-13,2025-02-17,1483.682861328125,1436.2136792946492,18,26706.29,25851.85,-854.44,73.23,-927.67,-3.47,4,Trailing Stop Hit (20 EMA)
JKCEMENT.NS,JK Cement Limited,"Construction, Materials & Infra",2025-02-13,2025-02-17,4766.69091796875,4628.837026956802,5,23833.45,23144.19,-689.26,67.0,-756.26,-3.17,4,Trailing Stop Hit (20 EMA)
GLAXO.NS,GlaxoSmithKline Pharmaceuticals Limited,Healthcare & Pharmaceuticals,2025-02-17,2025-02-18,2252.78515625,2568.05,11,24780.64,28248.55,3467.91,73.43,3394.48,13.7,1,Target Hit (3x ATR)
ASAHIINDIA.NS,Asahi India Glass Limited,Automobile & Auto Components,2025-02-18,2025-02-21,665.81787109375,662.2700979977112,40,26632.71,26490.8,-141.91,73.8,-215.71,-0.81,3,Trailing Stop Hit (20 EMA)
ARE&M.NS,Amara Raja Energy & Mobility Limited,Automobile & Auto Components,2025-02-20,2025-02-24,1027.97216796875,999.2644518933241,26,26727.28,25980.88,-746.4,73.38,-819.78,-3.07,4,Trailing Stop Hit (20 EMA)
JSWINFRA.NS,JSW Infrastructure Limited,Services & Logistics,2025-02-21,2025-02-27,257.8597106933594,250.80597580363116,104,26817.41,26083.82,-733.59,73.59,-807.18,-3.01,6,Trailing Stop Hit (20 EMA)
SBFC.NS,SBFC Finance Limited,Banking & Financial Services,2025-02-20,2025-02-28,85.41000366210938,85.17112475649944,316,26989.56,26914.08,-75.48,74.66,-150.14,-0.56,8,Trailing Stop Hit (20 EMA)
VIJAYA.NS,Vijaya Diagnostic Centre Limited,Healthcare & Pharmaceuticals,2025-02-25,2025-02-28,1059.8154296875,962.0124297958644,25,26495.39,24050.31,-2445.08,71.1,-2516.18,-9.5,3,Trailing Stop Hit (20 EMA)
ADANIPOWER.NS,Adani Power Limited,"Energy, Power & Utilities",2025-02-25,2025-02-28,99.55999755859375,98.93330383461458,269,26781.64,26613.06,-168.58,74.11,-242.69,-0.91,3,Trailing Stop Hit (20 EMA)
ARE&M.NS,Amara Raja Energy & Mobility Limited,Automobile & Auto Components,2025-02-25,2025-02-28,1028.8077392578125,975.9148584779168,26,26749.0,25373.79,-1375.21,72.77,-1447.98,-5.41,3,Trailing Stop Hit (20 EMA)
FIVESTAR.NS,Five-Star Business Finance Limited,Banking & Financial Services,2025-02-27,2025-03-03,725.7909545898438,710.6134189491388,36,26128.47,25582.08,-546.39,72.27,-618.66,-2.37,4,Trailing Stop Hit (20 EMA)
JINDALSAW.NS,Jindal Saw Limited,Information Technology,2025-02-28,2025-03-04,241.9516143798828,226.93087599257058,109,26372.73,24735.47,-1637.26,71.67,-1708.93,-6.48,4,Trailing Stop Hit (20 EMA)
AUBANK.NS,AU Small Finance Bank Limited,Banking & Financial Services,2025-02-28,2025-03-04,564.455078125,548.8394593634359,46,25964.93,25246.62,-718.31,71.71,-790.02,-3.04,4,Trailing Stop Hit (20 EMA)
GICRE.NS,General Insurance Corporation of India,Banking & Financial Services,2025-03-05,2025-03-07,366.90948486328125,363.5126445218516,71,26050.57,25809.4,-241.17,72.4,-313.57,-1.2,2,Trailing Stop Hit (20 EMA)
FIRSTCRY.NS,Brainbees Solutions Limited,Consumer Goods & Retail,2025-03-06,2025-03-10,413.5,392.75,63,26050.5,24743.25,-1307.25,71.28,-1378.53,-5.29,4,Trailing Stop Hit (20 EMA)
CREDITACC.NS,CREDITACCESS GRAMEEN LIMITED,Banking & Financial Services,2025-03-06,2025-03-10,985.0,945.229910671235,26,25610.0,24575.98,-1034.02,70.6,-1104.62,-4.31,4,Trailing Stop Hit (20 EMA)
NYKAA.NS,FSN E-Commerce Ventures Limited,Consumer Goods & Retail,2025-03-06,2025-03-10,168.75999450683594,164.7899932861328,155,26157.8,25542.45,-615.35,72.26,-687.61,-2.63,4,Trailing Stop Hit (20 EMA)
KPRMILL.NS,K.P.R. Mill Limited,Diversified & Others,2025-03-05,2025-03-11,846.94384765625,845.9394324988499,30,25408.32,25378.18,-30.14,71.19,-101.33,-0.4,6,Trailing Stop Hit (20 EMA)
KPIL.NS,Kalpataru Projects International Limited,"Construction, Materials & Infra",2025-03-07,2025-03-11,916.6336669921875,884.9373549508686,28,25665.74,24778.25,-887.49,70.88,-958.37,-3.73,4,Trailing Stop Hit (20 EMA)
ENDURANCE.NS,Endurance Technologies Limited,Automobile & Auto Components,2025-03-07,2025-03-11,1867.581787109375,1835.1930004904148,14,26146.15,25692.7,-453.45,72.4,-525.85,-2.01,4,Trailing Stop Hit (20 EMA)
ACE.NS,Action Construction Equipment Limited,Information Technology,2025-03-11,2025-03-13,1164.6719970703125,1150.158655734837,22,25622.78,25303.49,-319.29,71.36,-390.65,-1.52,2,Trailing Stop Hit (20 EMA)
MFSL.NS,Max Financial Services Limited,Banking & Financial Services,2025-03-11,2025-03-17,1086.0,1046.0759437901186,23,24978.0,24059.75,-918.25,69.3,-987.55,-3.95,6,Trailing Stop Hit (20 EMA)
TMPV.NS,Tata Motors Passenger Vehicles Limited,Automobile & Auto Components,2025-03-12,2025-03-17,657.1517333984375,650.140665555861,39,25628.92,25355.49,-273.43,71.43,-344.86,-1.35,5,Trailing Stop Hit (20 EMA)
GABRIEL.NS,Gabriel India Limited,Automobile & Auto Components,2025-03-05,2025-03-19,492.5998229980469,575.13,53,26107.79,30481.89,4374.1,77.33,4296.77,16.46,14,Target Hit (3x ATR)
ADANIENSOL.NS,Adani Energy Solutions Limited,"Energy, Power & Utilities",2025-03-05,2025-03-19,709.4500122070312,807.75,36,25540.2,29079.0,3538.8,75.18,3463.62,13.56,14,Target Hit (3x ATR)
HINDZINC.NS,Hindustan Zinc Limited,Metals & Mining,2025-03-06,2025-03-19,410.2966613769531,455.14,64,26258.99,29128.96,2869.97,76.1,2793.87,10.64,13,Target Hit (3x ATR)
HOMEFIRST.NS,Home First Finance Company India Limited,Banking & Financial Services,2025-02-28,2025-03-20,1010.7833251953125,978.0116609679128,26,26280.37,25428.3,-852.07,72.29,-924.36,-3.52,20,Trailing Stop Hit (20 EMA)
MMTC.NS,MMTC Limited,Services & Logistics,2025-03-19,2025-03-21,53.560001373291016,53.04999923706055,499,26726.44,26471.95,-254.49,73.9,-328.39,-1.23,2,Trailing Stop Hit (20 EMA)
CLEAN.NS,Clean Science and Technology Limited,Chemicals & Fertilisers,2025-03-20,2025-03-24,1239.7550048828125,1224.9129053209147,21,26034.86,25723.17,-311.69,72.28,-383.97,-1.47,4,Trailing Stop Hit (20 EMA)
GRAPHITE.NS,Graphite India Limited,Information Technology,2025-03-11,2025-03-25,414.2564392089844,477.03,62,25683.9,29575.86,3891.96,75.86,3816.1,14.86,14,Target Hit (3x ATR)
ZYDUSWELL.NS,Zydus Wellness Limited,Consumer Goods & Retail,2025-03-19,2025-03-26,328.45025634765625,327.3506282025282,81,26604.47,26515.4,-89.07,73.8,-162.87,-0.61,7,Trailing Stop Hit (20 EMA)
FEDERALBNK.NS,The Federal Bank  Limited,Banking & Financial Services,2025-03-19,2025-03-27,184.43955993652344,197.6,144,26559.3,28454.4,1895.1,75.75,1819.35,6.85,8,Target Hit (3x ATR)
NYKAA.NS,FSN E-Commerce Ventures Limited,Consumer Goods & Retail,2025-03-19,2025-04-01,164.83999633789062,180.06,162,26704.08,29169.72,2465.64,76.66,2388.98,8.95,13,Target Hit (3x ATR)
SAGILITY.NS,SAGILITY LIMITED,Information Technology,2025-03-27,2025-04-01,42.58978271484375,42.579814868513694,636,27087.1,27080.76,-6.34,74.94,-81.28,-0.3,5,Trailing Stop Hit (20 EMA)
FIRSTCRY.NS,Brainbees Solutions Limited,Consumer Goods & Retail,2025-03-27,2025-04-01,388.54998779296875,367.8999938964844,69,26809.95,25385.1,-1424.85,72.87,-1497.72,-5.59,5,Trailing Stop Hit (20 EMA)
BANKINDIA.NS,Bank of India,Banking & Financial Services,2025-03-19,2025-04-03,96.4460678100586,105.84,277,26715.56,29317.68,2602.12,76.83,2525.29,9.45,15,Target Hit (3x ATR)
PVRINOX.NS,PVR INOX Limited,Diversified & Others,2025-04-01,2025-04-04,962.5999755859375,954.1410953503557,28,26952.8,26715.95,-236.85,74.41,-311.26,-1.15,3,Trailing Stop Hit (20 EMA)
DIVISLAB.NS,Divi's Laboratories Limited,Healthcare & Pharmaceuticals,2025-04-03,2025-04-04,5713.3173828125,5380.65,4,22853.27,21522.6,-1330.67,64.16,-1394.83,-6.1,1,Stop Loss Hit (2x ATR)
TATACOMM.NS,Tata Communications Limited,Information Technology,2025-03-11,2025-04-07,1457.149658203125,1476.336134790012,17,24771.54,25097.71,326.17,70.16,256.01,1.03,27,Trailing Stop Hit (20 EMA)
MUTHOOTFIN.NS,Muthoot Finance Limited,Banking & Financial Services,2025-03-17,2025-04-07,2243.540771484375,2106.197211210823,11,24678.95,23168.17,-1510.78,68.03,-1578.81,-6.4,21,Trailing Stop Hit (20 EMA)
NATCOPHARM.NS,Natco Pharma Limited,Healthcare & Pharmaceuticals,2025-04-03,2025-04-07,830.3092041015625,724.504511674689,32,26569.89,23184.14,-3385.75,70.3,-3456.05,-13.01,4,Trailing Stop Hit (20 EMA)
VIJAYA.NS,Vijaya Diagnostic Centre Limited,Healthcare & Pharmaceuticals,2025-04-08,2025-04-11,1014.0575561523438,970.0961303913023,26,26365.5,25222.5,-1143.0,72.17,-1215.17,-4.61,3,Trailing Stop Hit (20 EMA)
FIVESTAR.NS,Five-Star Business Finance Limited,Banking & Financial Services,2025-04-08,2025-04-11,708.2158203125,693.7251871343393,37,26203.99,25667.83,-536.16,72.44,-608.6,-2.32,3,Trailing Stop Hit (20 EMA)
HOMEFIRST.NS,Home First Finance Company India Limited,Banking & Financial Services,2025-04-09,2025-04-17,1040.452392578125,1199.44,25,26011.31,29986.0,3974.69,76.68,3898.01,14.99,8,Target Hit (3x ATR)
KPIL.NS,Kalpataru Projects International Limited,"Construction, Materials & Infra",2025-04-15,2025-04-17,924.2132568359375,915.4394616269603,28,25877.97,25632.3,-245.67,72.01,-317.68,-1.23,2,Trailing Stop Hit (20 EMA)
JSWDULUX.NS,JSW Dulux Limited,Consumer Goods & Retail,2025-04-11,2025-04-23,3283.0185546875,3222.511560225279,8,26264.15,25780.09,-484.06,72.63,-556.69,-2.12,12,Trailing Stop Hit (20 EMA)
CLEAN.NS,Clean Science and Technology Limited,Chemicals & Fertilisers,2025-04-21,2025-04-23,1187.758544921875,1184.076989850728,22,26130.69,26049.69,-81.0,72.75,-153.75,-0.59,2,Trailing Stop Hit (20 EMA)
SAGILITY.NS,SAGILITY LIMITED,Information Technology,2025-04-15,2025-04-24,41.72263717651367,42.04646411211852,642,26785.93,26993.83,207.9,74.51,133.39,0.5,9,Trailing Stop Hit (20 EMA)
GRAVITA.NS,Gravita India Limited,Metals & Mining,2025-04-11,2025-04-25,1845.928466796875,1836.0598825447546,14,25843.0,25704.84,-138.16,72.04,-210.2,-0.81,14,Trailing Stop Hit (20 EMA)
LAURUSLABS.NS,Laurus Labs Limited,Healthcare & Pharmaceuticals,2025-04-11,2025-04-25,603.923828125,613.3734719767938,43,25968.72,26375.06,406.34,72.9,333.44,1.28,14,Trailing Stop Hit (20 EMA)
PGEL.NS,PG Electroplast Limited,Consumer Goods & Retail,2025-04-11,2025-04-25,917.3956298828125,914.4919680823498,28,25687.08,25605.78,-81.3,71.76,-153.06,-0.6,14,Trailing Stop Hit (20 EMA)
ANANTRAJ.NS,Anant Raj Limited,"Construction, Materials & Infra",2025-04-21,2025-04-25,492.1978454589844,480.901261495608,55,27070.88,26449.57,-621.31,74.28,-695.59,-2.57,4,Trailing Stop Hit (20 EMA)
SONACOMS.NS,Sona BLW Precision Forgings Limited,Automobile & Auto Components,2025-04-23,2025-04-25,473.93121337890625,455.1425558925925,57,27014.08,25943.13,-1070.95,73.67,-1144.62,-4.24,2,Trailing Stop Hit (20 EMA)
TATACOMM.NS,Tata Communications Limited,Information Technology,2025-04-24,2025-04-28,1570.1693115234375,1529.843521739955,17,26692.88,26007.34,-685.54,73.36,-758.9,-2.84,4,Trailing Stop Hit (20 EMA)
LICHSGFIN.NS,LIC Housing Finance Limited,Banking & Financial Services,2025-04-08,2025-04-29,545.1126708984375,601.29,48,26165.41,28861.92,2696.51,75.71,2620.8,10.02,21,Target Hit (3x ATR)
ATUL.NS,Atul Limited,Chemicals & Fertilisers,2025-04-11,2025-04-29,5680.26220703125,6545.4,4,22721.05,26181.6,3460.55,68.83,3391.72,14.93,18,Target Hit (3x ATR)
MOTHERSON.NS,Samvardhana Motherson International Limited,Automobile & Auto Components,2025-04-15,2025-05-07,84.4789047241211,86.70953159623387,317,26779.81,27486.92,707.11,75.02,632.09,2.36,22,Trailing Stop Hit (20 EMA)
JUBLINGREA.NS,Jubilant Ingrevia Limited,Chemicals & Fertilisers,2025-05-02,2025-05-07,686.21923828125,665.093001172871,39,26762.55,25938.63,-823.92,73.37,-897.29,-3.35,5,Trailing Stop Hit (20 EMA)
ADANIPOWER.NS,Adani Power Limited,"Energy, Power & Utilities",2025-05-05,2025-05-07,111.29000091552734,104.22000122070312,244,27154.76,25429.68,-1725.08,73.32,-1798.4,-6.62,2,Trailing Stop Hit (20 EMA)
GRAVITA.NS,Gravita India Limited,Metals & Mining,2025-05-05,2025-05-07,1929.1502685546875,1822.9054788734506,14,27008.1,25520.68,-1487.42,73.24,-1560.66,-5.78,2,Trailing Stop Hit (20 EMA)
MOTILALOFS.NS,Motilal Oswal Financial Services Limited,Banking & Financial Services,2025-05-05,2025-05-07,690.7247924804688,646.4323289302805,39,26938.27,25210.86,-1727.41,72.84,-1800.25,-6.68,2,Trailing Stop Hit (20 EMA)
INDIANB.NS,Indian Bank,Banking & Financial Services,2025-05-05,2025-05-07,550.4022827148438,533.6945072840426,49,26969.71,26151.03,-818.68,73.86,-892.54,-3.31,2,Trailing Stop Hit (20 EMA)
GRAPHITE.NS,Graphite India Limited,Information Technology,2025-05-05,2025-05-07,457.40008544921875,440.8026298298554,59,26986.61,26007.36,-979.25,73.72,-1052.97,-3.9,2,Trailing Stop Hit (20 EMA)
USHAMART.NS,Usha Martin Limited,Information Technology,2025-05-07,2025-05-09,301.01300048828125,290.1816697869955,88,26489.14,25535.99,-953.15,72.65,-1025.8,-3.87,2,Trailing Stop Hit (20 EMA)
COFORGE.NS,Coforge Limited,Information Technology,2025-04-23,2025-05-12,1457.900146484375,1655.09,18,26242.2,29791.62,3549.42,76.75,3472.67,13.23,19,Target Hit (3x ATR)
CANBK.NS,Canara Bank,Banking & Financial Services,2025-05-08,2025-05-13,89.13091278076172,98.23,297,26471.88,29174.31,2702.43,76.39,2626.04,9.92,5,Target Hit (3x ATR)
PVRINOX.NS,PVR INOX Limited,Diversified & Others,2025-05-12,2025-05-14,962.7999877929688,946.8499755859375,28,26958.4,26511.8,-446.6,74.21,-520.81,-1.93,2,Trailing Stop Hit (20 EMA)
ENDURANCE.NS,Endurance Technologies Limited,Automobile & Auto Components,2025-05-07,2025-05-16,2006.41162109375,2243.4,13,26083.35,29164.2,3080.85,75.9,3004.95,11.52,9,Target Hit (3x ATR)
JWL.NS,Jupiter Wagons Limited,Information Technology,2025-05-12,2025-05-16,369.1875305175781,423.69,73,26950.69,30929.37,3978.68,78.77,3899.91,14.47,4,Target Hit (3x ATR)
KPIL.NS,Kalpataru Projects International Limited,"Construction, Materials & Infra",2025-05-12,2025-05-16,963.9812622070312,1108.37,28,26991.48,31034.36,4042.88,78.92,3963.96,14.69,4,Target Hit (3x ATR)
GLAXO.NS,GlaxoSmithKline Pharmaceuticals Limited,Healthcare & Pharmaceuticals,2025-05-14,2025-05-16,2771.207275390625,2717.6800493054093,9,24940.87,24459.12,-481.75,69.68,-551.43,-2.21,2,Trailing Stop Hit (20 EMA)
ZYDUSWELL.NS,Zydus Wellness Limited,Consumer Goods & Retail,2025-05-12,2025-05-21,359.64453125,395.27,75,26973.34,29645.25,2671.91,77.47,2594.44,9.62,9,Target Hit (3x ATR)
LTFOODS.NS,LT Foods Limited,Consumer Goods & Retail,2025-05-09,2025-05-23,356.22149658203125,408.46,74,26360.39,30226.04,3865.65,77.35,3788.3,14.37,14,Target Hit (3x ATR)
ACE.NS,Action Construction Equipment Limited,Information Technology,2025-05-13,2025-05-26,1220.2510986328125,1366.25,22,26845.52,30057.5,3211.98,77.76,3134.22,11.68,13,Target Hit (3x ATR)
JSWDULUX.NS,JSW Dulux Limited,Consumer Goods & Retail,2025-05-16,2025-05-26,3365.270751953125,3305.1636070249456,8,26922.17,26441.31,-480.86,74.1,-554.96,-2.06,10,Trailing Stop Hit (20 EMA)
TEGA.NS,Tega Industries Limited,Information Technology,2025-05-13,2025-05-27,1377.464111328125,1551.7,19,26171.82,29482.3,3310.48,76.36,3234.12,12.36,14,Target Hit (3x ATR)
ADANIPOWER.NS,Adani Power Limited,"Energy, Power & Utilities",2025-05-16,2025-05-28,113.0999984741211,109.55118305676716,247,27935.7,27059.14,-876.56,75.93,-952.49,-3.41,12,Trailing Stop Hit (20 EMA)
GLAXO.NS,GlaxoSmithKline Pharmaceuticals Limited,Healthcare & Pharmaceuticals,2025-05-21,2025-05-28,2872.66796875,3227.35,9,25854.01,29046.15,3192.14,75.52,3116.62,12.05,7,Target Hit (3x ATR)
WELSPUNLIV.NS,Welspun Living Limited,Diversified & Others,2025-05-07,2025-05-30,133.30050659179688,141.8471527617962,198,26393.5,28085.74,1692.24,75.16,1617.08,6.13,23,Trailing Stop Hit (20 EMA)
IGL.NS,Indraprastha Gas Limited,"Energy, Power & Utilities",2025-04-30,2025-06-02,187.63998413085938,210.9,143,26832.52,30158.7,3326.18,77.84,3248.34,12.11,33,Target Hit (3x ATR)
ASAHIINDIA.NS,Asahi India Glass Limited,Automobile & Auto Components,2025-05-29,2025-06-03,763.5855102539062,731.1871376976115,37,28252.66,27053.92,-1198.74,76.3,-1275.04,-4.51,5,Trailing Stop Hit (20 EMA)
JKCEMENT.NS,JK Cement Limited,"Construction, Materials & Infra",2025-05-26,2025-06-05,5181.19677734375,5700.31,5,25905.98,28501.55,2595.57,75.03,2520.54,9.73,10,Target Hit (3x ATR)
MUTHOOTFIN.NS,Muthoot Finance Limited,Banking & Financial Services,2025-05-30,2025-06-06,2196.82470703125,2412.86,13,28558.72,31367.18,2808.46,81.13,2727.33,9.55,7,Target Hit (3x ATR)
FIRSTCRY.NS,Brainbees Solutions Limited,Consumer Goods & Retail,2025-06-03,2025-06-06,371.95001220703125,428.09,78,29012.1,33391.02,4378.92,83.75,4295.17,14.8,3,Target Hit (3x ATR)
JUBLINGREA.NS,Jubilant Ingrevia Limited,Chemicals & Fertilisers,2025-05-28,2025-06-10,697.751220703125,694.0512882762025,41,28607.8,28456.1,-151.7,78.19,-229.89,-0.8,13,Trailing Stop Hit (20 EMA)
OFSS.NS,Oracle Financial Services Software Limited,Information Technology,2025-06-04,2025-06-10,8295.544921875,8968.14,3,24886.63,26904.42,2017.79,72.15,1945.64,7.82,6,Target Hit (3x ATR)
USHAMART.NS,Usha Martin Limited,Information Technology,2025-06-09,2025-06-11,312.09051513671875,305.14859750568866,96,29960.69,29294.27,-666.42,80.64,-747.06,-2.49,2,Trailing Stop Hit (20 EMA)
HINDUNILVR.NS,Hindustan Unilever Limited,Consumer Goods & Retail,2025-06-04,2025-06-12,2298.265869140625,2303.154778062008,12,27579.19,27637.86,58.67,76.11,-17.44,-0.06,8,Trailing Stop Hit (20 EMA)
ADANIENSOL.NS,Adani Energy Solutions Limited,"Energy, Power & Utilities",2025-06-06,2025-06-12,884.0999755859375,885.1024884880053,33,29175.3,29208.38,33.08,79.64,-46.56,-0.16,6,Trailing Stop Hit (20 EMA)
CHOLAFIN.NS,Cholamandalam Investment and Finance Company Limited,Banking & Financial Services,2025-06-09,2025-06-12,1641.98681640625,1592.199391423294,18,29555.76,28659.59,-896.17,79.51,-975.68,-3.3,3,Trailing Stop Hit (20 EMA)
BANKINDIA.NS,Bank of India,Banking & Financial Services,2025-05-19,2025-06-13,110.21073150634766,111.20126240382518,255,28103.74,28356.32,252.58,77.47,175.11,0.62,25,Trailing Stop Hit (20 EMA)
ETERNAL.NS,ETERNAL LIMITED,Consumer Goods & Retail,2025-05-30,2025-06-13,238.30999755859375,243.25999450683594,121,28835.51,29434.46,598.95,79.46,519.49,1.8,14,Trailing Stop Hit (20 EMA)
ZYDUSWELL.NS,Zydus Wellness Limited,Consumer Goods & Retail,2025-06-06,2025-06-13,387.38604736328125,380.8444835114406,77,29828.73,29325.03,-503.7,80.53,-584.23,-1.96,7,Trailing Stop Hit (20 EMA)
ASAHIINDIA.NS,Asahi India Glass Limited,Automobile & Auto Components,2025-06-11,2025-06-13,759.6448974609375,732.2599592566129,39,29626.15,28558.14,-1068.01,79.49,-1147.5,-3.87,2,Trailing Stop Hit (20 EMA)
JUBLINGREA.NS,Jubilant Ingrevia Limited,Chemicals & Fertilisers,2025-06-13,2025-06-17,785.5020751953125,719.11,37,29063.58,26607.07,-2456.51,76.8,-2533.31,-8.72,4,Stop Loss Hit (2x ATR)
IGL.NS,Indraprastha Gas Limited,"Energy, Power & Utilities",2025-06-16,2025-06-18,206.8726348876953,201.67961855549532,141,29169.04,28436.83,-732.21,78.83,-811.04,-2.78,2,Trailing Stop Hit (20 EMA)
ATUL.NS,Atul Limited,Chemicals & Fertilisers,2025-06-16,2025-06-18,7193.865234375,7047.5393350324275,4,28775.46,28190.16,-585.3,78.11,-663.41,-2.31,2,Trailing Stop Hit (20 EMA)
ENDURANCE.NS,Endurance Technologies Limited,Automobile & Auto Components,2025-06-16,2025-06-19,2439.41796875,2382.6930247592113,12,29273.02,28592.32,-680.7,79.1,-759.8,-2.6,3,Trailing Stop Hit (20 EMA)
SAGILITY.NS,SAGILITY LIMITED,Information Technology,2025-06-17,2025-06-19,40.965126037597656,40.46646843566769,710,29085.24,28731.19,-354.05,79.02,-433.07,-1.49,2,Trailing Stop Hit (20 EMA)
GALLANTT.NS,Gallantt Ispat Limited,Information Technology,2025-06-19,2025-06-23,469.7722473144531,533.11,61,28656.11,32519.71,3863.6,82.45,3781.15,13.19,4,Target Hit (3x ATR)
CGPOWER.NS,CG Power and Industrial Solutions Limited,Information Technology,2025-06-20,2025-06-24,686.7343139648438,680.1672412473142,42,28842.84,28567.02,-275.82,78.58,-354.4,-1.23,4,Trailing Stop Hit (20 EMA)
USHAMART.NS,Usha Martin Limited,Information Technology,2025-06-20,2025-06-26,310.1704406738281,337.55,94,29156.02,31729.7,2573.68,82.21,2491.47,8.55,6,Target Hit (3x ATR)
PGEL.NS,PG Electroplast Limited,Consumer Goods & Retail,2025-06-24,2025-06-26,764.1132202148438,763.6633986573318,38,29036.3,29019.21,-17.09,79.27,-96.36,-0.33,2,Trailing Stop Hit (20 EMA)
DOMS.NS,DOMS Industries Limited,Consumer Goods & Retail,2025-06-20,2025-06-30,2446.5654296875,2457.8053158960215,11,26912.22,27035.86,123.64,74.7,48.94,0.18,10,Trailing Stop Hit (20 EMA)
CLEAN.NS,Clean Science and Technology Limited,Chemicals & Fertilisers,2025-06-25,2025-06-30,1486.8748779296875,1431.5779249813784,19,28250.62,27199.98,-1050.64,76.46,-1127.1,-3.99,5,Trailing Stop Hit (20 EMA)
ENDURANCE.NS,Endurance Technologies Limited,Automobile & Auto Components,2025-06-20,2025-07-01,2555.382568359375,2845.79,11,28109.21,31303.69,3194.48,80.52,3113.96,11.08,11,Target Hit (3x ATR)
SBFC.NS,SBFC Finance Limited,Banking & Financial Services,2025-06-30,2025-07-02,112.12999725341797,107.87756672814488,266,29826.58,28695.43,-1131.15,79.88,-1211.03,-4.06,2,Trailing Stop Hit (20 EMA)
DMART.NS,Avenue Supermarts Limited,Consumer Goods & Retail,2025-06-18,2025-07-03,4228.39990234375,4251.277942470988,6,25370.4,25507.67,137.27,71.29,65.98,0.26,15,Trailing Stop Hit (20 EMA)
CREDITACC.NS,CREDITACCESS GRAMEEN LIMITED,Banking & Financial Services,2025-06-25,2025-07-04,1202.9000244140625,1335.9,24,28869.6,32061.6,3192.0,82.22,3109.78,10.77,9,Target Hit (3x ATR)
FIRSTCRY.NS,Brainbees Solutions Limited,Consumer Goods & Retail,2025-06-26,2025-07-04,396.79998779296875,370.06599241409555,74,29363.2,27384.88,-1978.32,77.94,-2056.26,-7.0,8,Trailing Stop Hit (20 EMA)
JSL.NS,Jindal Stainless Limited,Metals & Mining,2025-06-26,2025-07-04,688.5142822265625,681.6864476131996,42,28917.6,28630.83,-286.77,78.73,-365.5,-1.26,8,Trailing Stop Hit (20 EMA)
TEGA.NS,Tega Industries Limited,Information Technology,2025-06-30,2025-07-04,1556.1907958984375,1693.51,19,29567.63,32176.69,2609.06,83.18,2525.88,8.54,4,Target Hit (3x ATR)
PGEL.NS,PG Electroplast Limited,Consumer Goods & Retail,2025-07-03,2025-07-07,761.9141845703125,749.6695587379041,39,29714.65,29237.11,-477.54,80.29,-557.83,-1.88,4,Trailing Stop Hit (20 EMA)
NYKAA.NS,FSN E-Commerce Ventures Limited,Consumer Goods & Retail,2025-07-07,2025-07-09,201.52000427246094,201.9725246439245,148,29824.96,29891.93,66.97,81.11,-14.14,-0.05,2,Trailing Stop Hit (20 EMA)
J&KBANK.NS,The Jammu & Kashmir Bank Limited,Banking & Financial Services,2025-06-24,2025-07-11,104.41722106933594,107.81367668055864,281,29341.24,30295.64,954.4,80.95,873.45,2.98,17,Trailing Stop Hit (20 EMA)
WELSPUNLIV.NS,Welspun Living Limited,Diversified & Others,2025-06-25,2025-07-11,138.0802764892578,139.53219797712336,214,29549.18,29859.89,310.71,80.75,229.96,0.78,16,Trailing Stop Hit (20 EMA)
ATUL.NS,Atul Limited,Chemicals & Fertilisers,2025-06-25,2025-07-11,7296.513671875,7324.392200219395,4,29186.05,29297.57,111.52,79.74,31.78,0.11,16,Trailing Stop Hit (20 EMA)
PGEL.NS,PG Electroplast Limited,Consumer Goods & Retail,2025-07-09,2025-07-11,788.4024658203125,760.5593073784908,38,29959.29,28901.25,-1058.04,80.24,-1138.28,-3.8,2,Trailing Stop Hit (20 EMA)
SAMMAANCAP.NS,Sammaan Capital Limited,Banking & Financial Services,2025-07-10,2025-07-14,132.0,127.20999908447266,227,29964.0,28876.67,-1087.33,80.22,-1167.55,-3.9,4,Trailing Stop Hit (20 EMA)
CLEAN.NS,Clean Science and Technology Limited,Chemicals & Fertilisers,2025-07-14,2025-07-16,1440.27099609375,1425.7257236099852,20,28805.42,28514.51,-290.91,78.48,-369.39,-1.28,2,Trailing Stop Hit (20 EMA)
SOBHA.NS,Sobha Limited,"Construction, Materials & Infra",2025-07-14,2025-07-17,1538.5933837890625,1684.67,19,29233.27,32008.73,2775.46,82.59,2692.87,9.21,3,Target Hit (3x ATR)
MOTHERSON.NS,Samvardhana Motherson International Limited,Automobile & Auto Components,2025-07-15,2025-07-18,103.50496673583984,101.67618763587107,289,29912.94,29384.42,-528.52,80.68,-609.2,-2.04,3,Trailing Stop Hit (20 EMA)
BLS.NS,BLS International Services Limited,Consumer Goods & Retail,2025-07-07,2025-07-21,373.6376953125,374.5786441553845,80,29891.02,29966.29,75.27,81.27,-6.0,-0.02,14,Trailing Stop Hit (20 EMA)
WOCKPHARMA.NS,Wockhardt Limited,Healthcare & Pharmaceuticals,2025-07-11,2025-07-21,1757.0999755859375,1734.0374999747687,16,28113.6,27744.6,-369.0,76.83,-445.83,-1.59,10,Trailing Stop Hit (20 EMA)
CGPOWER.NS,CG Power and Industrial Solutions Limited,Information Technology,2025-07-17,2025-07-21,687.8318481445312,667.5266938790883,43,29576.77,28703.65,-873.12,79.58,-952.7,-3.22,4,Trailing Stop Hit (20 EMA)
KPRMILL.NS,K.P.R. Mill Limited,Diversified & Others,2025-07-03,2025-07-22,1142.1005859375,1163.4979053093966,26,29694.62,30250.95,556.33,81.31,475.02,1.6,19,Trailing Stop Hit (20 EMA)
SONACOMS.NS,Sona BLW Precision Forgings Limited,Automobile & Auto Components,2025-07-17,2025-07-22,483.02215576171875,470.76381928582333,62,29947.37,29187.36,-760.01,80.53,-840.54,-2.81,5,Trailing Stop Hit (20 EMA)
ETERNAL.NS,ETERNAL LIMITED,Consumer Goods & Retail,2025-07-21,2025-07-22,271.70001220703125,293.1,110,29887.0,32241.0,2354.0,83.62,2270.38,7.6,1,Target Hit (3x ATR)
MMTC.NS,MMTC Limited,Services & Logistics,2025-07-21,2025-07-23,70.68000030517578,69.44433935439233,423,29897.64,29374.96,-522.68,80.65,-603.33,-2.02,2,Trailing Stop Hit (20 EMA)
JSL.NS,Jindal Stainless Limited,Metals & Mining,2025-07-21,2025-07-23,692.2839965820312,679.6451454826624,43,29768.21,29224.74,-543.47,80.34,-623.81,-2.1,2,Trailing Stop Hit (20 EMA)
ECLERX.NS,eClerx Services Limited,Services & Logistics,2025-07-11,2025-07-25,1739.200439453125,1913.48,17,29566.41,32529.16,2962.75,83.53,2879.22,9.74,14,Target Hit (3x ATR)
FLUOROCHEM.NS,Gujarat Fluorochemicals Limited,Chemicals & Fertilisers,2025-07-18,2025-07-25,3496.538330078125,3515.075126160825,8,27972.31,28120.6,148.29,77.08,71.21,0.25,7,Trailing Stop Hit (20 EMA)
LTF.NS,L&T Finance Limited,Banking & Financial Services,2025-07-21,2025-07-25,208.43402099609375,202.66452470010736,143,29806.07,28981.03,-825.04,80.15,-905.19,-3.04,4,Trailing Stop Hit (20 EMA)
TMPV.NS,Tata Motors Passenger Vehicles Limited,Automobile & Auto Components,2025-07-23,2025-07-25,684.4224853515625,681.0912080162193,43,29430.17,29286.92,-143.25,80.0,-223.25,-0.76,2,Trailing Stop Hit (20 EMA)
OFSS.NS,Oracle Financial Services Software Limited,Information Technology,2025-07-24,2025-07-28,8557.3681640625,8275.920729921128,3,25672.1,24827.76,-844.34,70.93,-915.27,-3.57,4,Trailing Stop Hit (20 EMA)
CANBK.NS,Canara Bank,Banking & Financial Services,2025-07-24,2025-07-28,109.88513946533203,107.16486492540227,271,29778.87,29041.68,-737.19,80.16,-817.35,-2.74,4,Trailing Stop Hit (20 EMA)
INDIANB.NS,Indian Bank,Banking & Financial Services,2025-07-24,2025-07-28,638.5472412109375,621.419494138123,46,29373.17,28585.3,-787.87,79.22,-867.09,-2.95,4,Trailing Stop Hit (20 EMA)
MOTHERSON.NS,Samvardhana Motherson International Limited,Automobile & Auto Components,2025-07-24,2025-07-28,102.55290985107422,100.16448731506112,291,29842.9,29147.87,-695.03,80.37,-775.4,-2.6,4,Trailing Stop Hit (20 EMA)
ANANTRAJ.NS,Anant Raj Limited,"Construction, Materials & Infra",2025-07-25,2025-07-29,572.50927734375,559.0813322969458,51,29197.97,28513.15,-684.82,78.94,-763.76,-2.62,4,Trailing Stop Hit (20 EMA)
GRAVITA.NS,Gravita India Limited,Metals & Mining,2025-07-24,2025-08-01,1812.9000244140625,1805.6013829571618,16,29006.4,28889.62,-116.78,79.1,-195.88,-0.68,8,Trailing Stop Hit (20 EMA)
USHAMART.NS,Usha Martin Limited,Information Technology,2025-07-29,2025-08-01,372.69683837890625,366.1966302950949,79,29443.05,28929.53,-513.52,79.65,-593.17,-2.01,3,Trailing Stop Hit (20 EMA)
ZYDUSWELL.NS,Zydus Wellness Limited,Consumer Goods & Retail,2025-07-30,2025-08-01,410.1206970214844,404.1925344465048,72,29528.69,29101.86,-426.83,79.93,-506.76,-1.72,2,Trailing Stop Hit (20 EMA)
ASAHIINDIA.NS,Asahi India Glass Limited,Automobile & Auto Components,2025-07-30,2025-08-01,847.0870361328125,827.0459554563716,34,28800.96,28119.56,-681.4,78.07,-759.47,-2.64,2,Trailing Stop Hit (20 EMA)
GRAPHITE.NS,Graphite India Limited,Information Technology,2025-07-31,2025-08-01,566.53076171875,527.66,52,29459.6,27438.32,-2021.28,78.12,-2099.4,-7.13,1,Stop Loss Hit (2x ATR)
GICRE.NS,General Insurance Corporation of India,Banking & Financial Services,2025-07-30,2025-08-04,357.8679504394531,357.5784627281531,82,29345.17,29321.43,-23.74,79.94,-103.68,-0.35,5,Trailing Stop Hit (20 EMA)
BLS.NS,BLS International Services Limited,Consumer Goods & Retail,2025-07-30,2025-08-04,373.5386657714844,371.31811134979495,79,29509.55,29334.13,-175.42,80.15,-255.57,-0.87,5,Trailing Stop Hit (20 EMA)
ENDURANCE.NS,Endurance Technologies Limited,Automobile & Auto Components,2025-08-04,2025-08-06,2627.978759765625,2584.258642343848,11,28907.77,28426.85,-480.92,78.51,-559.43,-1.94,2,Trailing Stop Hit (20 EMA)
MUTHOOTFIN.NS,Muthoot Finance Limited,Banking & Financial Services,2025-08-04,2025-08-06,2643.448486328125,2613.0058164272264,11,29077.93,28743.06,-334.87,79.02,-413.89,-1.42,2,Trailing Stop Hit (20 EMA)
CUB.NS,City Union Bank Limited,Banking & Financial Services,2025-07-31,2025-08-08,157.73228454589844,157.00734787866188,187,29495.94,29360.37,-135.57,80.16,-215.73,-0.73,8,Trailing Stop Hit (20 EMA)
FLUOROCHEM.NS,Gujarat Fluorochemicals Limited,Chemicals & Fertilisers,2025-08-06,2025-08-08,3631.531494140625,3535.9814237951746,7,25420.72,24751.87,-668.85,70.55,-739.4,-2.91,2,Trailing Stop Hit (20 EMA)
DMART.NS,Avenue Supermarts Limited,Consumer Goods & Retail,2025-07-30,2025-08-11,4281.39990234375,4150.10009765625,6,25688.4,24900.6,-787.8,71.02,-858.82,-3.34,12,Trailing Stop Hit (20 EMA)
SAGILITY.NS,SAGILITY LIMITED,Information Technology,2025-07-31,2025-08-11,46.46701431274414,44.32807974819985,637,29599.49,28236.99,-1362.5,79.13,-1441.63,-4.87,11,Trailing Stop Hit (20 EMA)
ITI.NS,ITI Limited,Information Technology,2025-08-07,2025-08-11,320.29998779296875,300.5,90,28827.0,27045.0,-1782.0,76.98,-1858.98,-6.45,4,Trailing Stop Hit (20 EMA)
DOMS.NS,DOMS Industries Limited,Consumer Goods & Retail,2025-08-11,2025-08-13,2496.023193359375,2379.1718202550483,11,27456.26,26170.89,-1285.37,74.46,-1359.83,-4.95,2,Trailing Stop Hit (20 EMA)
GICRE.NS,General Insurance Corporation of India,Banking & Financial Services,2025-08-08,2025-08-14,368.4554748535156,361.5758297155798,78,28739.53,28202.91,-536.62,78.07,-614.69,-2.14,6,Trailing Stop Hit (20 EMA)
EIHOTEL.NS,EIH Limited,Consumer Goods & Retail,2025-08-13,2025-08-14,416.5597229003906,389.79,69,28742.62,26895.51,-1847.11,76.72,-1923.83,-6.69,1,Stop Loss Hit (2x ATR)
MFSL.NS,Max Financial Services Limited,Banking & Financial Services,2025-08-08,2025-08-18,1551.5,1654.7,18,27927.0,29784.6,1857.6,78.73,1778.87,6.37,10,Target Hit (3x ATR)
ENDURANCE.NS,Endurance Technologies Limited,Automobile & Auto Components,2025-08-14,2025-08-18,2591.52880859375,2850.59,11,28506.82,31356.49,2849.67,81.07,2768.6,9.71,4,Target Hit (3x ATR)
KPIL.NS,Kalpataru Projects International Limited,"Construction, Materials & Infra",2025-08-08,2025-08-21,1174.194091796875,1285.7,24,28180.66,30856.8,2676.14,80.17,2595.97,9.21,13,Target Hit (3x ATR)
MUTHOOTFIN.NS,Muthoot Finance Limited,Banking & Financial Services,2025-08-14,2025-08-21,2734.2802734375,2628.7913789661256,10,27342.8,26287.91,-1054.89,74.43,-1129.32,-4.13,7,Trailing Stop Hit (20 EMA)
MMTC.NS,MMTC Limited,Services & Logistics,2025-08-19,2025-08-21,65.30000305175781,65.03663845233332,449,29319.7,29201.45,-118.25,79.79,-198.04,-0.68,2,Trailing Stop Hit (20 EMA)
MOTHERSON.NS,Samvardhana Motherson International Limited,Automobile & Auto Components,2025-08-19,2025-08-22,98.9205093383789,96.13366935500163,296,29280.47,28455.57,-824.9,78.98,-903.88,-3.09,3,Trailing Stop Hit (20 EMA)
JWL.NS,Jupiter Wagons Limited,Information Technology,2025-08-21,2025-08-25,343.25,338.91601043741326,85,29176.25,28807.86,-368.39,79.23,-447.62,-1.53,4,Trailing Stop Hit (20 EMA)
NYKAA.NS,FSN E-Commerce Ventures Limited,Consumer Goods & Retail,2025-08-13,2025-08-26,215.0399932861328,233.47,134,28815.36,31284.98,2469.62,81.35,2388.27,8.29,13,Target Hit (3x ATR)
ARE&M.NS,Amara Raja Energy & Mobility Limited,Automobile & Auto Components,2025-08-19,2025-08-26,979.0845947265625,960.123805778628,29,28393.45,27843.59,-549.86,77.28,-627.14,-2.21,7,Trailing Stop Hit (20 EMA)
IPCALAB.NS,IPCA Laboratories Limited,Healthcare & Pharmaceuticals,2025-08-22,2025-08-26,1413.49267578125,1385.1908279371078,20,28269.85,27703.82,-566.03,76.99,-643.02,-2.27,4,Trailing Stop Hit (20 EMA)
HINDUNILVR.NS,Hindustan Unilever Limited,Consumer Goods & Retail,2025-08-18,2025-08-28,2522.4130859375,2699.112419661415,11,27746.54,29690.24,1943.7,78.42,1865.28,6.72,10,Target Hit (3x ATR)
ACE.NS,Action Construction Equipment Limited,Information Technology,2025-08-25,2025-08-28,1078.51904296875,1038.300378267427,26,28041.5,26995.81,-1045.69,75.99,-1121.68,-4.0,3,Trailing Stop Hit (20 EMA)
HINDZINC.NS,Hindustan Zinc Limited,Metals & Mining,2025-08-25,2025-08-28,426.900146484375,421.30242651284897,68,29029.21,28648.57,-380.64,78.87,-459.51,-1.58,3,Trailing Stop Hit (20 EMA)
MAZDOCK.NS,Mazagon Dock Shipbuilders Limited,Information Technology,2025-08-25,2025-08-28,2733.720458984375,2642.7522407038264,10,27337.2,26427.52,-909.68,74.57,-984.25,-3.6,3,Trailing Stop Hit (20 EMA)
GABRIEL.NS,Gabriel India Limited,Automobile & Auto Components,2025-08-12,2025-09-01,1058.9356689453125,1204.56,27,28591.26,32523.12,3931.86,82.37,3849.49,13.46,20,Target Hit (3x ATR)
JKCEMENT.NS,JK Cement Limited,"Construction, Materials & Infra",2025-08-28,2025-09-02,6960.0947265625,6929.168173548697,4,27840.38,27716.67,-123.71,76.5,-200.21,-0.72,5,Trailing Stop Hit (20 EMA)
SAMMAANCAP.NS,Sammaan Capital Limited,Banking & Financial Services,2025-08-29,2025-09-02,123.95999908447266,139.17,233,28882.68,32426.61,3543.93,82.61,3461.32,11.98,4,Target Hit (3x ATR)
CGPOWER.NS,CG Power and Industrial Solutions Limited,Information Technology,2025-08-29,2025-09-02,692.7709350585938,740.4,41,28403.61,30356.4,1952.79,79.9,1872.89,6.59,4,Target Hit (3x ATR)
ASAHIINDIA.NS,Asahi India Glass Limited,Automobile & Auto Components,2025-09-01,2025-09-03,856.9137573242188,844.0999755859375,34,29135.07,28699.4,-435.67,79.06,-514.73,-1.77,2,Trailing Stop Hit (20 EMA)
MOTHERSON.NS,Samvardhana Motherson International Limited,Automobile & Auto Components,2025-09-01,2025-09-03,96.2733383178711,95.11993821029351,305,29363.37,29011.58,-351.79,79.63,-431.42,-1.47,2,Trailing Stop Hit (20 EMA)
SBFC.NS,SBFC Finance Limited,Banking & Financial Services,2025-09-01,2025-09-03,108.05999755859375,104.30000305175781,272,29392.32,28369.6,-1022.72,79.01,-1101.73,-3.75,2,Trailing Stop Hit (20 EMA)
MMTC.NS,MMTC Limited,Services & Logistics,2025-09-03,2025-09-05,64.52999877929688,63.25,460,29683.8,29095.0,-588.8,80.09,-668.89,-2.25,2,Trailing Stop Hit (20 EMA)
HEG.NS,HEG Limited,Information Technology,2025-09-04,2025-09-08,493.8089599609375,491.6111311319051,59,29134.73,29005.06,-129.67,79.37,-209.04,-0.72,4,Trailing Stop Hit (20 EMA)
HINDZINC.NS,Hindustan Zinc Limited,Metals & Mining,2025-09-01,2025-09-09,428.07861328125,424.9792026645313,68,29109.35,28898.59,-210.76,79.23,-289.99,-1.0,8,Trailing Stop Hit (20 EMA)
VIJAYA.NS,Vijaya Diagnostic Centre Limited,Healthcare & Pharmaceuticals,2025-09-03,2025-09-10,1065.199951171875,1056.5997512851384,27,28760.4,28528.19,-232.21,78.43,-310.64,-1.08,7,Trailing Stop Hit (20 EMA)
VOLTAS.NS,Voltas Limited,Consumer Goods & Retail,2025-08-18,2025-09-11,1344.9747314453125,1377.7152911419946,21,28244.47,28932.02,687.55,78.24,609.31,2.16,24,Trailing Stop Hit (20 EMA)
TEGA.NS,Tega Industries Limited,Information Technology,2025-09-01,2025-09-12,1931.9263916015625,1954.6032505825103,15,28978.9,29319.05,340.15,79.51,260.64,0.9,11,Trailing Stop Hit (20 EMA)
GALLANTT.NS,Gallantt Ispat Limited,Information Technology,2025-09-08,2025-09-16,699.9666748046875,663.3204814749903,42,29398.6,27859.46,-1539.14,78.49,-1617.63,-5.5,8,Trailing Stop Hit (20 EMA)
INDIANB.NS,Indian Bank,Banking & Financial Services,2025-09-08,2025-09-17,656.4655151367188,694.25,45,29540.95,31241.25,1700.3,82.16,1618.14,5.48,9,Target Hit (3x ATR)
FLUOROCHEM.NS,Gujarat Fluorochemicals Limited,Chemicals & Fertilisers,2025-09-09,2025-09-17,3635.4287109375,3537.3804837721855,8,29083.43,28299.04,-784.39,78.57,-862.96,-2.97,8,Trailing Stop Hit (20 EMA)
ECLERX.NS,eClerx Services Limited,Services & Logistics,2025-08-25,2025-09-19,2118.2255859375,2155.496611748289,13,27536.93,28021.46,484.53,76.45,408.08,1.48,25,Trailing Stop Hit (20 EMA)
JSWINFRA.NS,JSW Infrastructure Limited,Services & Logistics,2025-09-09,2025-09-19,312.108642578125,332.74,95,29650.32,31610.3,1959.98,82.67,1877.31,6.33,10,Target Hit (3x ATR)
GRAPHITE.NS,Graphite India Limited,Information Technology,2025-09-12,2025-09-19,527.6080322265625,570.08,55,29018.44,31354.4,2335.96,81.65,2254.31,7.77,7,Target Hit (3x ATR)
FIRSTCRY.NS,Brainbees Solutions Limited,Consumer Goods & Retail,2025-09-05,2025-09-22,401.1000061035156,384.67452995911424,74,29681.4,28465.92,-1215.48,79.46,-1294.94,-4.36,17,Trailing Stop Hit (20 EMA)
CASTROLIND.NS,Castrol India Limited,"Energy, Power & Utilities",2025-09-16,2025-09-22,190.84169006347656,190.23500637441197,154,29389.62,29296.19,-93.43,79.97,-173.4,-0.59,6,Trailing Stop Hit (20 EMA)
NATCOPHARM.NS,Natco Pharma Limited,Healthcare & Pharmaceuticals,2025-09-18,2025-09-22,879.7150268554688,864.332739187672,33,29030.6,28522.98,-507.62,78.74,-586.36,-2.02,4,Trailing Stop Hit (20 EMA)
ITI.NS,ITI Limited,Information Technology,2025-09-02,2025-09-23,301.8999938964844,332.17,98,29586.2,32552.66,2966.46,83.58,2882.88,9.74,21,Target Hit (3x ATR)
CREDITACC.NS,CREDITACCESS GRAMEEN LIMITED,Banking & Financial Services,2025-09-17,2025-09-23,1360.199951171875,1341.857501001934,21,28564.2,28179.01,-385.19,77.84,-463.03,-1.62,6,Trailing Stop Hit (20 EMA)
SUMICHEM.NS,Sumitomo Chemical India Limited,Chemicals & Fertilisers,2025-09-19,2025-09-23,600.3527221679688,572.963741641187,49,29417.28,28075.22,-1342.06,78.73,-1420.79,-4.83,4,Trailing Stop Hit (20 EMA)
WELSPUNLIV.NS,Welspun Living Limited,Diversified & Others,2025-09-10,2025-09-24,125.4546127319336,121.08219036726078,237,29732.74,28696.48,-1036.26,79.75,-1116.01,-3.75,14,Trailing Stop Hit (20 EMA)
IPCALAB.NS,IPCA Laboratories Limited,Healthcare & Pharmaceuticals,2025-09-19,2025-09-24,1436.014404296875,1356.8526286547246,20,28720.29,27137.05,-1583.24,76.95,-1660.19,-5.78,5,Trailing Stop Hit (20 EMA)
JINDALSAW.NS,Jindal Saw Limited,Information Technology,2025-09-12,2025-09-26,206.0615234375,207.23682885798627,142,29260.74,29427.63,166.89,79.95,86.94,0.3,14,Trailing Stop Hit (20 EMA)
HOMEFIRST.NS,Home First Finance Company India Limited,Banking & Financial Services,2025-09-24,2025-09-26,1272.8515625,1220.794867340313,23,29275.59,28078.28,-1197.31,78.57,-1275.88,-4.36,2,Trailing Stop Hit (20 EMA)
JSWDULUX.NS,JSW Dulux Limited,Consumer Goods & Retail,2025-09-25,2025-09-29,3345.583251953125,3298.7134160760684,8,26764.67,26389.71,-374.96,73.84,-448.8,-1.68,4,Trailing Stop Hit (20 EMA)
POLYMED.NS,Poly Medicure Limited,Healthcare & Pharmaceuticals,2025-09-25,2025-09-29,2027.647705078125,1970.8640470619255,14,28387.07,27592.1,-794.97,77.02,-871.99,-3.07,4,Trailing Stop Hit (20 EMA)
AUBANK.NS,AU Small Finance Bank Limited,Banking & Financial Services,2025-09-23,2025-10-01,730.940185546875,725.3760120252583,40,29237.61,29015.04,-222.57,79.51,-302.08,-1.03,8,Trailing Stop Hit (20 EMA)
WOCKPHARMA.NS,Wockhardt Limited,Healthcare & Pharmaceuticals,2025-09-29,2025-10-01,1564.4000244140625,1495.1200847517669,18,28159.2,26912.16,-1247.04,76.05,-1323.09,-4.7,2,Trailing Stop Hit (20 EMA)
LTF.NS,L&T Finance Limited,Banking & Financial Services,2025-09-29,2025-10-03,242.34486389160156,260.04,120,29081.38,31204.8,2123.42,81.57,2041.85,7.02,4,Target Hit (3x ATR)
FIVESTAR.NS,Five-Star Business Finance Limited,Banking & Financial Services,2025-09-30,2025-10-03,534.6593017578125,534.1611086888057,54,28871.6,28844.7,-26.9,78.89,-105.79,-0.37,3,Trailing Stop Hit (20 EMA)
EIHOTEL.NS,EIH Limited,Consumer Goods & Retail,2025-10-03,2025-10-07,391.4735412597656,379.5775034419222,74,28969.04,28088.74,-880.3,78.22,-958.52,-3.31,4,Trailing Stop Hit (20 EMA)
JSL.NS,Jindal Stainless Limited,Metals & Mining,2025-10-03,2025-10-07,783.988037109375,755.890736441499,37,29007.56,27967.96,-1039.6,78.14,-1117.74,-3.85,4,Trailing Stop Hit (20 EMA)
JWL.NS,Jupiter Wagons Limited,Information Technology,2025-09-26,2025-10-08,336.3999938964844,335.8789105999799,86,28930.4,28885.59,-44.81,79.01,-123.82,-0.43,12,Trailing Stop Hit (20 EMA)
J&KBANK.NS,The Jammu & Kashmir Bank Limited,Banking & Financial Services,2025-09-30,2025-10-08,105.02999877929688,103.3030250914946,277,29093.31,28614.94,-478.37,78.9,-557.27,-1.92,8,Trailing Stop Hit (20 EMA)
TMPV.NS,Tata Motors Passenger Vehicles Limited,Automobile & Auto Components,2025-10-01,2025-10-08,712.4400634765625,689.1830768666096,40,28497.6,27567.32,-930.28,77.13,-1007.41,-3.54,7,Trailing Stop Hit (20 EMA)
ABLBL.NS,Aditya Birla Lifestyle Brands Limited,Consumer Goods & Retail,2025-10-06,2025-10-08,145.9450225830078,139.42812894360384,199,29043.06,27746.2,-1296.86,77.95,-1374.81,-4.73,2,Trailing Stop Hit (20 EMA)
HINDZINC.NS,Hindustan Zinc Limited,Metals & Mining,2025-09-29,2025-10-09,457.78582763671875,493.03,63,28840.51,31060.89,2220.38,81.15,2139.23,7.42,10,Target Hit (3x ATR)
JYOTICNC.NS,Jyoti CNC Automation Limited,Information Technology,2025-10-03,2025-10-09,920.8499755859375,911.7112498543232,31,28546.35,28263.05,-283.3,77.91,-361.21,-1.27,6,Trailing Stop Hit (20 EMA)
DOMS.NS,DOMS Industries Limited,Consumer Goods & Retail,2025-10-07,2025-10-09,2605.777587890625,2545.2455869521564,11,28663.55,27997.7,-665.85,77.76,-743.61,-2.59,2,Trailing Stop Hit (20 EMA)
HEG.NS,HEG Limited,Information Technology,2025-10-08,2025-10-10,512.851318359375,511.2945455149412,56,28719.67,28632.49,-87.18,78.49,-165.67,-0.58,2,Trailing Stop Hit (20 EMA)
GRAVITA.NS,Gravita India Limited,Metals & Mining,2025-10-09,2025-10-13,1619.699951171875,1614.63546330721,17,27534.9,27448.8,-86.1,75.86,-161.96,-0.59,4,Trailing Stop Hit (20 EMA)
MMTC.NS,MMTC Limited,Services & Logistics,2025-10-03,2025-10-14,69.62999725341797,68.05921583674629,419,29174.97,28516.81,-658.16,78.92,-737.08,-2.53,11,Trailing Stop Hit (20 EMA)
IGL.NS,Indraprastha Gas Limited,"Energy, Power & Utilities",2025-10-07,2025-10-14,215.97064208984375,208.4948698992168,134,28940.07,27938.31,-1001.76,78.03,-1079.79,-3.73,7,Trailing Stop Hit (20 EMA)
NATCOPHARM.NS,Natco Pharma Limited,Healthcare & Pharmaceuticals,2025-10-10,2025-10-14,841.4146118164062,829.7371980999588,34,28608.1,28211.06,-397.04,77.93,-474.97,-1.66,4,Trailing Stop Hit (20 EMA)
J&KBANK.NS,The Jammu & Kashmir Bank Limited,Banking & Financial Services,2025-10-10,2025-10-14,107.51000213623047,103.8278276200895,268,28812.68,27825.86,-986.82,77.77,-1064.59,-3.69,4,Trailing Stop Hit (20 EMA)
VOLTAS.NS,Voltas Limited,Consumer Goods & Retail,2025-10-10,2025-10-14,1412.861572265625,1374.1830608730645,20,28257.23,27483.66,-773.57,76.76,-850.33,-3.01,4,Trailing Stop Hit (20 EMA)
SONACOMS.NS,Sona BLW Precision Forgings Limited,Automobile & Auto Components,2025-10-09,2025-10-16,426.8186340332031,462.78,67,28596.85,31006.26,2409.41,80.81,2328.6,8.14,7,Target Hit (3x ATR)
JSWDULUX.NS,JSW Dulux Limited,Consumer Goods & Retail,2025-10-14,2025-10-16,3302.061279296875,3305.4131632311532,8,26416.49,26443.31,26.82,73.5,-46.68,-0.18,2,Trailing Stop Hit (20 EMA)
CASTROLIND.NS,Castrol India Limited,"Energy, Power & Utilities",2025-10-15,2025-10-17,191.78224182128906,188.1140356696423,149,28575.55,28028.99,-546.56,77.7,-624.26,-2.18,2,Trailing Stop Hit (20 EMA)
HOMEFIRST.NS,Home First Finance Company India Limited,Banking & Financial Services,2025-10-15,2025-10-17,1257.2244873046875,1231.4878764367095,22,27658.94,27092.73,-566.21,75.63,-641.84,-2.32,2,Trailing Stop Hit (20 EMA)
JUBLINGREA.NS,Jubilant Ingrevia Limited,Chemicals & Fertilisers,2025-10-13,2025-10-20,701.2274169921875,678.6830433579652,41,28750.32,27826.0,-924.32,77.69,-1002.01,-3.49,7,Trailing Stop Hit (20 EMA)
KPIL.NS,Kalpataru Projects International Limited,"Construction, Materials & Infra",2025-10-16,2025-10-20,1268.8359375,1249.250315899516,22,27914.39,27483.51,-430.88,76.34,-507.22,-1.82,4,Trailing Stop Hit (20 EMA)
FLUOROCHEM.NS,Gujarat Fluorochemicals Limited,Chemicals & Fertilisers,2025-10-16,2025-10-24,3744.5,3704.3217028569748,7,26211.5,25930.25,-281.25,72.72,-353.97,-1.35,8,Trailing Stop Hit (20 EMA)
ECLERX.NS,eClerx Services Limited,Services & Logistics,2025-10-20,2025-10-27,2156.004638671875,2394.81,13,28028.06,31132.53,3104.47,80.24,3024.23,10.79,7,Target Hit (3x ATR)
KPRMILL.NS,K.P.R. Mill Limited,Diversified & Others,2025-10-23,2025-10-27,1077.218505859375,1036.2991199859798,26,28007.68,26943.78,-1063.9,75.89,-1139.79,-4.07,4,Trailing Stop Hit (20 EMA)
PGEL.NS,PG Electroplast Limited,Consumer Goods & Retail,2025-10-09,2025-10-28,553.1500244140625,564.5983365967452,52,28763.8,29359.11,595.31,79.28,516.03,1.79,19,Trailing Stop Hit (20 EMA)
MOTILALOFS.NS,Motilal Oswal Financial Services Limited,Banking & Financial Services,2025-10-09,2025-10-28,972.4011840820312,1057.44,29,28199.63,30665.76,2466.13,79.99,2386.14,8.46,19,Target Hit (3x ATR)
ENDURANCE.NS,Endurance Technologies Limited,Automobile & Auto Components,2025-10-16,2025-10-29,2920.47412109375,2883.6280397285072,9,26284.27,25952.65,-331.62,72.82,-404.44,-1.54,13,Trailing Stop Hit (20 EMA)
KPIL.NS,Kalpataru Projects International Limited,"Construction, Materials & Infra",2025-10-28,2025-10-30,1259.213134765625,1248.3833282188411,22,27702.69,27464.43,-238.26,76.07,-314.33,-1.13,2,Trailing Stop Hit (20 EMA)
GICRE.NS,General Insurance Corporation of India,Banking & Financial Services,2025-10-06,2025-10-31,366.8736267089844,367.05066440888487,79,28983.02,28997.0,13.98,79.18,-65.2,-0.22,25,Trailing Stop Hit (20 EMA)
ZYDUSWELL.NS,Zydus Wellness Limited,Consumer Goods & Retail,2025-10-20,2025-10-31,468.3643493652344,476.7468385460232,61,28570.23,29081.56,511.33,78.78,432.55,1.51,11,Trailing Stop Hit (20 EMA)
CGPOWER.NS,CG Power and Industrial Solutions Limited,Information Technology,2025-10-29,2025-10-31,746.9513549804688,733.3813193734768,38,28384.15,27868.49,-515.66,77.3,-592.96,-2.09,2,Trailing Stop Hit (20 EMA)
SBFC.NS,SBFC Finance Limited,Banking & Financial Services,2025-10-17,2025-11-03,112.83000183105469,122.02,253,28545.99,30871.06,2325.07,80.61,2244.46,7.86,17,Target Hit (3x ATR)
MMTC.NS,MMTC Limited,Services & Logistics,2025-10-29,2025-11-03,68.75,68.06806031698791,421,28943.75,28656.65,-287.1,78.78,-365.88,-1.26,5,Trailing Stop Hit (20 EMA)
ENRIN.NS,Siemens Energy India Limited,Information Technology,2025-10-30,2025-11-03,3201.331298828125,3193.5437452642163,9,28811.98,28741.89,-70.09,78.71,-148.8,-0.52,4,Trailing Stop Hit (20 EMA)
PVRINOX.NS,PVR INOX Limited,Diversified & Others,2025-10-20,2025-11-04,1157.9000244140625,1160.8696735440576,24,27789.6,27860.87,71.27,76.59,-5.32,-0.02,15,Trailing Stop Hit (20 EMA)
FLUOROCHEM.NS,Gujarat Fluorochemicals Limited,Chemicals & Fertilisers,2025-10-31,2025-11-04,3743.60009765625,3688.019202808983,7,26205.2,25816.13,-389.07,72.61,-461.68,-1.76,4,Trailing Stop Hit (20 EMA)
GABRIEL.NS,Gabriel India Limited,Automobile & Auto Components,2025-10-31,2025-11-04,1268.9779052734375,1261.0894293072402,22,27917.51,27743.97,-173.54,76.61,-250.15,-0.9,4,Trailing Stop Hit (20 EMA)
WOCKPHARMA.NS,Wockhardt Limited,Healthcare & Pharmaceuticals,2025-11-03,2025-11-06,1413.800048828125,1362.3545147641296,20,28276.0,27247.09,-1028.91,76.54,-1105.45,-3.91,3,Trailing Stop Hit (20 EMA)
VIJAYA.NS,Vijaya Diagnostic Centre Limited,Healthcare & Pharmaceuticals,2025-11-03,2025-11-06,1019.7000122070312,1004.1616505033616,28,28551.6,28116.53,-435.07,77.77,-512.84,-1.8,3,Trailing Stop Hit (20 EMA)
HOMEFIRST.NS,Home First Finance Company India Limited,Banking & Financial Services,2025-11-03,2025-11-06,1248.863525390625,1214.325088715889,23,28723.86,27929.48,-794.38,77.76,-872.14,-3.04,3,Trailing Stop Hit (20 EMA)
CGPOWER.NS,CG Power and Industrial Solutions Limited,Information Technology,2025-11-03,2025-11-06,743.70849609375,740.806511837917,38,28260.92,28150.65,-110.27,77.46,-187.73,-0.66,3,Trailing Stop Hit (20 EMA)
ADANIENSOL.NS,Adani Energy Solutions Limited,"Energy, Power & Utilities",2025-10-29,2025-11-07,967.5499877929688,947.2680844118667,29,28058.95,27470.77,-588.18,76.5,-664.68,-2.37,9,Trailing Stop Hit (20 EMA)
JYOTICNC.NS,Jyoti CNC Automation Limited,Information Technology,2025-11-04,2025-11-07,940.2000122070312,896.5499877929688,30,28206.0,26896.5,-1309.5,76.1,-1385.6,-4.91,3,Trailing Stop Hit (20 EMA)
IPCALAB.NS,IPCA Laboratories Limited,Healthcare & Pharmaceuticals,2025-11-06,2025-11-10,1300.28564453125,1298.120604033641,21,27306.0,27260.53,-45.47,75.4,-120.87,-0.44,4,Trailing Stop Hit (20 EMA)
KPIL.NS,Kalpataru Projects International Limited,"Construction, Materials & Infra",2025-11-03,2025-11-11,1263.1812744140625,1261.779517610593,22,27789.99,27759.15,-30.84,76.48,-107.32,-0.39,8,Trailing Stop Hit (20 EMA)
MFSL.NS,Max Financial Services Limited,Banking & Financial Services,2025-11-04,2025-11-12,1592.4000244140625,1694.15,18,28663.2,30494.7,1831.5,80.35,1751.15,6.11,8,Target Hit (3x ATR)
TEGA.NS,Tega Industries Limited,Information Technology,2025-11-10,2025-11-12,1935.5,1918.9000244140625,14,27097.0,26864.6,-232.4,74.73,-307.13,-1.13,2,Trailing Stop Hit (20 EMA)
GALLANTT.NS,Gallantt Ispat Limited,Information Technology,2025-11-10,2025-11-13,656.2999877929688,592.6156855877401,43,28220.9,25482.47,-2738.43,74.64,-2813.07,-9.97,3,Trailing Stop Hit (20 EMA)
J&KBANK.NS,The Jammu & Kashmir Bank Limited,Banking & Financial Services,2025-11-10,2025-11-13,107.55999755859375,106.09090557180896,264,28395.84,28008.0,-387.84,77.46,-465.3,-1.64,3,Trailing Stop Hit (20 EMA)
DOMS.NS,DOMS Industries Limited,Consumer Goods & Retail,2025-11-11,2025-11-13,2561.75048828125,2527.4773053989934,11,28179.26,27802.25,-377.01,77.0,-454.01,-1.61,2,Trailing Stop Hit (20 EMA)
POLYMED.NS,Poly Medicure Limited,Healthcare & Pharmaceuticals,2025-11-11,2025-11-14,2059.18310546875,1940.2105052719805,13,26769.38,25222.74,-1546.64,72.66,-1619.3,-6.05,3,Trailing Stop Hit (20 EMA)
BLS.NS,BLS International Services Limited,Consumer Goods & Retail,2025-11-12,2025-11-14,334.2988586425781,318.6386518003839,85,28415.4,27084.29,-1331.11,76.52,-1407.63,-4.95,2,Trailing Stop Hit (20 EMA)
FLUOROCHEM.NS,Gujarat Fluorochemicals Limited,Chemicals & Fertilisers,2025-11-12,2025-11-14,3699.5,3597.0,7,25896.5,25179.0,-717.5,71.57,-789.07,-3.05,2,Trailing Stop Hit (20 EMA)
KPRMILL.NS,K.P.R. Mill Limited,Diversified & Others,2025-11-11,2025-11-17,1088.7607421875,1062.591390883881,26,28307.78,27627.38,-680.4,76.97,-757.37,-2.68,6,Trailing Stop Hit (20 EMA)
IGL.NS,Indraprastha Gas Limited,"Energy, Power & Utilities",2025-11-13,2025-11-17,210.966796875,207.8373567334932,132,27847.62,27434.53,-413.09,76.21,-489.3,-1.76,4,Trailing Stop Hit (20 EMA)
HINDZINC.NS,Hindustan Zinc Limited,Metals & Mining,2025-11-13,2025-11-17,486.3146057128906,474.2781205752384,57,27719.93,27033.85,-686.08,75.64,-761.72,-2.75,4,Trailing Stop Hit (20 EMA)
DOMS.NS,DOMS Industries Limited,Consumer Goods & Retail,2025-11-14,2025-11-18,2617.358154296875,2539.916513854012,10,26173.58,25399.17,-774.41,72.13,-846.54,-3.23,4,Trailing Stop Hit (20 EMA)
ANANTRAJ.NS,Anant Raj Limited,"Construction, Materials & Infra",2025-11-17,2025-11-19,632.3609619140625,619.9812788948421,44,27823.88,27279.18,-544.7,76.02,-620.72,-2.23,2,Trailing Stop Hit (20 EMA)
GRAPHITE.NS,Graphite India Limited,Information Technology,2025-11-18,2025-11-20,589.9239501953125,562.3268705287584,47,27726.43,26429.36,-1297.07,75.03,-1372.1,-4.95,2,Trailing Stop Hit (20 EMA)
MINDACORP.NS,Minda Corporation Limited,Automobile & Auto Components,2025-11-07,2025-11-21,577.9630737304688,588.4969731625231,49,28320.19,28836.35,516.16,78.24,437.92,1.55,14,Trailing Stop Hit (20 EMA)
PGEL.NS,PG Electroplast Limited,Consumer Goods & Retail,2025-11-14,2025-11-25,578.0999755859375,568.6683299087059,48,27748.8,27296.08,-452.72,75.95,-528.67,-1.91,11,Trailing Stop Hit (20 EMA)
NATCOPHARM.NS,Natco Pharma Limited,Healthcare & Pharmaceuticals,2025-11-19,2025-11-25,825.8457641601562,825.6336337787568,33,27252.91,27245.91,-7.0,75.32,-82.32,-0.3,6,Trailing Stop Hit (20 EMA)
ITI.NS,ITI Limited,Information Technology,2025-11-24,2025-11-26,325.1499938964844,308.0,85,27637.75,26180.0,-1457.75,74.68,-1532.43,-5.54,2,Trailing Stop Hit (20 EMA)
CASTROLIND.NS,Castrol India Limited,"Energy, Power & Utilities",2025-11-24,2025-11-26,182.48001098632812,180.26025699887396,152,27736.96,27399.56,-337.4,76.04,-413.44,-1.49,2,Trailing Stop Hit (20 EMA)
GICRE.NS,General Insurance Corporation of India,Banking & Financial Services,2025-11-26,2025-11-28,377.89764404296875,370.33437282616325,73,27586.53,27034.41,-552.12,75.49,-627.61,-2.28,2,Trailing Stop Hit (20 EMA)
NYKAA.NS,FSN E-Commerce Ventures Limited,Consumer Goods & Retail,2025-11-10,2025-12-01,260.82000732421875,263.05617483794566,109,28429.38,28673.12,243.74,78.18,165.56,0.58,21,Trailing Stop Hit (20 EMA)
JYOTICNC.NS,Jyoti CNC Automation Limited,Information Technology,2025-11-11,2025-12-02,952.2000122070312,980.3768481048977,29,27613.8,28430.93,817.13,76.96,740.17,2.68,21,Trailing Stop Hit (20 EMA)
WELSPUNLIV.NS,Welspun Living Limited,Diversified & Others,2025-11-28,2025-12-02,148.7306365966797,138.05,185,27515.17,25539.25,-1975.92,73.87,-2049.79,-7.45,4,Stop Loss Hit (2x ATR)
WOCKPHARMA.NS,Wockhardt Limited,Healthcare & Pharmaceuticals,2025-12-01,2025-12-04,1472.199951171875,1360.11,18,26499.6,24481.98,-2017.62,71.56,-2089.18,-7.88,3,Stop Loss Hit (2x ATR)
TATACOMM.NS,Tata Communications Limited,Information Technology,2025-12-03,2025-12-05,1848.0948486328125,1838.0858677951271,14,25873.33,25733.2,-140.13,72.1,-212.23,-0.82,2,Trailing Stop Hit (20 EMA)
VIJAYA.NS,Vijaya Diagnostic Centre Limited,Healthcare & Pharmaceuticals,2025-12-04,2025-12-05,1080.0,1015.07,25,27000.0,25376.75,-1623.25,73.08,-1696.33,-6.28,1,Stop Loss Hit (2x ATR)
LAURUSLABS.NS,Laurus Labs Limited,Healthcare & Pharmaceuticals,2025-11-26,2025-12-08,985.61865234375,997.1932908582543,28,27597.32,27921.41,324.09,76.42,247.67,0.9,12,Trailing Stop Hit (20 EMA)
DOMS.NS,DOMS Industries Limited,Consumer Goods & Retail,2025-12-03,2025-12-08,2604.679443359375,2546.574057421919,10,26046.79,25465.74,-581.05,72.05,-653.1,-2.51,5,Trailing Stop Hit (20 EMA)
GRAVITA.NS,Gravita India Limited,Metals & Mining,2025-11-24,2025-12-09,1831.9000244140625,1770.1470898412178,15,27478.5,26552.21,-926.29,74.87,-1001.16,-3.64,15,Trailing Stop Hit (20 EMA)
HINDZINC.NS,Hindustan Zinc Limited,Metals & Mining,2025-11-28,2025-12-09,476.4940185546875,476.6118553956369,57,27160.16,27166.88,6.72,75.13,-68.41,-0.25,11,Trailing Stop Hit (20 EMA)
JSWDULUX.NS,JSW Dulux Limited,Consumer Goods & Retail,2025-12-02,2025-12-09,3429.3779296875,3358.387656021717,7,24005.65,23508.71,-496.94,67.58,-564.52,-2.35,7,Trailing Stop Hit (20 EMA)
WOCKPHARMA.NS,Wockhardt Limited,Healthcare & Pharmaceuticals,2025-12-05,2025-12-09,1360.0,1317.800048828125,19,25840.0,25038.2,-801.8,71.36,-873.16,-3.38,4,Trailing Stop Hit (20 EMA)
ERIS.NS,Eris Lifesciences Limited,Healthcare & Pharmaceuticals,2025-12-09,2025-12-10,1692.21923828125,1587.53,15,25383.29,23812.95,-1570.34,69.53,-1639.87,-6.46,1,Stop Loss Hit (2x ATR)
FLUOROCHEM.NS,Gujarat Fluorochemicals Limited,Chemicals & Fertilisers,2025-12-09,2025-12-11,3485.39990234375,3466.8920284837664,7,24397.8,24268.24,-129.56,68.82,-198.38,-0.81,2,Trailing Stop Hit (20 EMA)
WELSPUNLIV.NS,Welspun Living Limited,Diversified & Others,2025-12-10,2025-12-15,140.72543334960938,135.94169144694672,189,26597.11,25692.98,-904.13,72.93,-977.06,-3.67,5,Trailing Stop Hit (20 EMA)
ACE.NS,Action Construction Equipment Limited,Information Technology,2025-12-15,2025-12-17,994.07421875,964.8278986921276,26,25845.93,25085.53,-760.4,71.43,-831.83,-3.22,2,Trailing Stop Hit (20 EMA)
PVRINOX.NS,PVR INOX Limited,Diversified & Others,2025-12-15,2025-12-17,1086.5999755859375,1080.0,24,26078.4,25920.0,-158.4,72.54,-230.94,-0.89,2,Trailing Stop Hit (20 EMA)
FIVESTAR.NS,Five-Star Business Finance Limited,Banking & Financial Services,2025-12-16,2025-12-18,589.4105834960938,583.8905348293048,44,25934.07,25691.18,-242.89,72.13,-315.02,-1.21,2,Trailing Stop Hit (20 EMA)
ATUL.NS,Atul Limited,Chemicals & Fertilisers,2025-12-17,2025-12-19,5847.16796875,5763.082315952028,4,23388.67,23052.33,-336.34,66.37,-402.71,-1.72,2,Trailing Stop Hit (20 EMA)
FIRSTCRY.NS,Brainbees Solutions Limited,Consumer Goods & Retail,2025-12-18,2025-12-22,297.75,297.95001220703125,88,26202.0,26219.6,17.6,73.02,-55.42,-0.21,4,Trailing Stop Hit (20 EMA)
IGL.NS,Indraprastha Gas Limited,"Energy, Power & Utilities",2025-12-18,2025-12-22,192.3347625732422,189.54202829965928,137,26349.86,25967.26,-382.6,72.92,-455.52,-1.73,4,Trailing Stop Hit (20 EMA)
TMPV.NS,Tata Motors Passenger Vehicles Limited,Automobile & Auto Components,2025-12-19,2025-12-23,349.74871826171875,354.95128111920644,75,26231.15,26621.35,390.2,73.46,316.74,1.21,4,Trailing Stop Hit (20 EMA)
JWL.NS,Jupiter Wagons Limited,Information Technology,2025-12-22,2025-12-23,310.45001220703125,345.3,84,26077.8,29005.2,2927.4,75.74,2851.66,10.94,1,Target Hit (3x ATR)
MAZDOCK.NS,Mazagon Dock Shipbuilders Limited,Information Technology,2025-12-22,2025-12-24,2532.3251953125,2502.6711432668058,10,25323.25,25026.71,-296.54,70.73,-367.27,-1.45,2,Trailing Stop Hit (20 EMA)
GABRIEL.NS,Gabriel India Limited,Automobile & Auto Components,2025-12-18,2025-12-26,1085.15478515625,1028.213219101272,24,26043.71,24677.12,-1366.59,71.21,-1437.8,-5.52,8,Trailing Stop Hit (20 EMA)
BLS.NS,BLS International Services Limited,Consumer Goods & Retail,2025-12-19,2025-12-26,322.9801330566406,319.1017137836874,81,26161.39,25847.24,-314.15,72.58,-386.73,-1.48,7,Trailing Stop Hit (20 EMA)
DIVISLAB.NS,Divi's Laboratories Limited,Healthcare & Pharmaceuticals,2025-12-19,2025-12-26,6451.89453125,6404.242638137337,4,25807.58,25616.97,-190.61,71.92,-262.53,-1.02,7,Trailing Stop Hit (20 EMA)
ACE.NS,Action Construction Equipment Limited,Information Technology,2025-12-23,2025-12-26,971.9647827148438,958.8389071792428,27,26243.05,25888.65,-354.4,72.72,-427.12,-1.63,3,Trailing Stop Hit (20 EMA)
NATCOPHARM.NS,Natco Pharma Limited,Healthcare & Pharmaceuticals,2025-12-11,2025-12-29,914.4449462890625,901.8476073189174,29,26518.9,26153.58,-365.32,73.33,-438.65,-1.65,18,Trailing Stop Hit (20 EMA)
ITI.NS,ITI Limited,Information Technology,2025-12-19,2025-12-29,313.79998779296875,308.26403188814646,83,26045.4,25585.91,-459.49,72.17,-531.66,-2.04,10,Trailing Stop Hit (20 EMA)
JUBLINGREA.NS,Jubilant Ingrevia Limited,Chemicals & Fertilisers,2025-12-19,2025-12-30,704.8515014648438,696.0307401956081,37,26079.51,25753.14,-326.37,72.36,-398.73,-1.53,11,Trailing Stop Hit (20 EMA)
CASTROLIND.NS,Castrol India Limited,"Energy, Power & Utilities",2025-12-24,2025-12-31,178.13458251953125,176.78941957961308,148,26363.92,26164.83,-199.09,73.14,-272.23,-1.03,7,Trailing Stop Hit (20 EMA)
ASAHIINDIA.NS,Asahi India Glass Limited,Automobile & Auto Components,2025-12-30,2026-01-01,1037.5999755859375,1001.1214321960124,25,25940.0,25028.04,-911.96,71.46,-983.42,-3.79,2,Trailing Stop Hit (20 EMA)
TATACOMM.NS,Tata Communications Limited,Information Technology,2025-12-30,2026-01-01,1795.3741455078125,1795.4445374267586,14,25135.24,25136.22,0.98,70.64,-69.66,-0.28,2,Trailing Stop Hit (20 EMA)
BELRISE.NS,Belrise Industries Limited,Automobile & Auto Components,2025-12-23,2026-01-02,168.22999572753906,187.81,157,26412.11,29486.17,3074.06,76.64,2997.42,11.35,10,Target Hit (3x ATR)
INDIANB.NS,Indian Bank,Banking & Financial Services,2025-12-30,2026-01-05,792.1256103515625,847.48,33,26140.15,27966.84,1826.69,74.75,1751.94,6.7,6,Target Hit (3x ATR)
GICRE.NS,General Insurance Corporation of India,Banking & Financial Services,2025-12-30,2026-01-05,370.0989990234375,362.7268599291492,71,26277.03,25753.61,-523.42,72.61,-596.03,-2.27,6,Trailing Stop Hit (20 EMA)
BANKINDIA.NS,Bank of India,Banking & Financial Services,2025-12-30,2026-01-05,137.51783752441406,146.28,192,26403.42,28085.76,1682.34,75.17,1607.17,6.09,6,Target Hit (3x ATR)
ARE&M.NS,Amara Raja Energy & Mobility Limited,Automobile & Auto Components,2026-01-01,2026-01-05,922.27294921875,921.4998304228901,28,25823.64,25802.0,-21.64,72.12,-93.76,-0.36,4,Trailing Stop Hit (20 EMA)
LTF.NS,L&T Finance Limited,Banking & Financial Services,2025-12-30,2026-01-06,302.33721923828125,323.73,87,26303.34,28164.51,1861.17,75.15,1786.02,6.79,7,Target Hit (3x ATR)
MUTHOOTFIN.NS,Muthoot Finance Limited,Banking & Financial Services,2025-12-30,2026-01-08,3767.246337890625,3785.740203386683,7,26370.72,26500.18,129.46,73.51,55.95,0.21,9,Trailing Stop Hit (20 EMA)
MINDACORP.NS,Minda Corporation Limited,Automobile & Auto Components,2026-01-02,2026-01-08,601.2132568359375,588.4331942114848,44,26453.38,25891.06,-562.32,72.97,-635.29,-2.4,6,Trailing Stop Hit (20 EMA)
MFSL.NS,Max Financial Services Limited,Banking & Financial Services,2026-01-05,2026-01-08,1703.699951171875,1687.3404596883322,15,25555.5,25310.11,-245.39,71.3,-316.69,-1.24,3,Trailing Stop Hit (20 EMA)
ATUL.NS,Atul Limited,Chemicals & Fertilisers,2025-12-19,2026-01-09,5977.52490234375,6027.048226050514,4,23910.1,24108.19,198.09,68.09,130.0,0.54,21,Trailing Stop Hit (20 EMA)
WOCKPHARMA.NS,Wockhardt Limited,Healthcare & Pharmaceuticals,2025-12-31,2026-01-09,1446.199951171875,1421.2600921314452,18,26031.6,25582.68,-448.92,72.13,-521.05,-2.0,9,Trailing Stop Hit (20 EMA)
JKCEMENT.NS,JK Cement Limited,"Construction, Materials & Infra",2026-01-05,2026-01-09,5739.63720703125,5665.503772536809,4,22958.55,22662.02,-296.53,65.45,-361.98,-1.58,4,Trailing Stop Hit (20 EMA)
DMART.NS,Avenue Supermarts Limited,Consumer Goods & Retail,2026-01-07,2026-01-09,3841.60009765625,3794.0,7,26891.2,26558.0,-333.2,74.18,-407.38,-1.51,2,Trailing Stop Hit (20 EMA)
DIVISLAB.NS,Divi's Laboratories Limited,Healthcare & Pharmaceuticals,2026-01-06,2026-01-12,6615.220703125,6450.364268401991,4,26460.88,25801.46,-659.42,72.89,-732.31,-2.77,6,Trailing Stop Hit (20 EMA)
PVRINOX.NS,PVR INOX Limited,Diversified & Others,2026-01-13,2026-01-16,1042.699951171875,1015.0,25,26067.5,25375.0,-692.5,71.97,-764.47,-2.93,3,Trailing Stop Hit (20 EMA)
LICHSGFIN.NS,LIC Housing Finance Limited,Banking & Financial Services,2026-01-14,2026-01-19,524.714599609375,520.5482389194531,50,26235.73,26027.41,-208.32,72.86,-281.18,-1.07,5,Trailing Stop Hit (20 EMA)
LAURUSLABS.NS,Laurus Labs Limited,Healthcare & Pharmaceuticals,2026-01-14,2026-01-19,1089.4154052734375,1065.938716151533,24,26145.97,25582.53,-563.44,72.29,-635.73,-2.43,5,Trailing Stop Hit (20 EMA)
IPCALAB.NS,IPCA Laboratories Limited,Healthcare & Pharmaceuticals,2026-01-06,2026-01-20,1464.515380859375,1469.8967541851796,18,26361.28,26458.14,96.86,73.45,23.41,0.09,14,Trailing Stop Hit (20 EMA)
JWL.NS,Jupiter Wagons Limited,Information Technology,2026-01-14,2026-01-20,331.1499938964844,313.83663725251773,80,26492.0,25106.93,-1385.07,72.21,-1457.28,-5.5,6,Trailing Stop Hit (20 EMA)
GRAPHITE.NS,Graphite India Limited,Information Technology,2026-01-14,2026-01-20,626.0276489257812,612.4477105145342,42,26293.16,25722.8,-570.36,72.59,-642.95,-2.45,6,Trailing Stop Hit (20 EMA)
SBFC.NS,SBFC Finance Limited,Banking & Financial Services,2026-01-16,2026-01-20,107.01000213623047,103.85033206009449,247,26431.47,25651.03,-780.44,72.69,-853.13,-3.23,4,Trailing Stop Hit (20 EMA)
AUBANK.NS,AU Small Finance Bank Limited,Banking & Financial Services,2026-01-16,2026-01-20,1024.4051513671875,991.6632036597173,25,25610.13,24791.58,-818.55,70.82,-889.37,-3.47,4,Trailing Stop Hit (20 EMA)
SAGILITY.NS,SAGILITY LIMITED,Information Technology,2026-01-16,2026-01-20,53.28794860839844,51.61247261052887,496,26430.82,25599.79,-831.03,72.63,-903.66,-3.42,4,Trailing Stop Hit (20 EMA)
OFSS.NS,Oracle Financial Services Software Limited,Information Technology,2026-01-16,2026-01-21,7737.82080078125,7534.156032250806,3,23213.46,22602.47,-610.99,65.69,-676.68,-2.92,5,Trailing Stop Hit (20 EMA)
CREDITACC.NS,CREDITACCESS GRAMEEN LIMITED,Banking & Financial Services,2026-01-21,2026-01-27,1355.199951171875,1319.9167548126711,19,25748.8,25078.42,-670.38,71.28,-741.66,-2.88,6,Trailing Stop Hit (20 EMA)
J&KBANK.NS,The Jammu & Kashmir Bank Limited,Banking & Financial Services,2026-01-21,2026-01-27,102.94999694824219,102.41182601068834,252,25943.4,25807.78,-135.62,72.27,-207.89,-0.8,6,Trailing Stop Hit (20 EMA)
SONACOMS.NS,Sona BLW Precision Forgings Limited,Automobile & Auto Components,2026-01-22,2026-01-27,466.2257080078125,461.5445540981793,56,26108.64,25846.5,-262.14,72.53,-334.67,-1.28,5,Trailing Stop Hit (20 EMA)
OFSS.NS,Oracle Financial Services Software Limited,Information Technology,2026-01-22,2026-01-29,7677.0615234375,7606.991802258552,3,23031.18,22820.98,-210.2,65.71,-275.91,-1.2,7,Trailing Stop Hit (20 EMA)
KPRMILL.NS,K.P.R. Mill Limited,Diversified & Others,2026-01-27,2026-01-29,895.9242553710938,877.7359125578502,29,25981.8,25454.34,-527.46,71.95,-599.41,-2.31,2,Trailing Stop Hit (20 EMA)
WELSPUNLIV.NS,Welspun Living Limited,Diversified & Others,2026-01-27,2026-01-29,125.89435577392578,124.98395450482013,206,25934.24,25746.69,-187.55,72.19,-259.74,-1.0,2,Trailing Stop Hit (20 EMA)
SAGILITY.NS,SAGILITY LIMITED,Information Technology,2026-01-27,2026-01-29,52.060760498046875,51.681543758477176,500,26030.38,25840.77,-189.61,72.4,-262.01,-1.01,2,Trailing Stop Hit (20 EMA)
ABB.NS,ABB India Limited,Information Technology,2026-01-28,2026-01-29,4964.51220703125,5347.68,5,24822.56,26738.4,1915.84,71.9,1843.94,7.43,1,Target Hit (3x ATR)
GICRE.NS,General Insurance Corporation of India,Banking & Financial Services,2026-01-27,2026-01-30,359.2193908691406,356.2347289000869,72,25863.8,25648.9,-214.9,72.01,-286.91,-1.11,3,Trailing Stop Hit (20 EMA)
JSL.NS,Jindal Stainless Limited,Metals & Mining,2026-01-27,2026-01-30,805.6701049804688,789.5406526969696,32,25781.44,25265.3,-516.14,71.53,-587.67,-2.28,3,Trailing Stop Hit (20 EMA)
ENRIN.NS,Siemens Energy India Limited,Information Technology,2026-01-29,2026-02-02,2477.5,2406.676065595676,10,24775.0,24066.76,-708.24,69.08,-777.32,-3.14,4,Trailing Stop Hit (20 EMA)
FEDERALBNK.NS,The Federal Bank  Limited,Banking & Financial Services,2026-01-16,2026-02-03,269.3298645019531,292.9990140310311,98,26394.33,28713.9,2319.57,75.81,2243.76,8.5,18,Target Hit (3x ATR)
SONACOMS.NS,Sona BLW Precision Forgings Limited,Automobile & Auto Components,2026-01-27,2026-02-03,484.81109619140625,547.8576641807896,53,25694.99,29036.46,3341.47,75.31,3266.16,12.71,7,Target Hit (3x ATR)
AXISBANK.NS,Axis Bank Limited,Banking & Financial Services,2026-01-27,2026-02-03,1314.7860107421875,1401.9187671636068,19,24980.93,26636.46,1655.53,71.99,1583.54,6.34,7,Target Hit (3x ATR)
ECLERX.NS,eClerx Services Limited,Services & Logistics,2026-01-29,2026-02-04,2340.002685546875,2298.042202455404,11,25740.03,25278.46,-461.57,71.48,-533.05,-2.07,6,Trailing Stop Hit (20 EMA)
GLAXO.NS,GlaxoSmithKline Pharmaceuticals Limited,Healthcare & Pharmaceuticals,2026-01-30,2026-02-04,2341.983642578125,2335.358154048332,11,25761.82,25688.94,-72.88,71.93,-144.81,-0.56,5,Trailing Stop Hit (20 EMA)
ANANTRAJ.NS,Anant Raj Limited,"Construction, Materials & Infra",2026-02-02,2026-02-06,557.2843017578125,536.9060165823412,46,25635.08,24697.68,-937.4,70.76,-1008.16,-3.93,4,Trailing Stop Hit (20 EMA)
ABLBL.NS,Aditya Birla Lifestyle Brands Limited,Consumer Goods & Retail,2026-02-03,2026-02-06,112.40312957763672,111.87628790502623,236,26527.14,26402.8,-124.34,73.59,-197.93,-0.75,3,Trailing Stop Hit (20 EMA)
GABRIEL.NS,Gabriel India Limited,Automobile & Auto Components,2026-02-04,2026-02-06,966.8994750976562,939.9287687579335,27,26106.29,25378.08,-728.21,72.04,-800.25,-3.07,2,Trailing Stop Hit (20 EMA)
BLS.NS,BLS International Services Limited,Consumer Goods & Retail,2026-02-04,2026-02-09,287.2865295410156,282.8800600356017,92,26430.36,26024.97,-405.39,73.06,-478.45,-1.81,5,Trailing Stop Hit (20 EMA)
KPRMILL.NS,K.P.R. Mill Limited,Diversified & Others,2026-02-03,2026-02-11,984.0340576171875,918.1185503361096,26,25584.89,23871.08,-1713.81,69.83,-1783.64,-6.97,8,Trailing Stop Hit (20 EMA)
JAINREC.NS,Jain Resource Recycling Limited,Metals & Mining,2026-02-09,2026-02-11,401.79998779296875,399.1008843921661,65,26117.0,25941.56,-175.44,72.63,-248.07,-0.95,2,Trailing Stop Hit (20 EMA)
SUMICHEM.NS,Sumitomo Chemical India Limited,Chemicals & Fertilisers,2026-02-09,2026-02-11,420.93524169921875,419.5385981496605,62,26097.98,26011.39,-86.59,72.67,-159.26,-0.61,2,Trailing Stop Hit (20 EMA)
ADANIPOWER.NS,Adani Power Limited,"Energy, Power & Utilities",2026-02-03,2026-02-13,143.6199951171875,145.3903804509023,184,26426.08,26751.83,325.75,73.82,251.93,0.95,10,Trailing Stop Hit (20 EMA)
KALYANKJIL.NS,Kalyan Jewellers India Limited,Consumer Goods & Retail,2026-02-09,2026-02-13,437.3500061035156,416.0505948810974,60,26241.0,24963.04,-1277.96,71.75,-1349.71,-5.14,4,Trailing Stop Hit (20 EMA)
JUBLINGREA.NS,Jubilant Ingrevia Limited,Chemicals & Fertilisers,2026-02-09,2026-02-13,658.6325073242188,652.97132408779,40,26345.3,26118.85,-226.45,73.09,-299.54,-1.14,4,Trailing Stop Hit (20 EMA)
JYOTICNC.NS,Jyoti CNC Automation Limited,Information Technology,2026-02-11,2026-02-13,863.0,840.0,30,25890.0,25200.0,-690.0,71.58,-761.58,-2.94,2,Trailing Stop Hit (20 EMA)
KPRMILL.NS,K.P.R. Mill Limited,Diversified & Others,2026-02-13,2026-02-17,928.4600219726562,908.0049602667198,28,25996.88,25424.14,-572.74,71.94,-644.68,-2.48,4,Trailing Stop Hit (20 EMA)
WELSPUNLIV.NS,Welspun Living Limited,Diversified & Others,2026-02-03,2026-02-20,146.52195739746094,135.91632018935206,181,26520.47,24600.85,-1919.62,71.71,-1991.33,-7.51,17,Trailing Stop Hit (20 EMA)
HEG.NS,HEG Limited,Information Technology,2026-02-18,2026-02-20,550.4885864257812,541.048922847764,47,25872.96,25429.3,-443.66,71.8,-515.46,-1.99,2,Trailing Stop Hit (20 EMA)
GALLANTT.NS,Gallantt Ispat Limited,Information Technology,2026-02-18,2026-02-23,578.4000244140625,563.1313751991695,44,25449.6,24777.78,-671.82,70.63,-742.45,-2.92,5,Trailing Stop Hit (20 EMA)
TMPV.NS,Tata Motors Passenger Vehicles Limited,Automobile & Auto Components,2026-02-02,2026-02-24,359.9143981933594,369.6747909440715,72,25913.84,26616.58,702.74,73.08,629.66,2.43,22,Trailing Stop Hit (20 EMA)
J&KBANK.NS,The Jammu & Kashmir Bank Limited,Banking & Financial Services,2026-02-23,2026-02-24,106.54000091552734,114.55,242,25782.68,27721.1,1938.42,74.06,1864.36,7.23,1,Target Hit (3x ATR)
LTFOODS.NS,LT Foods Limited,Consumer Goods & Retail,2026-02-03,2026-02-25,410.9125671386719,405.9099126038584,64,26298.4,25978.23,-320.17,72.87,-393.04,-1.49,22,Trailing Stop Hit (20 EMA)
ATUL.NS,Atul Limited,Chemicals & Fertilisers,2026-02-03,2026-02-25,6240.72705078125,6408.844257013115,4,24962.91,25635.38,672.47,70.92,601.55,2.41,22,Trailing Stop Hit (20 EMA)
NATCOPHARM.NS,Natco Pharma Limited,Healthcare & Pharmaceuticals,2026-02-16,2026-02-25,878.4671630859375,972.86,29,25475.55,28212.94,2737.39,74.22,2663.17,10.45,9,Target Hit (3x ATR)
BLS.NS,BLS International Services Limited,Consumer Goods & Retail,2026-02-23,2026-02-26,281.75,281.91817825718374,91,25639.25,25654.55,15.3,71.75,-56.45,-0.22,3,Trailing Stop Hit (20 EMA)
JSL.NS,Jindal Stainless Limited,Metals & Mining,2026-02-23,2026-02-27,791.8792724609375,780.9927646284092,32,25340.14,24991.77,-348.37,70.7,-419.07,-1.65,4,Trailing Stop Hit (20 EMA)
USHAMART.NS,Usha Martin Limited,Information Technology,2026-02-25,2026-02-27,422.5752868652344,413.91812188070253,62,26199.67,25662.92,-536.75,72.43,-609.18,-2.33,2,Trailing Stop Hit (20 EMA)
JINDALSAW.NS,Jindal Saw Limited,Information Technology,2026-02-25,2026-02-27,186.4918212890625,181.99939184671612,140,26108.85,25479.91,-628.94,72.15,-701.09,-2.69,2,Trailing Stop Hit (20 EMA)
PNB.NS,Punjab National Bank,Banking & Financial Services,2026-02-17,2026-03-02,121.29301452636719,121.5165149631945,213,25835.41,25883.02,47.61,72.23,-24.62,-0.1,13,Trailing Stop Hit (20 EMA)
TEGA.NS,Tega Industries Limited,Information Technology,2026-02-23,2026-03-02,1727.0,1750.0,14,24178.0,24500.0,322.0,68.82,253.18,1.05,7,Trailing Stop Hit (20 EMA)
BANKBARODA.NS,Bank of Baroda,Banking & Financial Services,2026-02-17,2026-03-04,293.7489929199219,296.9360475619783,88,25849.91,26130.37,280.46,72.51,207.95,0.8,15,Trailing Stop Hit (20 EMA)
VIJAYA.NS,Vijaya Diagnostic Centre Limited,Healthcare & Pharmaceuticals,2026-02-27,2026-03-04,1004.5,960.0,25,25112.5,24000.0,-1112.5,69.41,-1181.91,-4.71,5,Trailing Stop Hit (20 EMA)
JSL.NS,Jindal Stainless Limited,Metals & Mining,2026-03-02,2026-03-05,780.0787353515625,751.6977364648476,33,25742.6,24806.03,-936.57,70.99,-1007.56,-3.91,3,Trailing Stop Hit (20 EMA)
POLYMED.NS,Poly Medicure Limited,Healthcare & Pharmaceuticals,2026-03-04,2026-03-06,1395.5421142578125,1356.7002992620473,18,25119.76,24420.61,-699.15,69.87,-769.02,-3.06,2,Trailing Stop Hit (20 EMA)
LTFOODS.NS,LT Foods Limited,Consumer Goods & Retail,2026-03-05,2026-03-06,429.11883544921875,388.38,59,25318.01,22914.42,-2403.59,68.53,-2472.12,-9.76,1,Stop Loss Hit (2x ATR)
JSWINFRA.NS,JSW Infrastructure Limited,Services & Logistics,2026-03-05,2026-03-09,260.663818359375,258.09050510634074,98,25545.05,25292.87,-252.18,71.27,-323.45,-1.27,4,Trailing Stop Hit (20 EMA)
JWL.NS,Jupiter Wagons Limited,Information Technology,2026-03-06,2026-03-10,298.6000061035156,284.09655697004655,85,25381.0,24148.21,-1232.79,69.88,-1302.67,-5.13,4,Trailing Stop Hit (20 EMA)
DMART.NS,Avenue Supermarts Limited,Consumer Goods & Retail,2026-03-09,2026-03-12,3966.199951171875,3874.2652890007657,6,23797.2,23245.59,-551.61,67.07,-618.68,-2.6,3,Trailing Stop Hit (20 EMA)
ADANIENSOL.NS,Adani Energy Solutions Limited,"Energy, Power & Utilities",2026-03-10,2026-03-12,1013.5999755859375,987.0,25,25340.0,24675.0,-665.0,70.38,-735.38,-2.9,2,Trailing Stop Hit (20 EMA)
MAZDOCK.NS,Mazagon Dock Shipbuilders Limited,Information Technology,2026-03-05,2026-03-13,2348.2607421875,2362.278350735304,10,23482.61,23622.78,140.17,67.07,73.1,0.31,8,Trailing Stop Hit (20 EMA)
KPRMILL.NS,K.P.R. Mill Limited,Diversified & Others,2026-03-12,2026-03-13,907.40625,820.99,27,24499.97,22166.73,-2333.24,66.78,-2400.02,-9.8,1,Stop Loss Hit (2x ATR)
CGPOWER.NS,CG Power and Industrial Solutions Limited,Information Technology,2026-03-10,2026-03-16,728.2000122070312,704.0013963130158,34,24758.8,23936.05,-822.75,68.92,-891.67,-3.6,6,Trailing Stop Hit (20 EMA)
ITI.NS,ITI Limited,Information Technology,2026-03-16,2026-03-18,277.1499938964844,267.5198183154098,90,24943.5,24076.78,-866.72,69.28,-936.0,-3.75,2,Trailing Stop Hit (20 EMA)
PIRAMALFIN.NS,Piramal Finance Limited,Banking & Financial Services,2026-03-16,2026-03-18,1780.1024169921875,1751.0672197893193,14,24921.43,24514.94,-406.49,69.71,-476.2,-1.91,2,Trailing Stop Hit (20 EMA)
MMTC.NS,MMTC Limited,Services & Logistics,2026-03-18,2026-03-20,62.66999816894531,58.37057470450542,398,24942.66,23231.49,-1711.17,68.4,-1779.57,-7.13,2,Trailing Stop Hit (20 EMA)
CASTROLIND.NS,Castrol India Limited,"Energy, Power & Utilities",2026-03-18,2026-03-20,176.08413696289062,175.37983086102008,141,24827.86,24728.56,-99.3,69.82,-169.12,-0.68,2,Trailing Stop Hit (20 EMA)
JINDALSAW.NS,Jindal Saw Limited,Information Technology,2026-03-11,2026-03-23,196.23207092285156,185.32054858788712,128,25117.71,23721.03,-1396.68,69.13,-1465.81,-5.84,12,Trailing Stop Hit (20 EMA)
ADANIPOWER.NS,Adani Power Limited,"Energy, Power & Utilities",2026-03-12,2026-03-23,149.11000061035156,146.50580995303702,169,25199.59,24759.48,-440.11,70.31,-510.42,-2.03,11,Trailing Stop Hit (20 EMA)
ZYDUSWELL.NS,Zydus Wellness Limited,Consumer Goods & Retail,2026-03-13,2026-03-23,403.44403076171875,403.870667903939,61,24610.09,24636.11,26.02,69.47,-43.45,-0.18,10,Trailing Stop Hit (20 EMA)
PIRAMALFIN.NS,Piramal Finance Limited,Banking & Financial Services,2026-03-18,2026-03-23,1798.59765625,1774.5400563113662,13,23381.77,23069.02,-312.75,66.39,-379.14,-1.62,5,Trailing Stop Hit (20 EMA)
ITI.NS,ITI Limited,Information Technology,2026-03-19,2026-03-23,274.54998779296875,266.0,90,24709.5,23940.0,-769.5,68.86,-838.36,-3.39,4,Trailing Stop Hit (20 EMA)
FIRSTCRY.NS,Brainbees Solutions Limited,Consumer Goods & Retail,2026-03-20,2026-03-23,250.8699951171875,227.02,98,24585.26,22247.96,-2337.3,66.97,-2404.27,-9.78,3,Stop Loss Hit (2x ATR)
BLS.NS,BLS International Services Limited,Consumer Goods & Retail,2026-03-24,2026-03-27,259.3999938964844,254.11359885336387,93,24124.2,23632.56,-491.64,67.84,-559.48,-2.32,3,Trailing Stop Hit (20 EMA)
BELRISE.NS,Belrise Industries Limited,Automobile & Auto Components,2026-03-20,2026-03-30,189.0,186.21727959465017,130,24570.0,24208.25,-361.75,68.98,-430.73,-1.75,10,Trailing Stop Hit (20 EMA)
KALYANKJIL.NS,Kalyan Jewellers India Limited,Consumer Goods & Retail,2026-03-25,2026-03-30,391.8500061035156,385.25,62,24294.7,23885.5,-409.2,68.3,-477.5,-1.97,5,Trailing Stop Hit (20 EMA)
SAGILITY.NS,SAGILITY LIMITED,Information Technology,2026-03-25,2026-03-30,39.79884338378906,39.86326594397952,611,24317.09,24356.46,39.37,68.82,-29.45,-0.12,5,Trailing Stop Hit (20 EMA)
JKCEMENT.NS,JK Cement Limited,"Construction, Materials & Infra",2026-03-25,2026-03-30,5242.4873046875,4981.459249661663,4,20969.95,19925.84,-1044.11,60.28,-1104.39,-5.27,5,Trailing Stop Hit (20 EMA)
FLUOROCHEM.NS,Gujarat Fluorochemicals Limited,Chemicals & Fertilisers,2026-03-25,2026-03-30,3256.60009765625,3054.699951171875,7,22796.2,21382.9,-1413.3,63.96,-1477.26,-6.48,5,Trailing Stop Hit (20 EMA)
DMART.NS,Avenue Supermarts Limited,Consumer Goods & Retail,2026-03-25,2026-04-01,3910.800048828125,4255.15,6,23464.8,25530.9,2066.1,69.04,1997.06,8.51,7,Target Hit (3x ATR)
SAMMAANCAP.NS,Sammaan Capital Limited,Banking & Financial Services,2026-03-25,2026-04-02,146.8800048828125,143.59585119140155,165,24235.2,23693.32,-541.88,68.04,-609.92,-2.52,8,Trailing Stop Hit (20 EMA)
GRAPHITE.NS,Graphite India Limited,Information Technology,2026-03-27,2026-04-02,633.2483520507812,620.8243562817532,38,24063.44,23591.33,-472.11,67.72,-539.83,-2.24,6,Trailing Stop Hit (20 EMA)
FIVESTAR.NS,Five-Star Business Finance Limited,Banking & Financial Services,2026-04-07,2026-04-10,372.8466796875,427.38,64,23862.19,27352.32,3490.13,71.39,3418.74,14.33,3,Target Hit (3x ATR)
CUB.NS,City Union Bank Limited,Banking & Financial Services,2026-04-06,2026-04-13,185.6928253173828,186.4672528021929,129,23954.37,24054.28,99.91,68.06,31.85,0.13,7,Trailing Stop Hit (20 EMA)
JWL.NS,Jupiter Wagons Limited,Information Technology,2026-04-07,2026-04-13,266.3500061035156,261.20001220703125,89,23705.15,23246.8,-458.35,66.96,-525.31,-2.22,6,Trailing Stop Hit (20 EMA)
OFSS.NS,Oracle Financial Services Software Limited,Information Technology,2026-03-27,2026-04-16,6753.52001953125,7436.940850151909,3,20260.56,22310.82,2050.26,61.89,1988.37,9.81,20,Target Hit (3x ATR)
GICRE.NS,General Insurance Corporation of India,Banking & Financial Services,2026-04-01,2026-04-16,365.958984375,400.56,65,23787.33,26036.4,2249.07,69.95,2179.12,9.16,15,Target Hit (3x ATR)
VIJAYA.NS,Vijaya Diagnostic Centre Limited,Healthcare & Pharmaceuticals,2026-04-07,2026-04-17,928.8499755859375,1029.0,25,23221.25,25725.0,2503.75,68.95,2434.8,10.49,10,Target Hit (3x ATR)
HEG.NS,HEG Limited,Information Technology,2026-03-27,2026-04-20,569.08349609375,649.09,42,23901.51,27261.78,3360.27,71.35,3288.92,13.76,24,Target Hit (3x ATR)
ENDURANCE.NS,Endurance Technologies Limited,Automobile & Auto Components,2026-04-08,2026-04-20,2349.42578125,2345.8300721971746,10,23494.26,23458.3,-35.96,66.92,-102.88,-0.44,12,Trailing Stop Hit (20 EMA)
TRENT.NS,Trent Limited,Consumer Goods & Retail,2026-04-06,2026-04-21,2551.96240234375,2857.44,9,22967.66,25716.96,2749.3,68.65,2680.65,11.67,15,Target Hit (3x ATR)
ECLERX.NS,eClerx Services Limited,Services & Logistics,2026-04-15,2026-04-22,1488.27490234375,1535.9421146155296,16,23812.4,24575.07,762.67,68.46,694.21,2.92,7,Trailing Stop Hit (20 EMA)
JYOTICNC.NS,Jyoti CNC Automation Limited,Information Technology,2026-04-21,2026-04-23,759.0499877929688,753.9063027240812,33,25048.65,24878.91,-169.74,70.25,-239.99,-0.96,2,Trailing Stop Hit (20 EMA)
JSWINFRA.NS,JSW Infrastructure Limited,Services & Logistics,2026-04-08,2026-04-27,254.15345764160156,284.39,95,24144.58,27017.05,2872.47,71.38,2801.09,11.6,19,Target Hit (3x ATR)
MINDACORP.NS,Minda Corporation Limited,Automobile & Auto Components,2026-04-17,2026-04-27,532.201416015625,524.0648270296351,47,25013.47,24631.05,-382.42,69.94,-452.36,-1.81,10,Trailing Stop Hit (20 EMA)
ERIS.NS,Eris Lifesciences Limited,Healthcare & Pharmaceuticals,2026-04-23,2026-04-27,1388.250244140625,1345.778243478064,18,24988.5,24224.01,-764.49,69.48,-833.97,-3.34,4,Trailing Stop Hit (20 EMA)
PIRAMALFIN.NS,Piramal Finance Limited,Banking & Financial Services,2026-04-22,2026-04-28,1828.1300048828125,2048.77,14,25593.82,28682.78,3088.96,74.83,3014.13,11.78,6,Target Hit (3x ATR)
ANANTRAJ.NS,Anant Raj Limited,"Construction, Materials & Infra",2026-04-27,2026-04-29,500.07830810546875,488.6607752409951,51,25503.99,24921.7,-582.29,70.83,-653.12,-2.56,2,Trailing Stop Hit (20 EMA)
VOLTAS.NS,Voltas Limited,Consumer Goods & Retail,2026-04-13,2026-04-30,1357.3359375,1416.1975084050907,18,24432.05,25491.56,1059.51,70.15,989.36,4.05,17,Trailing Stop Hit (20 EMA)
PGEL.NS,PG Electroplast Limited,Consumer Goods & Retail,2026-04-15,2026-04-30,537.9000244140625,537.3897600042394,46,24743.4,24719.93,-23.47,69.7,-93.17,-0.38,15,Trailing Stop Hit (20 EMA)
FEDERALBNK.NS,The Federal Bank  Limited,Banking & Financial Services,2026-04-30,2026-05-05,285.9730224609375,285.8757376572341,89,25451.6,25442.94,-8.66,71.32,-79.98,-0.31,5,Trailing Stop Hit (20 EMA)
SUMICHEM.NS,Sumitomo Chemical India Limited,Chemicals & Fertilisers,2026-05-04,2026-05-06,447.9201965332031,495.83,57,25531.45,28262.31,2730.86,74.33,2656.53,10.4,2,Target Hit (3x ATR)
ENDURANCE.NS,Endurance Technologies Limited,Automobile & Auto Components,2026-05-04,2026-05-06,2356.29736328125,2343.846918232657,10,23562.97,23438.47,-124.5,66.98,-191.48,-0.81,2,Trailing Stop Hit (20 EMA)
JAINREC.NS,Jain Resource Recycling Limited,Metals & Mining,2026-04-28,2026-05-07,447.5,498.01,57,25507.5,28386.57,2879.07,74.44,2804.63,11.0,9,Target Hit (3x ATR)
ABLBL.NS,Aditya Birla Lifestyle Brands Limited,Consumer Goods & Retail,2026-05-05,2026-05-07,104.23649597167969,114.13,246,25642.18,28075.98,2433.8,74.26,2359.54,9.2,2,Target Hit (3x ATR)
JSWDULUX.NS,JSW Dulux Limited,Consumer Goods & Retail,2026-05-05,2026-05-07,2931.040771484375,2911.736282146614,8,23448.33,23293.89,-154.44,66.7,-221.14,-0.94,2,Trailing Stop Hit (20 EMA)
ACE.NS,Action Construction Equipment Limited,Information Technology,2026-05-07,2026-05-08,903.8898315429688,855.78,28,25308.92,23961.84,-1347.08,69.6,-1416.68,-5.6,1,Stop Loss Hit (2x ATR)
SAMMAANCAP.NS,Sammaan Capital Limited,Banking & Financial Services,2026-05-06,2026-05-11,149.77999877929688,147.28935848452136,172,25762.16,25333.77,-428.39,71.56,-499.95,-1.94,5,Trailing Stop Hit (20 EMA)
KALYANKJIL.NS,Kalyan Jewellers India Limited,Consumer Goods & Retail,2026-05-08,2026-05-11,424.54998779296875,399.03,62,26322.1,24739.86,-1582.24,71.61,-1653.85,-6.28,3,Stop Loss Hit (2x ATR)
SBFC.NS,SBFC Finance Limited,Banking & Financial Services,2026-05-06,2026-05-12,94.98999786376953,94.45127036903185,272,25837.28,25690.75,-146.53,72.03,-218.56,-0.85,6,Trailing Stop Hit (20 EMA)
ECLERX.NS,eClerx Services Limited,Services & Logistics,2026-05-06,2026-05-13,1580.6236572265625,1541.1133035790085,16,25289.98,24657.81,-632.17,70.3,-702.47,-2.78,7,Trailing Stop Hit (20 EMA)
SAGILITY.NS,SAGILITY LIMITED,Information Technology,2026-05-07,2026-05-13,42.71217346191406,42.280825168730615,612,26139.85,25875.87,-263.98,72.59,-336.57,-1.29,6,Trailing Stop Hit (20 EMA)
JSWDULUX.NS,JSW Dulux Limited,Consumer Goods & Retail,2026-05-11,2026-05-13,2998.490234375,2903.76566232086,8,23987.92,23230.13,-757.79,67.27,-825.06,-3.44,2,Trailing Stop Hit (20 EMA)
COFORGE.NS,Coforge Limited,Information Technology,2026-05-06,2026-05-14,1274.4990234375,1253.0440553069052,20,25489.98,25060.88,-429.1,70.96,-500.06,-1.96,8,Trailing Stop Hit (20 EMA)
ENDURANCE.NS,Endurance Technologies Limited,Automobile & Auto Components,2026-05-07,2026-05-15,2525.79931640625,2442.736217248596,10,25257.99,24427.36,-830.63,70.04,-900.67,-3.57,8,Trailing Stop Hit (20 EMA)
SONACOMS.NS,Sona BLW Precision Forgings Limited,Automobile & Auto Components,2026-05-11,2026-05-15,591.829833984375,577.4564390151439,44,26040.51,25408.08,-632.43,71.97,-704.4,-2.71,4,Trailing Stop Hit (20 EMA)
MUTHOOTFIN.NS,Muthoot Finance Limited,Banking & Financial Services,2026-05-13,2026-05-15,3506.39990234375,3476.3502275372884,7,24544.8,24334.45,-210.35,69.06,-279.41,-1.14,2,Trailing Stop Hit (20 EMA)
TATACOMM.NS,Tata Communications Limited,Information Technology,2026-05-14,2026-05-21,1641.17626953125,1796.29,15,24617.64,26944.35,2326.71,71.87,2254.84,9.16,7,Target Hit (3x ATR)
ECLERX.NS,eClerx Services Limited,Services & Logistics,2026-05-19,2026-05-21,1552.9390869140625,1528.3562990527914,16,24847.03,24453.7,-393.33,69.57,-462.9,-1.86,2,Trailing Stop Hit (20 EMA)
DOMS.NS,DOMS Industries Limited,Consumer Goods & Retail,2026-05-19,2026-05-21,2325.841796875,2291.1994289067134,11,25584.26,25203.19,-381.07,71.22,-452.29,-1.77,2,Trailing Stop Hit (20 EMA)
ERIS.NS,Eris Lifesciences Limited,Healthcare & Pharmaceuticals,2026-05-20,2026-05-22,1450.4166259765625,1362.9746291396573,17,24657.08,23170.57,-1486.51,68.01,-1554.52,-6.3,2,Trailing Stop Hit (20 EMA)
JSWCEMENT.NS,JSW Cement Limited,"Construction, Materials & Infra",2026-05-21,2026-05-22,126.9888687133789,137.57,202,25651.75,27789.14,2137.39,73.98,2063.41,8.04,1,Target Hit (3x ATR)
IPCALAB.NS,IPCA Laboratories Limited,Healthcare & Pharmaceuticals,2026-05-14,2026-05-25,1578.4200439453125,1570.3753522666127,16,25254.72,25126.01,-128.71,70.76,-199.47,-0.79,11,Trailing Stop Hit (20 EMA)
MINDACORP.NS,Minda Corporation Limited,Automobile & Auto Components,2026-05-21,2026-05-25,536.246826171875,589.93,47,25203.6,27726.71,2523.11,73.38,2449.73,9.72,4,Target Hit (3x ATR)
POLYMED.NS,Poly Medicure Limited,Healthcare & Pharmaceuticals,2026-05-21,2026-05-25,1547.4310302734375,1527.8658365542735,16,24758.9,24445.85,-313.05,69.46,-382.51,-1.54,4,Trailing Stop Hit (20 EMA)
TMPV.NS,Tata Motors Passenger Vehicles Limited,Automobile & Auto Components,2026-05-15,2026-05-27,353.61663818359375,385.63,72,25460.4,27765.36,2304.96,73.73,2231.23,8.76,12,Target Hit (3x ATR)
ASAHIINDIA.NS,Asahi India Glass Limited,Automobile & Auto Components,2026-05-19,2026-05-27,837.75,918.21,30,25132.5,27546.3,2413.8,73.12,2340.68,9.31,8,Target Hit (3x ATR)
SAMMAANCAP.NS,Sammaan Capital Limited,Banking & Financial Services,2026-05-21,2026-05-27,154.25999450683594,172.01,166,25607.16,28553.66,2946.5,74.72,2871.78,11.21,6,Target Hit (3x ATR)
ENRIN.NS,Siemens Energy India Limited,Information Technology,2026-05-20,2026-05-29,3459.60009765625,3834.02,7,24217.2,26838.14,2620.94,71.29,2549.65,10.53,9,Target Hit (3x ATR)
JSWINFRA.NS,JSW Infrastructure Limited,Services & Logistics,2026-05-22,2026-05-29,273.7742919921875,271.9537083275853,95,26008.56,25835.6,-172.96,72.38,-245.34,-0.94,7,Trailing Stop Hit (20 EMA)
BANKBARODA.NS,Bank of Baroda,Banking & Financial Services,2026-05-22,2026-06-01,257.0848388671875,259.201035323781,101,25965.57,26179.3,213.73,72.69,141.04,0.54,10,Trailing Stop Hit (20 EMA)
JWL.NS,Jupiter Wagons Limited,Information Technology,2026-05-25,2026-06-01,296.29998779296875,279.0,88,26074.4,24552.0,-1522.4,71.11,-1593.51,-6.11,7,Trailing Stop Hit (20 EMA)
ARE&M.NS,Amara Raja Energy & Mobility Limited,Automobile & Auto Components,2026-05-25,2026-06-02,878.1375122070312,854.5708490099809,29,25465.99,24782.55,-683.44,70.65,-754.09,-2.96,8,Trailing Stop Hit (20 EMA)
ADANIPOWER.NS,Adani Power Limited,"Energy, Power & Utilities",2026-05-25,2026-06-02,233.3800048828125,227.60733780739417,112,26138.56,25492.02,-646.54,72.19,-718.73,-2.75,8,Trailing Stop Hit (20 EMA)
INDIANB.NS,Indian Bank,Banking & Financial Services,2026-05-29,2026-06-02,815.625,794.9161306422104,32,26100.0,25437.32,-662.68,72.09,-734.77,-2.82,4,Trailing Stop Hit (20 EMA)
CLEAN.NS,Clean Science and Technology Limited,Chemicals & Fertilisers,2026-05-29,2026-06-02,793.760009765625,775.3625011052652,33,26194.08,25586.96,-607.12,72.35,-679.47,-2.59,4,Trailing Stop Hit (20 EMA)
SBFC.NS,SBFC Finance Limited,Banking & Financial Services,2026-05-29,2026-06-02,94.30000305175781,91.11000061035156,283,26686.9,25784.13,-902.77,73.13,-975.9,-3.66,4,Trailing Stop Hit (20 EMA)
SUMICHEM.NS,Sumitomo Chemical India Limited,Chemicals & Fertilisers,2026-05-19,2026-06-03,467.7723083496094,472.1957121420086,54,25259.7,25498.57,238.87,71.15,167.72,0.66,15,Trailing Stop Hit (20 EMA)
SBFC.NS,SBFC Finance Limited,Banking & Financial Services,2026-06-03,2026-06-08,92.87000274658203,92.11000061035156,281,26096.47,25882.91,-213.56,72.54,-286.1,-1.1,5,Trailing Stop Hit (20 EMA)
VOLTAS.NS,Voltas Limited,Consumer Goods & Retail,2026-06-04,2026-06-08,1282.47119140625,1275.9915176338138,20,25649.42,25519.83,-129.59,71.63,-201.22,-0.78,4,Trailing Stop Hit (20 EMA)
PGEL.NS,PG Electroplast Limited,Consumer Goods & Retail,2026-06-04,2026-06-08,492.8999938964844,476.1000061035156,53,26123.7,25233.3,-890.4,71.9,-962.3,-3.68,4,Trailing Stop Hit (20 EMA)
TEGA.NS,Tega Industries Limited,Information Technology,2026-05-29,2026-06-11,1766.0,1716.199951171875,15,26490.0,25743.0,-747.0,72.85,-819.85,-3.09,13,Trailing Stop Hit (20 EMA)
MOTILALOFS.NS,Motilal Oswal Financial Services Limited,Banking & Financial Services,2026-06-09,2026-06-11,864.2999877929688,843.7999877929688,30,25929.0,25314.0,-615.0,71.74,-686.74,-2.65,2,Trailing Stop Hit (20 EMA)
DIVISLAB.NS,Divi's Laboratories Limited,Healthcare & Pharmaceuticals,2026-06-09,2026-06-11,6725.26708984375,6607.751668982069,3,20175.8,19823.26,-352.54,59.23,-411.77,-2.04,2,Trailing Stop Hit (20 EMA)
JSWINFRA.NS,JSW Infrastructure Limited,Services & Logistics,2026-06-09,2026-06-11,281.9496154785156,273.84049341658107,92,25939.36,25193.33,-746.03,71.63,-817.66,-3.15,2,Trailing Stop Hit (20 EMA)
ACE.NS,Action Construction Equipment Limited,Information Technology,2026-06-09,2026-06-11,892.5107421875,876.19067579196,29,25882.81,25409.53,-473.28,71.78,-545.06,-2.11,2,Trailing Stop Hit (20 EMA)
MMTC.NS,MMTC Limited,Services & Logistics,2026-06-12,2026-06-16,68.05999755859375,76.87,382,25998.92,29364.34,3365.42,76.01,3289.41,12.65,4,Target Hit (3x ATR)
DOMS.NS,DOMS Industries Limited,Consumer Goods & Retail,2026-06-11,2026-06-17,2251.664794921875,2202.3468540957406,11,24768.31,24225.82,-542.49,69.24,-611.73,-2.47,6,Trailing Stop Hit (20 EMA)
GLAXO.NS,GlaxoSmithKline Pharmaceuticals Limited,Healthcare & Pharmaceuticals,2026-06-16,2026-06-18,2202.800048828125,2200.0,12,26433.6,26400.0,-33.6,73.48,-107.08,-0.41,2,Trailing Stop Hit (20 EMA)
ACE.NS,Action Construction Equipment Limited,Information Technology,2026-06-11,2026-06-19,890.3147583007812,982.15,28,24928.81,27500.2,2571.39,72.82,2498.57,10.02,8,Target Hit (3x ATR)
POLYMED.NS,Poly Medicure Limited,Healthcare & Pharmaceuticals,2026-06-11,2026-06-22,1475.877685546875,1679.72,17,25089.92,28555.24,3465.32,74.12,3391.2,13.52,11,Target Hit (3x ATR)
HOMEFIRST.NS,Home First Finance Company India Limited,Banking & Financial Services,2026-06-12,2026-06-23,1109.300048828125,1106.8637041838197,23,25513.9,25457.87,-56.03,71.41,-127.44,-0.5,11,Trailing Stop Hit (20 EMA)
CHOLAFIN.NS,Cholamandalam Investment and Finance Company Limited,Banking & Financial Services,2026-06-12,2026-06-23,1567.484375,1725.75,16,25079.75,27612.0,2532.25,73.11,2459.14,9.81,11,Target Hit (3x ATR)
PVRINOX.NS,PVR INOX Limited,Diversified & Others,2026-06-22,2026-06-24,979.1500244140625,967.7744673061418,27,26437.05,26129.91,-307.14,73.22,-380.36,-1.44,2,Trailing Stop Hit (20 EMA)
TMCV.NS,Tata Motors Limited,Information Technology,2026-06-12,2026-06-25,390.29998779296875,434.13,66,25759.8,28652.58,2892.78,75.0,2817.78,10.94,13,Target Hit (3x ATR)
FIRSTCRY.NS,Brainbees Solutions Limited,Consumer Goods & Retail,2026-06-24,2026-06-29,226.83999633789062,221.57624362992752,118,26767.12,26146.0,-621.12,73.62,-694.74,-2.6,5,Trailing Stop Hit (20 EMA)
ASAHIINDIA.NS,Asahi India Glass Limited,Automobile & Auto Components,2026-06-25,2026-06-29,898.9000244140625,844.21,29,26068.1,24482.09,-1586.01,71.04,-1657.05,-6.36,4,Stop Loss Hit (2x ATR)
CUB.NS,City Union Bank Limited,Banking & Financial Services,2026-06-09,2026-06-30,190.51515197753906,207.26,136,25910.06,28187.36,2277.3,74.71,2202.59,8.5,21,Target Hit (3x ATR)
ENDURANCE.NS,Endurance Technologies Limited,Automobile & Auto Components,2026-06-22,2026-06-30,2671.897705078125,2622.646593715244,10,26718.98,26226.47,-492.51,73.64,-566.15,-2.12,8,Trailing Stop Hit (20 EMA)
ABB.NS,ABB India Limited,Information Technology,2026-06-29,2026-07-01,7045.0625,6950.176683190361,3,21135.19,20850.53,-284.66,61.44,-346.1,-1.64,2,Trailing Stop Hit (20 EMA)
ARE&M.NS,Amara Raja Energy & Mobility Limited,Automobile & Auto Components,2026-06-30,2026-07-02,836.9343872070312,835.1948193742879,32,26781.9,26726.23,-55.67,74.23,-129.9,-0.49,2,Trailing Stop Hit (20 EMA)
MOTILALOFS.NS,Motilal Oswal Financial Services Limited,Banking & Financial Services,2026-06-12,2026-07-03,888.4500122070312,978.33,29,25765.05,28371.57,2606.52,74.72,2531.8,9.83,21,Target Hit (3x ATR)
VIJAYA.NS,Vijaya Diagnostic Centre Limited,Healthcare & Pharmaceuticals,2026-06-30,2026-07-06,1352.5999755859375,1329.9856215632185,19,25699.4,25269.73,-429.67,71.42,-501.09,-1.95,6,Trailing Stop Hit (20 EMA)
JSWDULUX.NS,JSW Dulux Limited,Consumer Goods & Retail,2026-05-29,2026-07-07,3103.455078125,3162.533672180773,8,24827.64,25300.27,472.63,70.42,402.21,1.62,39,Trailing Stop Hit (20 EMA)
SAGILITY.NS,SAGILITY LIMITED,Information Technology,2026-07-02,2026-07-07,41.15573501586914,40.19793872357283,659,27121.63,26490.44,-631.19,74.39,-705.58,-2.6,5,Trailing Stop Hit (20 EMA)
USHAMART.NS,Usha Martin Limited,Information Technology,2026-06-30,2026-07-08,493.1947326660156,489.1878302868241,54,26632.52,26416.14,-216.38,73.72,-290.1,-1.09,8,Trailing Stop Hit (20 EMA)
MAZDOCK.NS,Mazagon Dock Shipbuilders Limited,Information Technology,2026-06-30,2026-07-08,2492.10107421875,2497.0921137818145,10,24921.01,24970.92,49.91,70.18,-20.27,-0.08,8,Trailing Stop Hit (20 EMA)
HINDUNILVR.NS,Hindustan Unilever Limited,Consumer Goods & Retail,2026-07-01,2026-07-08,2182.0,2172.9246432936725,12,26184.0,26075.1,-108.9,72.84,-181.74,-0.69,7,Trailing Stop Hit (20 EMA)
PVRINOX.NS,PVR INOX Limited,Diversified & Others,2026-07-01,2026-07-08,978.1500244140625,981.3666410005427,27,26410.05,26496.9,86.85,73.55,13.3,0.05,7,Trailing Stop Hit (20 EMA)
SUMICHEM.NS,Sumitomo Chemical India Limited,Chemicals & Fertilisers,2026-07-03,2026-07-08,501.09197998046875,463.75,54,27058.97,25042.5,-2016.47,72.8,-2089.27,-7.72,5,Stop Loss Hit (2x ATR)
SBFC.NS,SBFC Finance Limited,Banking & Financial Services,2026-07-06,2026-07-08,92.48999786376953,91.72966567909208,293,27099.57,26876.79,-222.78,74.75,-297.53,-1.1,2,Trailing Stop Hit (20 EMA)
JUBLINGREA.NS,Jubilant Ingrevia Limited,Chemicals & Fertilisers,2026-07-01,2026-07-09,638.6497802734375,698.25,42,26823.29,29326.5,2503.21,76.96,2426.25,9.05,8,Target Hit (3x ATR)
J&KBANK.NS,The Jammu & Kashmir Bank Limited,Banking & Financial Services,2026-07-02,2026-07-10,164.6999969482422,180.27,164,27010.8,29564.28,2553.48,77.42,2476.06,9.17,8,Target Hit (3x ATR)
KALYANKJIL.NS,Kalyan Jewellers India Limited,Consumer Goods & Retail,2026-07-09,2026-07-13,443.0,500.25,60,26580.0,30015.0,3435.0,77.4,3357.6,12.63,4,Target Hit (3x ATR)
SBFC.NS,SBFC Finance Limited,Banking & Financial Services,2026-07-10,2026-07-14,91.95999908447266,91.74014596765639,295,27128.2,27063.34,-64.86,74.98,-139.84,-0.52,4,Trailing Stop Hit (20 EMA)
BANKINDIA.NS,Bank of India,Banking & Financial Services,2026-07-10,2026-07-14,144.89999389648438,142.53359275226444,187,27096.3,26653.78,-442.52,74.51,-517.03,-1.91,4,Trailing Stop Hit (20 EMA)
ABLBL.NS,Aditya Birla Lifestyle Brands Limited,Consumer Goods & Retail,2026-07-13,2026-07-15,98.71580505371094,96.77611604386604,277,27344.28,26806.98,-537.3,74.97,-612.27,-2.24,2,Trailing Stop Hit (20 EMA)
GALLANTT.NS,Gallantt Ispat Limited,Information Technology,2026-07-13,2026-07-15,700.9500122070312,684.2678493358711,39,27337.05,26686.45,-650.6,74.84,-725.44,-2.65,2,Trailing Stop Hit (20 EMA)
GRAPHITE.NS,Graphite India Limited,Information Technology,2026-07-13,2026-07-15,619.6970825195312,617.2736694791936,44,27266.67,27160.04,-106.63,75.25,-181.88,-0.67,2,Trailing Stop Hit (20 EMA)
INDIANB.NS,Indian Bank,Banking & Financial Services,2026-07-10,2026-07-16,870.7000122070312,824.4250974278001,31,26991.7,25557.18,-1434.52,73.26,-1507.78,-5.59,6,Trailing Stop Hit (20 EMA)
HEG.NS,HEG Limited,Information Technology,2026-07-10,2026-07-16,541.9866333007812,598.31,50,27099.33,29915.5,2816.17,77.9,2738.27,10.1,6,Target Hit (3x ATR)
ADANIPOWER.NS,Adani Power Limited,"Energy, Power & Utilities",2026-07-14,2026-07-16,226.1699981689453,222.0,119,26914.23,26418.0,-496.23,74.06,-570.29,-2.12,2,Trailing Stop Hit (20 EMA)
ABB.NS,ABB India Limited,Information Technology,2026-07-15,2026-07-16,7120.67236328125,7681.93,3,21362.02,23045.79,1683.77,63.96,1619.81,7.58,1,Target Hit (3x ATR)
LTFOODS.NS,LT Foods Limited,Consumer Goods & Retail,2026-07-15,2026-07-17,385.7231140136719,381.48328264684284,70,27000.62,26703.83,-296.79,74.45,-371.24,-1.37,2,Trailing Stop Hit (20 EMA)
BANKINDIA.NS,Bank of India,Banking & Financial Services,2026-07-15,2026-07-17,145.2100067138672,142.78832697711343,186,27009.06,26558.63,-450.43,74.32,-524.75,-1.94,2,Trailing Stop Hit (20 EMA)
JINDALSAW.NS,Jindal Saw Limited,Information Technology,2026-07-16,2026-07-21,268.04998779296875,261.66424770411055,101,27073.05,26428.09,-644.96,74.25,-719.21,-2.66,5,Trailing Stop Hit (20 EMA)
MOTILALOFS.NS,Motilal Oswal Financial Services Limited,Banking & Financial Services,2026-07-10,2026-07-22,979.3499755859375,952.1821817841586,27,26442.45,25708.92,-733.53,72.77,-806.3,-3.05,12,Trailing Stop Hit (20 EMA)
VOLTAS.NS,Voltas Limited,Consumer Goods & Retail,2026-07-13,2026-07-22,1349.5,1325.3997490967067,20,26990.0,26507.99,-482.01,74.25,-556.26,-2.06,9,Trailing Stop Hit (20 EMA)
ARE&M.NS,Amara Raja Energy & Mobility Limited,Automobile & Auto Components,2026-07-09,2026-07-23,864.3202514648438,874.918869910212,31,26793.93,27122.48,328.55,74.65,253.9,0.95,14,Trailing Stop Hit (20 EMA)
ACE.NS,Action Construction Equipment Limited,Information Technology,2026-07-21,2026-07-23,1033.6015625,987.9547322950708,26,26873.64,25686.82,-1186.82,73.25,-1260.07,-4.69,2,Trailing Stop Hit (20 EMA)
PVRINOX.NS,PVR INOX Limited,Diversified & Others,2026-07-23,2026-07-27,1007.4000244140625,1087.63,26,26192.4,28278.38,2085.98,75.14,2010.84,7.68,4,Target Hit (3x ATR)
CANBK.NS,Canara Bank,Banking & Financial Services,2026-07-27,2026-07-29,127.26000213623047,124.5999984741211,214,27233.64,26664.4,-569.24,74.69,-643.93,-2.36,2,Trailing Stop Hit (20 EMA)
AUBANK.NS,AU Small Finance Bank Limited,Banking & Financial Services,2026-07-27,2026-07-30,1051.1790771484375,1026.765783978944,25,26279.48,25669.14,-610.34,72.53,-682.87,-2.6,3,Trailing Stop Hit (20 EMA)
MUTHOOTFIN.NS,Muthoot Finance Limited,Banking & Financial Services,2026-07-31,2026-08-03,3119.60009765625,2876.0,8,24956.8,23008.0,-1948.8,68.19,-2016.99,-8.08,3,Stop Loss Hit (2x ATR)
JWL.NS,Jupiter Wagons Limited,Information Technology,2026-07-29,2026-08-05,259.29998779296875,256.71571744438893,105,27226.5,26955.15,-271.35,74.99,-346.34,-1.27,7,Trailing Stop Hit (20 EMA)
CLEAN.NS,Clean Science and Technology Limited,Chemicals & Fertilisers,2026-08-03,2026-08-05,760.5664672851562,747.4825113687291,36,27380.39,26909.37,-471.02,75.12,-546.14,-1.99,2,Trailing Stop Hit (20 EMA)
ABLBL.NS,Aditya Birla Lifestyle Brands Limited,Consumer Goods & Retail,2026-08-03,2026-08-05,95.40340423583984,94.49820761647469,287,27380.78,27120.99,-259.79,75.34,-335.13,-1.22,2,Trailing Stop Hit (20 EMA)
ATUL.NS,Atul Limited,Chemicals & Fertilisers,2026-07-24,2026-08-07,6407.5,6958.46,4,25630.0,27833.84,2203.84,73.99,2129.85,8.31,14,Target Hit (3x ATR)
LTFOODS.NS,LT Foods Limited,Consumer Goods & Retail,2026-07-30,2026-08-07,396.1480712890625,428.17,68,26938.07,29115.56,2177.49,76.88,2100.61,7.8,8,Target Hit (3x ATR)
SAGILITY.NS,SAGILITY LIMITED,Information Technology,2026-07-27,2026-08-11,43.19107437133789,42.907897470461364,631,27253.57,27074.88,-178.69,75.13,-253.82,-0.93,15,Trailing Stop Hit (20 EMA)
WELSPUNLIV.NS,Welspun Living Limited,Diversified & Others,2026-08-07,2026-08-11,164.08999633789062,161.75286110259518,166,27238.94,26850.97,-387.97,74.9,-462.87,-1.7,4,Trailing Stop Hit (20 EMA)
PNB.NS,Punjab National Bank,Banking & Financial Services,2026-07-20,2026-08-12,111.76000213623047,119.06,243,27157.68,28931.58,1773.9,76.95,1696.95,6.25,23,Target Hit (3x ATR)
ACE.NS,Action Construction Equipment Limited,Information Technology,2026-07-24,2026-08-12,1037.4945068359375,1060.679401886033,26,26974.86,27577.66,602.8,75.33,527.47,1.96,19,Trailing Stop Hit (20 EMA)
FEDERALBNK.NS,The Federal Bank  Limited,Banking & Financial Services,2026-07-17,2026-08-13,347.8117370605469,351.17061883358485,78,27129.32,27391.31,261.99,75.32,186.67,0.69,27,Trailing Stop Hit (20 EMA)
VIJAYA.NS,Vijaya Diagnostic Centre Limited,Healthcare & Pharmaceuticals,2026-08-10,2026-08-13,1392.5999755859375,1549.45,19,26459.4,29439.55,2980.15,76.65,2903.5,10.97,3,Target Hit (3x ATR)
KPRMILL.NS,K.P.R. Mill Limited,Diversified & Others,2026-08-10,2026-08-13,1086.0,1081.9533440204011,25,27150.0,27048.83,-101.17,74.99,-176.16,-0.65,3,Trailing Stop Hit (20 EMA)
NATCOPHARM.NS,Natco Pharma Limited,Healthcare & Pharmaceuticals,2026-08-13,2026-08-14,950.09033203125,901.43,28,26602.53,25240.04,-1362.49,72.47,-1434.96,-5.39,1,Stop Loss Hit (2x ATR)
WELSPUNLIV.NS,Welspun Living Limited,Diversified & Others,2026-08-12,2026-08-18,165.22999572753906,182.77,165,27262.95,30157.05,2894.1,78.35,2815.75,10.33,6,Target Hit (3x ATR)
VOLTAS.NS,Voltas Limited,Consumer Goods & Retail,2026-08-14,2026-08-18,1320.5,1262.0,20,26410.0,25240.0,-1170.0,72.24,-1242.24,-4.7,4,Trailing Stop Hit (20 EMA)
CHOLAFIN.NS,Cholamandalam Investment and Finance Company Limited,Banking & Financial Services,2026-07-31,2026-08-19,1849.9000244140625,1859.7003711154753,14,25898.6,26035.81,137.21,72.45,64.76,0.25,19,Trailing Stop Hit (20 EMA)
ENRIN.NS,Siemens Energy India Limited,Information Technology,2026-08-07,2026-08-19,3648.800048828125,3460.515414553954,7,25541.6,24223.61,-1317.99,70.14,-1388.13,-5.43,12,Trailing Stop Hit (20 EMA)
ARE&M.NS,Amara Raja Energy & Mobility Limited,Automobile & Auto Components,2026-08-11,2026-08-21,970.25,923.9622498380043,28,27167.0,25870.94,-1296.06,73.8,-1369.86,-5.04,10,Trailing Stop Hit (20 EMA)
GICRE.NS,General Insurance Corporation of India,Banking & Financial Services,2026-08-18,2026-08-21,346.5104675292969,344.4073030874245,79,27374.33,27208.18,-166.15,75.42,-241.57,-0.88,3,Trailing Stop Hit (20 EMA)
IGL.NS,Indraprastha Gas Limited,"Energy, Power & Utilities",2026-08-19,2026-08-21,152.63999938964844,150.5500030517578,179,27322.56,26948.45,-374.11,75.09,-449.2,-1.64,2,Trailing Stop Hit (20 EMA)
MMTC.NS,MMTC Limited,Services & Logistics,2026-08-20,2026-08-25,66.2699966430664,64.0938684788961,412,27303.24,26406.67,-896.57,74.51,-971.08,-3.56,5,Trailing Stop Hit (20 EMA)
MUTHOOTFIN.NS,Muthoot Finance Limited,Banking & Financial Services,2026-08-20,2026-08-25,2970.0,3219.18,9,26730.0,28972.62,2242.62,76.48,2166.14,8.1,5,Target Hit (3x ATR)
IPCALAB.NS,IPCA Laboratories Limited,Healthcare & Pharmaceuticals,2026-08-13,2026-08-26,1796.300048828125,1982.4,15,26944.5,29736.0,2791.5,77.52,2713.98,10.07,13,Target Hit (3x ATR)
LICHSGFIN.NS,LIC Housing Finance Limited,Banking & Financial Services,2026-08-25,2026-08-27,506.0,536.06,54,27324.0,28947.24,1623.24,77.16,1546.08,5.66,2,Target Hit (3x ATR)
MFSL.NS,Max Financial Services Limited,Banking & Financial Services,2026-08-14,2026-08-28,1538.0999755859375,1557.9305078904335,17,26147.7,26484.82,337.12,73.23,263.89,1.01,14,Trailing Stop Hit (20 EMA)
ZYDUSWELL.NS,Zydus Wellness Limited,Consumer Goods & Retail,2026-08-25,2026-08-31,525.4500122070312,523.8099498792985,52,27323.4,27238.12,-85.28,75.39,-160.67,-0.59,6,Trailing Stop Hit (20 EMA)
ADANIPOWER.NS,Adani Power Limited,"Energy, Power & Utilities",2026-08-27,2026-08-31,215.0,208.86772600716876,128,27520.0,26735.07,-784.93,75.11,-860.04,-3.13,4,Trailing Stop Hit (20 EMA)
CGPOWER.NS,CG Power and Industrial Solutions Limited,Information Technology,2026-08-27,2026-08-31,897.9000244140625,881.5788469356851,30,26937.0,26447.37,-489.63,74.13,-563.76,-2.09,4,Trailing Stop Hit (20 EMA)
ADANIENSOL.NS,Adani Energy Solutions Limited,"Energy, Power & Utilities",2026-08-27,2026-08-31,1617.0,1589.0,17,27489.0,27013.0,-476.0,75.35,-551.35,-2.01,4,Trailing Stop Hit (20 EMA)
WOCKPHARMA.NS,Wockhardt Limited,Healthcare & Pharmaceuticals,2026-08-27,2026-08-31,1962.0,1911.4872798019176,14,27468.0,26760.82,-707.18,75.07,-782.25,-2.85,4,Trailing Stop Hit (20 EMA)
LAURUSLABS.NS,Laurus Labs Limited,Healthcare & Pharmaceuticals,2026-08-25,2026-09-02,1866.199951171875,1835.1275692086886,14,26126.8,25691.79,-435.01,72.38,-507.39,-1.94,8,Trailing Stop Hit (20 EMA)
DOMS.NS,DOMS Industries Limited,Consumer Goods & Retail,2026-08-31,2026-09-02,2232.5,2220.0,12,26790.0,26640.0,-150.0,74.15,-224.15,-0.84,2,Trailing Stop Hit (20 EMA)
FLUOROCHEM.NS,Gujarat Fluorochemicals Limited,Chemicals & Fertilisers,2026-08-12,2026-09-04,4565.7998046875,4640.437687250315,5,22829.0,23202.19,373.19,65.87,307.32,1.35,23,Trailing Stop Hit (20 EMA)
GICRE.NS,General Insurance Corporation of India,Banking & Financial Services,2026-09-02,2026-09-04,342.2260437011719,359.02,80,27378.08,28721.6,1343.52,76.99,1266.53,4.63,2,Target Hit (3x ATR)
PNB.NS,Punjab National Bank,Banking & Financial Services,2026-09-02,2026-09-07,117.0,115.56087382802775,234,27378.0,27041.24,-336.76,75.25,-412.01,-1.5,5,Trailing Stop Hit (20 EMA)
WOCKPHARMA.NS,Wockhardt Limited,Healthcare & Pharmaceuticals,2026-09-03,2026-09-07,1950.5999755859375,2162.92,14,27308.4,30280.88,2972.48,78.53,2893.95,10.6,4,Target Hit (3x ATR)
SBFC.NS,SBFC Finance Limited,Banking & Financial Services,2026-08-26,2026-09-08,101.13999938964844,96.69081540962127,273,27611.22,26396.59,-1214.63,74.86,-1289.49,-4.67,13,Trailing Stop Hit (20 EMA)
MMTC.NS,MMTC Limited,Services & Logistics,2026-09-04,2026-09-08,64.18000030517578,63.490629444047755,430,27597.4,27300.97,-296.43,75.78,-372.21,-1.35,4,Trailing Stop Hit (20 EMA)
SAGILITY.NS,SAGILITY LIMITED,Information Technology,2026-08-26,2026-09-09,44.0,44.91672266142334,628,27632.0,28207.7,575.7,76.76,498.94,1.81,14,Trailing Stop Hit (20 EMA)
GRAPHITE.NS,Graphite India Limited,Information Technology,2026-09-01,2026-09-09,732.9000244140625,812.9000244140625,37,27117.3,30077.3,2960.0,78.1,2881.9,10.63,8,Target Hit (3x ATR)
JSL.NS,Jindal Stainless Limited,Metals & Mining,2026-09-01,2026-09-09,734.0,785.36,37,27158.0,29058.32,1900.32,77.08,1823.24,6.71,8,Target Hit (3x ATR)
ANANTRAJ.NS,Anant Raj Limited,"Construction, Materials & Infra",2026-09-03,2026-09-09,628.2999877929688,615.1847867420221,43,27016.9,26452.95,-563.95,74.22,-638.17,-2.36,6,Trailing Stop Hit (20 EMA)
IGL.NS,Indraprastha Gas Limited,"Energy, Power & Utilities",2026-09-04,2026-09-09,158.0399932861328,152.9199981689453,174,27498.96,26608.08,-890.88,74.95,-965.83,-3.51,5,Final Day Horizon Close
CASTROLIND.NS,Castrol India Limited,"Energy, Power & Utilities",2026-09-04,2026-09-09,190.27000427246094,189.16000366210938,145,27589.15,27428.2,-160.95,75.9,-236.85,-0.86,5,Final Day Horizon Close
PVRINOX.NS,PVR INOX Limited,Diversified & Others,2026-09-08,2026-09-09,1231.300048828125,1169.199951171875,22,27088.6,25722.4,-1366.2,73.53,-1439.73,-5.31,1,Final Day Horizon Close
JAINREC.NS,Jain Resource Recycling Limited,Metals & Mining,2026-09-08,2026-09-09,296.54998779296875,295.8500061035156,92,27282.6,27218.2,-64.4,75.32,-139.72,-0.51,1,Final Day Horizon Close
TEGA.NS,Tega Industries Limited,Information Technology,2026-09-09,2026-09-09,1678.300048828125,1678.300048828125,16,26852.8,26852.8,0.0,74.44,-74.44,-0.28,0,Final Day Horizon Close
JSWINFRA.NS,JSW Infrastructure Limited,Services & Logistics,2026-09-09,2026-09-09,341.3999938964844,341.3999938964844,80,27312.0,27312.0,0.0,75.45,-75.45,-0.28,0,Final Day Horizon Close
