ticker,company_name,sector,entry_date,exit_date,entry_price,exit_price,quantity,buy_val,sell_val,gross_pnl,charges,net_pnl,return_pct,hold_days,exit_reason
TMPV.NS,Tata Motors Passenger Vehicles Limited,Automobile & Auto Components,2016-11-08,2016-11-09,526.280029296875,488.2362796429199,14,7367.92,6835.31,-532.61,30.59,-563.2,-7.64,1,Stop Loss Hit (2x ATR)
PNB.NS,Punjab National Bank,Banking & Financial Services,2016-11-09,2016-11-10,128.21249389648438,143.72,58,7436.32,8335.76,899.44,32.23,867.21,11.66,1,Target Hit (3x ATR)
NATCOPHARM.NS,Natco Pharma Limited,Healthcare & Pharmaceuticals,2016-11-09,2016-11-15,544.3783569335938,618.19,13,7076.92,8036.47,959.55,31.48,928.07,13.11,6,Target Hit (3x ATR)
BANKBARODA.NS,Bank of Baroda,Banking & Financial Services,2016-11-10,2016-11-21,140.67405700683594,137.93687842612138,53,7455.73,7310.65,-145.08,31.18,-176.26,-2.36,11,Trailing Stop Hit (20 EMA)
CANBK.NS,Canara Bank,Banking & Financial Services,2016-11-10,2016-11-21,52.69415283203125,51.36276604126057,143,7535.26,7344.88,-190.38,31.3,-221.68,-2.94,11,Trailing Stop Hit (20 EMA)
UNIONBANK.NS,Union Bank of India,Banking & Financial Services,2016-11-10,2016-12-01,120.00239562988281,123.79582072841634,62,7440.15,7675.34,235.19,31.54,203.65,2.74,21,Trailing Stop Hit (20 EMA)
COFORGE.NS,Coforge Limited,Information Technology,2016-11-25,2016-12-05,73.74427032470703,72.98257365095856,103,7595.66,7517.21,-78.45,31.56,-110.01,-1.45,10,Trailing Stop Hit (20 EMA)
CGPOWER.NS,CG Power and Industrial Solutions Limited,Information Technology,2016-11-30,2016-12-05,76.36028289794922,74.54020211332559,99,7559.67,7379.48,-180.19,31.36,-211.55,-2.8,5,Trailing Stop Hit (20 EMA)
USHAMART.NS,Usha Martin Limited,Information Technology,2016-12-05,2016-12-07,14.694047927856445,13.943688031131337,515,7567.43,7181.0,-386.43,31.17,-417.6,-5.52,2,Trailing Stop Hit (20 EMA)
BLS.NS,BLS International Services Limited,Consumer Goods & Retail,2016-12-06,2016-12-13,40.68356704711914,46.8041925350081,185,7526.46,8658.78,1132.32,32.66,1099.66,14.61,7,Target Hit (3x ATR)
PGEL.NS,PG Electroplast Limited,Consumer Goods & Retail,2016-12-01,2016-12-14,14.783660888671875,14.607541082305824,512,7569.23,7479.06,-90.17,31.48,-121.65,-1.61,13,Trailing Stop Hit (20 EMA)
MINDACORP.NS,Minda Corporation Limited,Automobile & Auto Components,2016-12-08,2016-12-15,96.07701873779297,92.38358937274172,78,7494.01,7205.92,-288.09,31.1,-319.19,-4.26,7,Trailing Stop Hit (20 EMA)
TMPV.NS,Tata Motors Passenger Vehicles Limited,Automobile & Auto Components,2016-12-13,2016-12-15,458.5221862792969,452.04356423693076,16,7336.35,7232.7,-103.65,30.95,-134.6,-1.83,2,Trailing Stop Hit (20 EMA)
TRENT.NS,Trent Limited,Consumer Goods & Retail,2016-12-05,2016-12-16,196.93630981445312,192.28044068951866,38,7483.58,7306.66,-176.92,31.2,-208.12,-2.78,11,Trailing Stop Hit (20 EMA)
AXISBANK.NS,Axis Bank Limited,Banking & Financial Services,2016-12-14,2016-12-19,459.8045959472656,459.5127503956834,16,7356.87,7352.2,-4.67,31.1,-35.77,-0.49,5,Trailing Stop Hit (20 EMA)
KPIL.NS,Kalpataru Projects International Limited,"Construction, Materials & Infra",2016-12-15,2016-12-19,215.0303955078125,212.29824944695858,35,7526.06,7430.44,-95.62,31.38,-127.0,-1.69,4,Trailing Stop Hit (20 EMA)
GLAXO.NS,GlaxoSmithKline Pharmaceuticals Limited,Healthcare & Pharmaceuticals,2016-12-21,2016-12-23,1088.569091796875,1082.7952402827939,6,6531.41,6496.77,-34.64,29.24,-63.88,-0.98,2,Trailing Stop Hit (20 EMA)
GALLANTT.NS,Gallantt Ispat Limited,Information Technology,2016-12-22,2016-12-26,38.452327728271484,38.40304710533879,195,7498.2,7488.59,-9.61,31.4,-41.01,-0.55,4,Trailing Stop Hit (20 EMA)
KPIL.NS,Kalpataru Projects International Limited,"Construction, Materials & Infra",2016-12-23,2016-12-27,216.32923889160156,211.6264206297015,34,7355.19,7195.3,-159.89,30.94,-190.83,-2.59,4,Trailing Stop Hit (20 EMA)
GLAXO.NS,GlaxoSmithKline Pharmaceuticals Limited,Healthcare & Pharmaceuticals,2016-12-23,2016-12-27,1089.6279296875,1088.0096873285108,6,6537.77,6528.06,-9.71,29.28,-38.99,-0.6,4,Trailing Stop Hit (20 EMA)
ANANTRAJ.NS,Anant Raj Limited,"Construction, Materials & Infra",2017-01-02,2017-01-04,16.458662033081055,18.41,457,7521.61,8413.37,891.76,32.39,859.37,11.43,2,Target Hit (3x ATR)
PGEL.NS,PG Electroplast Limited,Consumer Goods & Retail,2017-01-04,2017-01-06,14.823629379272461,16.97,512,7589.7,8688.64,1098.94,32.77,1066.17,14.05,2,Target Hit (3x ATR)
ZYDUSWELL.NS,Zydus Wellness Limited,Consumer Goods & Retail,2016-12-28,2017-01-09,167.80014038085938,165.7979862465588,44,7383.21,7295.11,-88.1,31.08,-119.18,-1.61,12,Trailing Stop Hit (20 EMA)
PVRINOX.NS,PVR INOX Limited,Diversified & Others,2016-12-28,2017-01-10,1080.0877685546875,1206.26,6,6480.53,7237.56,757.03,29.94,727.09,11.22,13,Target Hit (3x ATR)
ARE&M.NS,Amara Raja Energy & Mobility Limited,Automobile & Auto Components,2017-01-04,2017-01-10,812.649658203125,812.9563343248367,9,7313.85,7316.61,2.76,31.02,-28.26,-0.39,6,Trailing Stop Hit (20 EMA)
JWL.NS,Jupiter Wagons Limited,Information Technology,2017-01-04,2017-01-11,13.502053260803223,15.586929604564737,563,7601.66,8775.44,1173.78,32.87,1140.91,15.01,7,Target Hit (3x ATR)
CANBK.NS,Canara Bank,Banking & Financial Services,2017-01-11,2017-01-13,45.36343002319336,45.314176578651704,172,7802.51,7794.04,-8.47,32.07,-40.54,-0.52,2,Trailing Stop Hit (20 EMA)
FEDERALBNK.NS,The Federal Bank  Limited,Banking & Financial Services,2017-01-05,2017-01-16,62.236976623535156,68.03,122,7592.91,8299.66,706.75,32.37,674.38,8.88,11,Target Hit (3x ATR)
BANKBARODA.NS,Bank of Baroda,Banking & Financial Services,2017-01-11,2017-01-20,136.07017517089844,133.24962570017476,57,7756.0,7595.23,-160.77,31.83,-192.6,-2.48,9,Trailing Stop Hit (20 EMA)
TRENT.NS,Trent Limited,Consumer Goods & Retail,2017-01-13,2017-01-23,211.2499542236328,201.554335835054,37,7816.25,7457.51,-358.74,31.75,-390.49,-5.0,10,Trailing Stop Hit (20 EMA)
COFORGE.NS,Coforge Limited,Information Technology,2017-01-18,2017-01-24,76.65055847167969,76.10604472283529,102,7818.36,7762.82,-55.54,32.06,-87.6,-1.12,6,Trailing Stop Hit (20 EMA)
MINDACORP.NS,Minda Corporation Limited,Automobile & Auto Components,2017-01-13,2017-01-30,87.0113296508789,88.8368010069673,89,7744.01,7906.48,162.47,32.12,130.35,1.68,17,Trailing Stop Hit (20 EMA)
ENDURANCE.NS,Endurance Technologies Limited,Automobile & Auto Components,2017-01-11,2017-01-31,551.33544921875,608.1,14,7718.7,8513.4,794.7,32.73,761.97,9.87,20,Target Hit (3x ATR)
GLAXO.NS,GlaxoSmithKline Pharmaceuticals Limited,Healthcare & Pharmaceuticals,2017-01-27,2017-01-31,1096.360595703125,1089.6678266957108,7,7674.52,7627.67,-46.85,31.76,-78.61,-1.02,4,Trailing Stop Hit (20 EMA)
AXISBANK.NS,Axis Bank Limited,Banking & Financial Services,2017-01-25,2017-02-01,456.21234130859375,456.0215308744371,17,7755.61,7752.37,-3.24,31.98,-35.22,-0.45,7,Trailing Stop Hit (20 EMA)
GLAXO.NS,GlaxoSmithKline Pharmaceuticals Limited,Healthcare & Pharmaceuticals,2017-02-06,2017-02-08,1094.3629150390625,1089.8264423041683,7,7660.54,7628.79,-31.75,31.75,-63.5,-0.83,2,Trailing Stop Hit (20 EMA)
USHAMART.NS,Usha Martin Limited,Information Technology,2017-02-09,2017-02-13,19.130887985229492,18.102113125776764,413,7901.06,7476.17,-424.89,31.87,-456.76,-5.78,4,Trailing Stop Hit (20 EMA)
ANANTRAJ.NS,Anant Raj Limited,"Construction, Materials & Infra",2017-02-01,2017-02-14,18.456071853637695,18.359377819319807,424,7825.37,7784.38,-40.99,32.09,-73.08,-0.93,13,Trailing Stop Hit (20 EMA)
JWL.NS,Jupiter Wagons Limited,Information Technology,2017-02-08,2017-02-14,14.494853019714355,14.048093878058552,543,7870.71,7628.11,-242.6,31.99,-274.59,-3.49,6,Trailing Stop Hit (20 EMA)
MINDACORP.NS,Minda Corporation Limited,Automobile & Auto Components,2017-02-09,2017-02-14,92.57545471191406,89.08639318534813,85,7868.91,7572.34,-296.57,31.92,-328.49,-4.17,5,Trailing Stop Hit (20 EMA)
PGEL.NS,PG Electroplast Limited,Consumer Goods & Retail,2017-02-03,2017-02-22,18.520793914794922,18.317853104366982,424,7852.82,7766.77,-86.05,32.11,-118.16,-1.5,19,Trailing Stop Hit (20 EMA)
GALLANTT.NS,Gallantt Ispat Limited,Information Technology,2017-03-01,2017-03-03,43.51702117919922,42.28772396726042,177,7702.51,7484.93,-217.58,31.64,-249.22,-3.24,2,Trailing Stop Hit (20 EMA)
EIHOTEL.NS,EIH Limited,Consumer Goods & Retail,2017-03-01,2017-03-08,100.48344421386719,98.66769606607166,77,7737.23,7597.41,-139.82,31.81,-171.63,-2.22,7,Trailing Stop Hit (20 EMA)
ANANTRAJ.NS,Anant Raj Limited,"Construction, Materials & Infra",2017-03-01,2017-03-08,19.354909896850586,18.738930197880432,399,7722.61,7476.83,-245.78,31.66,-277.44,-3.59,7,Trailing Stop Hit (20 EMA)
OFSS.NS,Oracle Financial Services Software Limited,Information Technology,2017-03-03,2017-03-09,2424.9560546875,2610.99,3,7274.87,7832.97,558.1,31.49,526.61,7.24,6,Target Hit (3x ATR)
ADANIENSOL.NS,Adani Energy Solutions Limited,"Energy, Power & Utilities",2017-03-15,2017-03-17,66.05000305175781,63.50323843514769,116,7661.8,7366.38,-295.42,31.48,-326.9,-4.27,2,Trailing Stop Hit (20 EMA)
CUB.NS,City Union Bank Limited,Banking & Financial Services,2017-03-15,2017-03-17,86.92196655273438,85.28551349940531,88,7649.13,7505.13,-144.0,31.61,-175.61,-2.3,2,Trailing Stop Hit (20 EMA)
ARE&M.NS,Amara Raja Energy & Mobility Limited,Automobile & Auto Components,2017-03-15,2017-03-21,781.1473999023438,774.7101028064293,9,7030.33,6972.39,-57.94,30.32,-88.26,-1.26,6,Trailing Stop Hit (20 EMA)
TRENT.NS,Trent Limited,Consumer Goods & Retail,2017-03-17,2017-03-21,245.10919189453125,241.26221736853495,31,7598.38,7479.13,-119.25,31.52,-150.77,-1.98,4,Trailing Stop Hit (20 EMA)
COFORGE.NS,Coforge Limited,Information Technology,2017-03-17,2017-03-21,75.03397369384766,74.16996941371775,102,7653.47,7565.34,-88.13,31.67,-119.8,-1.57,4,Trailing Stop Hit (20 EMA)
PGEL.NS,PG Electroplast Limited,Consumer Goods & Retail,2017-03-14,2017-03-24,20.219491958618164,18.97271982860966,382,7723.85,7247.58,-476.27,31.43,-507.7,-6.57,10,Trailing Stop Hit (20 EMA)
KPIL.NS,Kalpataru Projects International Limited,"Construction, Materials & Infra",2017-03-28,2017-03-29,259.14715576171875,281.84,29,7515.27,8173.36,658.09,32.13,625.96,8.33,1,Target Hit (3x ATR)
EIHOTEL.NS,EIH Limited,Consumer Goods & Retail,2017-03-23,2017-03-30,102.71009826660156,112.05,74,7600.55,8291.7,691.15,32.37,658.78,8.67,7,Target Hit (3x ATR)
COFORGE.NS,Coforge Limited,Information Technology,2017-03-24,2017-03-30,74.78665161132812,74.25596418706883,102,7628.24,7574.11,-54.13,31.64,-85.77,-1.12,6,Trailing Stop Hit (20 EMA)
PGEL.NS,PG Electroplast Limited,Consumer Goods & Retail,2017-03-28,2017-03-30,19.200271606445312,18.49081632697168,401,7699.31,7414.82,-284.49,31.56,-316.05,-4.1,2,Trailing Stop Hit (20 EMA)
LTFOODS.NS,LT Foods Limited,Consumer Goods & Retail,2017-03-17,2017-03-31,51.17794418334961,58.528213619548126,150,7676.69,8779.23,1102.54,32.96,1069.58,13.93,14,Target Hit (3x ATR)
GLAXO.NS,GlaxoSmithKline Pharmaceuticals Limited,Healthcare & Pharmaceuticals,2017-03-30,2017-04-03,1091.406005859375,1089.0399988142078,7,7639.84,7623.28,-16.56,31.72,-48.28,-0.63,4,Trailing Stop Hit (20 EMA)
GALLANTT.NS,Gallantt Ispat Limited,Information Technology,2017-03-31,2017-04-03,41.40263366699219,46.73,188,7783.7,8785.24,1001.54,33.09,968.45,12.44,3,Target Hit (3x ATR)
MINDACORP.NS,Minda Corporation Limited,Automobile & Auto Components,2017-03-29,2017-04-05,90.9417953491211,97.53,85,7730.05,8290.05,560.0,32.52,527.48,6.82,7,Target Hit (3x ATR)
BANKBARODA.NS,Bank of Baroda,Banking & Financial Services,2017-03-24,2017-04-07,144.12696838378906,144.54606729085492,53,7638.73,7660.94,22.21,31.76,-9.55,-0.13,14,Trailing Stop Hit (20 EMA)
BLS.NS,BLS International Services Limited,Consumer Goods & Retail,2017-03-30,2017-04-07,40.51991271972656,40.40677887887709,192,7779.82,7758.1,-21.72,32.02,-53.74,-0.69,8,Trailing Stop Hit (20 EMA)
CANBK.NS,Canara Bank,Banking & Financial Services,2017-03-24,2017-04-11,49.499900817871094,53.35,154,7622.98,8215.9,592.92,32.3,560.62,7.35,18,Target Hit (3x ATR)
PNB.NS,Punjab National Bank,Banking & Financial Services,2017-03-27,2017-04-13,132.76573181152344,144.46,57,7567.65,8234.22,666.57,32.25,634.32,8.38,17,Target Hit (3x ATR)
ANANTRAJ.NS,Anant Raj Limited,"Construction, Materials & Infra",2017-04-03,2017-04-17,19.834287643432617,22.14,397,7874.21,8789.58,915.37,33.19,882.18,11.2,14,Target Hit (3x ATR)
DIVISLAB.NS,Divi's Laboratories Limited,Healthcare & Pharmaceuticals,2017-04-24,2017-04-26,590.8668212890625,584.305304682234,13,7681.27,7595.97,-85.3,31.74,-117.04,-1.52,2,Trailing Stop Hit (20 EMA)
AXISBANK.NS,Axis Bank Limited,Banking & Financial Services,2017-04-25,2017-05-02,508.2257995605469,496.0594781061335,15,7623.39,7440.89,-182.5,31.5,-214.0,-2.81,7,Trailing Stop Hit (20 EMA)
ZYDUSWELL.NS,Zydus Wellness Limited,Consumer Goods & Retail,2017-05-02,2017-05-04,168.55670166015625,168.06139026022805,47,7922.16,7898.89,-23.27,32.33,-55.6,-0.7,2,Trailing Stop Hit (20 EMA)
ZYDUSWELL.NS,Zydus Wellness Limited,Consumer Goods & Retail,2017-05-04,2017-05-08,168.48870849609375,168.16680623007963,47,7918.97,7903.84,-15.13,32.33,-47.46,-0.6,4,Trailing Stop Hit (20 EMA)
AXISBANK.NS,Axis Bank Limited,Banking & Financial Services,2017-05-04,2017-05-08,510.63690185546875,497.2192367048131,15,7659.55,7458.29,-201.26,31.57,-232.83,-3.04,4,Trailing Stop Hit (20 EMA)
CGPOWER.NS,CG Power and Industrial Solutions Limited,Information Technology,2017-05-09,2017-05-11,82.38612365722656,89.74,96,7909.07,8615.04,705.97,33.07,672.9,8.51,2,Target Hit (3x ATR)
ADANIENSOL.NS,Adani Energy Solutions Limited,"Energy, Power & Utilities",2017-05-11,2017-05-15,83.3499984741211,96.88,96,8001.6,9300.48,1298.88,33.88,1265.0,15.81,4,Target Hit (3x ATR)
ENDURANCE.NS,Endurance Technologies Limited,Automobile & Auto Components,2017-05-15,2017-05-17,788.2598876953125,771.8252936568128,10,7882.6,7718.25,-164.35,32.09,-196.44,-2.49,2,Trailing Stop Hit (20 EMA)
ATUL.NS,Atul Limited,Chemicals & Fertilisers,2017-05-09,2017-05-19,2382.988525390625,2388.6440858927044,3,7148.97,7165.93,16.96,30.66,-13.7,-0.19,10,Trailing Stop Hit (20 EMA)
ENDURANCE.NS,Endurance Technologies Limited,Automobile & Auto Components,2017-05-24,2017-05-26,798.1016845703125,775.4330799789188,10,7981.02,7754.33,-226.69,32.25,-258.94,-3.24,2,Trailing Stop Hit (20 EMA)
PGEL.NS,PG Electroplast Limited,Consumer Goods & Retail,2017-05-29,2017-05-30,18.28097915649414,20.4,442,8080.19,9016.8,936.61,33.68,902.93,11.17,1,Target Hit (3x ATR)
ZYDUSWELL.NS,Zydus Wellness Limited,Consumer Goods & Retail,2017-05-29,2017-05-31,167.3621368408203,164.05168558251614,48,8033.38,7874.48,-158.9,32.43,-191.33,-2.38,2,Trailing Stop Hit (20 EMA)
KPIL.NS,Kalpataru Projects International Limited,"Construction, Materials & Infra",2017-05-31,2017-06-02,317.7756042480469,309.9375028348315,25,7944.39,7748.44,-195.95,32.2,-228.15,-2.87,2,Trailing Stop Hit (20 EMA)
TRENT.NS,Trent Limited,Consumer Goods & Retail,2017-06-05,2017-06-08,248.61358642578125,245.71898718266812,32,7955.63,7863.01,-92.62,32.33,-124.95,-1.57,3,Trailing Stop Hit (20 EMA)
NATCOPHARM.NS,Natco Pharma Limited,Healthcare & Pharmaceuticals,2017-05-30,2017-06-09,874.6553344726562,967.87,9,7871.9,8710.83,838.93,33.11,805.82,10.24,10,Target Hit (3x ATR)
MINDACORP.NS,Minda Corporation Limited,Automobile & Auto Components,2017-06-08,2017-06-12,105.16948699951172,101.7758055620697,78,8203.22,7938.51,-264.71,32.7,-297.41,-3.63,4,Trailing Stop Hit (20 EMA)
USHAMART.NS,Usha Martin Limited,Information Technology,2017-06-08,2017-06-13,18.03360366821289,17.667791275018775,455,8205.29,8038.85,-166.44,32.81,-199.25,-2.43,5,Trailing Stop Hit (20 EMA)
LTFOODS.NS,LT Foods Limited,Consumer Goods & Retail,2017-06-09,2017-06-13,67.24808502197266,64.7371421570762,122,8204.27,7897.93,-306.34,32.65,-338.99,-4.13,4,Trailing Stop Hit (20 EMA)
DIVISLAB.NS,Divi's Laboratories Limited,Healthcare & Pharmaceuticals,2017-06-01,2017-06-15,560.2926025390625,616.03,14,7844.1,8624.42,780.32,32.99,747.33,9.53,14,Target Hit (3x ATR)
TMPV.NS,Tata Motors Passenger Vehicles Limited,Automobile & Auto Components,2017-06-20,2017-06-22,455.35595703125,447.026279305129,18,8196.41,8046.47,-149.94,32.81,-182.75,-2.23,2,Trailing Stop Hit (20 EMA)
PVRINOX.NS,PVR INOX Limited,Diversified & Others,2017-06-09,2017-06-23,1436.3935546875,1479.494404966096,5,7181.97,7397.47,215.5,30.94,184.56,2.57,14,Trailing Stop Hit (20 EMA)
BLS.NS,BLS International Services Limited,Consumer Goods & Retail,2017-06-21,2017-06-23,46.038082122802734,44.53024790664631,178,8194.78,7926.38,-268.4,32.68,-301.08,-3.67,2,Trailing Stop Hit (20 EMA)
JWL.NS,Jupiter Wagons Limited,Information Technology,2017-06-21,2017-06-23,11.963217735290527,11.56609837558213,685,8194.8,7922.78,-272.02,32.67,-304.69,-3.72,2,Trailing Stop Hit (20 EMA)
EIHOTEL.NS,EIH Limited,Consumer Goods & Retail,2017-06-21,2017-06-23,130.47215270996094,126.94180434943792,62,8089.27,7870.39,-218.88,32.49,-251.37,-3.11,2,Trailing Stop Hit (20 EMA)
AXISBANK.NS,Axis Bank Limited,Banking & Financial Services,2017-06-29,2017-07-04,503.9937438964844,500.7337196415332,16,8063.9,8011.74,-52.16,32.61,-84.77,-1.05,5,Trailing Stop Hit (20 EMA)
GALLANTT.NS,Gallantt Ispat Limited,Information Technology,2017-06-30,2017-07-05,39.829139709472656,43.86,203,8085.32,8903.58,818.26,33.56,784.7,9.71,5,Target Hit (3x ATR)
ARE&M.NS,Amara Raja Energy & Mobility Limited,Automobile & Auto Components,2017-07-04,2017-07-06,773.023681640625,766.264129818604,10,7730.24,7662.64,-67.6,31.86,-99.46,-1.29,2,Trailing Stop Hit (20 EMA)
TRENT.NS,Trent Limited,Consumer Goods & Retail,2017-07-06,2017-07-07,241.65415954589844,261.06,33,7974.59,8614.98,640.39,33.14,607.25,7.61,1,Target Hit (3x ATR)
JWL.NS,Jupiter Wagons Limited,Information Technology,2017-07-05,2017-07-11,13.104933738708496,11.95,621,8138.16,7420.95,-717.21,32.09,-749.3,-9.21,6,Stop Loss Hit (2x ATR)
ANANTRAJ.NS,Anant Raj Limited,"Construction, Materials & Infra",2017-07-06,2017-07-11,24.648048400878906,24.41922001281739,328,8084.56,8009.5,-75.06,32.63,-107.69,-1.33,5,Trailing Stop Hit (20 EMA)
KPIL.NS,Kalpataru Projects International Limited,"Construction, Materials & Infra",2017-07-07,2017-07-11,302.9057312011719,326.29,26,7875.55,8483.54,607.99,32.88,575.11,7.3,4,Target Hit (3x ATR)
COFORGE.NS,Coforge Limited,Information Technology,2017-07-11,2017-07-14,104.00871276855469,99.90521701094245,78,8112.68,7792.61,-320.07,32.44,-352.51,-4.35,3,Trailing Stop Hit (20 EMA)
ENDURANCE.NS,Endurance Technologies Limited,Automobile & Auto Components,2017-07-12,2017-07-14,866.4186401367188,844.199333115563,9,7797.77,7597.79,-199.98,31.88,-231.86,-2.97,2,Trailing Stop Hit (20 EMA)
LTFOODS.NS,LT Foods Limited,Consumer Goods & Retail,2017-07-12,2017-07-14,63.73276138305664,62.297918785752316,128,8157.79,7974.13,-183.66,32.68,-216.34,-2.65,2,Trailing Stop Hit (20 EMA)
NATCOPHARM.NS,Natco Pharma Limited,Healthcare & Pharmaceuticals,2017-06-30,2017-07-17,928.8544921875,914.2417764937079,8,7430.84,7313.93,-116.91,31.14,-148.05,-1.99,17,Trailing Stop Hit (20 EMA)
KPIL.NS,Kalpataru Projects International Limited,"Construction, Materials & Infra",2017-07-11,2017-07-18,314.5955810546875,306.27856503529233,25,7864.89,7656.96,-207.93,32.01,-239.94,-3.05,7,Trailing Stop Hit (20 EMA)
ATUL.NS,Atul Limited,Chemicals & Fertilisers,2017-07-13,2017-07-18,2386.2353515625,2368.5209162067026,3,7158.71,7105.56,-53.15,30.61,-83.76,-1.17,5,Trailing Stop Hit (20 EMA)
OFSS.NS,Oracle Financial Services Software Limited,Information Technology,2017-07-11,2017-07-20,2469.5009765625,2481.1771423525415,3,7408.5,7443.53,35.03,31.25,3.78,0.05,9,Trailing Stop Hit (20 EMA)
MUTHOOTFIN.NS,Muthoot Finance Limited,Banking & Financial Services,2017-07-12,2017-07-21,399.5812072753906,390.97974279758006,20,7991.62,7819.59,-172.03,32.33,-204.36,-2.56,9,Trailing Stop Hit (20 EMA)
EIHOTEL.NS,EIH Limited,Consumer Goods & Retail,2017-07-19,2017-07-21,132.36715698242188,130.31216437688394,61,8074.4,7949.04,-125.36,32.56,-157.92,-1.96,2,Trailing Stop Hit (20 EMA)
ADANIENSOL.NS,Adani Energy Solutions Limited,"Energy, Power & Utilities",2017-07-21,2017-07-27,129.5,125.75124219168805,62,8029.0,7796.58,-232.42,32.35,-264.77,-3.3,6,Trailing Stop Hit (20 EMA)
PGEL.NS,PG Electroplast Limited,Consumer Goods & Retail,2017-07-17,2017-07-31,30.556562423706055,35.48,265,8097.49,9402.2,1304.71,34.09,1270.62,15.69,14,Target Hit (3x ATR)
CUB.NS,City Union Bank Limited,Banking & Financial Services,2017-07-27,2017-07-31,108.49398803710938,106.32410113207824,74,8028.56,7867.98,-160.58,32.42,-193.0,-2.4,4,Trailing Stop Hit (20 EMA)
EIHOTEL.NS,EIH Limited,Consumer Goods & Retail,2017-07-27,2017-07-31,132.32101440429688,130.70102402397234,61,8071.58,7972.76,-98.82,32.58,-131.4,-1.63,4,Trailing Stop Hit (20 EMA)
BLS.NS,BLS International Services Limited,Consumer Goods & Retail,2017-07-31,2017-08-02,47.97115707397461,46.644636446166714,168,8059.15,7836.3,-222.85,32.43,-255.28,-3.17,2,Trailing Stop Hit (20 EMA)
BANKBARODA.NS,Bank of Baroda,Banking & Financial Services,2017-07-31,2017-08-02,142.59390258789062,140.49596679739335,56,7985.26,7867.77,-117.49,32.38,-149.87,-1.88,2,Trailing Stop Hit (20 EMA)
KPIL.NS,Kalpataru Projects International Limited,"Construction, Materials & Infra",2017-08-30,2017-09-01,339.4440612792969,319.22257171540804,24,8146.66,7661.34,-485.32,32.35,-517.67,-6.35,2,Trailing Stop Hit (20 EMA)
USHAMART.NS,Usha Martin Limited,Information Technology,2017-08-31,2017-09-04,19.60796546936035,18.987939272088333,418,8196.13,7936.96,-259.17,32.7,-291.87,-3.56,4,Trailing Stop Hit (20 EMA)
CGPOWER.NS,CG Power and Industrial Solutions Limited,Information Technology,2017-08-31,2017-09-04,79.37319946289062,79.52126543803502,103,8175.44,8190.69,15.25,32.93,-17.68,-0.22,4,Trailing Stop Hit (20 EMA)
LTFOODS.NS,LT Foods Limited,Consumer Goods & Retail,2017-09-01,2017-09-08,60.12609100341797,59.77781549936365,136,8177.15,8129.78,-47.37,32.87,-80.24,-0.98,7,Trailing Stop Hit (20 EMA)
CHOLAFIN.NS,Cholamandalam Investment and Finance Company Limited,Banking & Financial Services,2017-09-06,2017-09-08,227.2300262451172,224.62721350746352,35,7953.05,7861.95,-91.1,32.32,-123.42,-1.55,2,Trailing Stop Hit (20 EMA)
ADANIENSOL.NS,Adani Energy Solutions Limited,"Energy, Power & Utilities",2017-08-28,2017-09-11,118.0999984741211,134.55,69,8148.9,9283.95,1135.05,34.03,1101.02,13.51,14,Target Hit (3x ATR)
BLS.NS,BLS International Services Limited,Consumer Goods & Retail,2017-08-23,2017-09-12,49.96352005004883,57.2,161,8044.13,9209.2,1165.07,33.83,1131.24,14.06,20,Target Hit (3x ATR)
DIVISLAB.NS,Divi's Laboratories Limited,Healthcare & Pharmaceuticals,2017-08-24,2017-09-12,626.7460327148438,692.9,12,7520.95,8314.8,793.85,32.29,761.56,10.13,19,Target Hit (3x ATR)
ARE&M.NS,Amara Raja Energy & Mobility Limited,Automobile & Auto Components,2017-09-08,2017-09-12,722.21826171875,711.3318947778795,11,7944.4,7824.65,-119.75,32.27,-152.02,-1.91,4,Trailing Stop Hit (20 EMA)
ZYDUSWELL.NS,Zydus Wellness Limited,Consumer Goods & Retail,2017-09-08,2017-09-12,171.21771240234375,169.16835264060416,47,8047.23,7950.91,-96.32,32.54,-128.86,-1.6,4,Trailing Stop Hit (20 EMA)
TRENT.NS,Trent Limited,Consumer Goods & Retail,2017-08-22,2017-09-15,277.2291564941406,286.1012385317641,29,8039.65,8296.94,257.29,32.9,224.39,2.79,24,Trailing Stop Hit (20 EMA)
GLAXO.NS,GlaxoSmithKline Pharmaceuticals Limited,Healthcare & Pharmaceuticals,2017-09-15,2017-09-19,982.4884643554688,976.3034925171083,8,7859.91,7810.43,-49.48,32.16,-81.64,-1.04,4,Trailing Stop Hit (20 EMA)
AXISBANK.NS,Axis Bank Limited,Banking & Financial Services,2017-09-14,2017-09-21,516.5485229492188,504.8105158713361,15,7748.23,7572.16,-176.07,31.78,-207.85,-2.68,7,Trailing Stop Hit (20 EMA)
TRENT.NS,Trent Limited,Consumer Goods & Retail,2017-09-19,2017-09-25,307.8124694824219,290.6500582032316,26,8003.12,7556.9,-446.22,32.07,-478.29,-5.98,6,Trailing Stop Hit (20 EMA)
JWL.NS,Jupiter Wagons Limited,Information Technology,2017-09-22,2017-09-28,10.722219467163086,10.785999429957196,761,8159.61,8208.15,48.54,32.92,15.62,0.19,6,Trailing Stop Hit (20 EMA)
DMART.NS,Avenue Supermarts Limited,Consumer Goods & Retail,2017-09-26,2017-09-28,1116.050048828125,1057.9453602710514,7,7812.35,7405.62,-406.73,31.69,-438.42,-5.61,2,Trailing Stop Hit (20 EMA)
CUB.NS,City Union Bank Limited,Banking & Financial Services,2017-09-29,2017-10-09,104.98468017578125,104.716807939405,77,8083.82,8063.19,-20.63,32.68,-53.31,-0.66,10,Trailing Stop Hit (20 EMA)
CHOLAFIN.NS,Cholamandalam Investment and Finance Company Limited,Banking & Financial Services,2017-10-12,2017-10-16,223.89794921875,218.62997152200285,36,8060.33,7870.68,-189.65,32.46,-222.11,-2.76,4,Trailing Stop Hit (20 EMA)
LTFOODS.NS,LT Foods Limited,Consumer Goods & Retail,2017-10-09,2017-10-17,61.039276123046875,59.9583479608321,133,8118.22,7974.46,-143.76,32.64,-176.4,-2.17,8,Trailing Stop Hit (20 EMA)
ENDURANCE.NS,Endurance Technologies Limited,Automobile & Auto Components,2017-10-05,2017-10-24,1020.786376953125,1030.004103256069,7,7145.5,7210.03,64.53,30.7,33.83,0.47,19,Trailing Stop Hit (20 EMA)
PVRINOX.NS,PVR INOX Limited,Diversified & Others,2017-10-05,2017-10-24,1263.7493896484375,1404.24,6,7582.5,8425.44,842.94,32.49,810.45,10.69,19,Target Hit (3x ATR)
PNB.NS,Punjab National Bank,Banking & Financial Services,2017-10-24,2017-10-25,124.60595703125,137.04851962561176,65,8099.39,8908.15,808.76,33.58,775.18,9.57,1,Target Hit (3x ATR)
CANBK.NS,Canara Bank,Banking & Financial Services,2017-10-24,2017-10-25,53.6766242980957,59.04259984657588,152,8158.85,8974.48,815.63,33.72,781.91,9.58,1,Target Hit (3x ATR)
UNIONBANK.NS,Union Bank of India,Banking & Financial Services,2017-10-24,2017-10-25,110.2293701171875,121.21877277620895,74,8156.97,8970.19,813.22,33.72,779.5,9.56,1,Target Hit (3x ATR)
BANKBARODA.NS,Bank of Baroda,Banking & Financial Services,2017-10-24,2017-10-25,122.92871856689453,135.20871602379623,66,8113.3,8923.78,810.48,33.62,776.86,9.58,1,Target Hit (3x ATR)
BLS.NS,BLS International Services Limited,Consumer Goods & Retail,2017-10-12,2017-10-30,62.39067459106445,60.45899031775998,130,8110.79,7859.67,-251.12,32.51,-283.63,-3.5,18,Trailing Stop Hit (20 EMA)
ANANTRAJ.NS,Anant Raj Limited,"Construction, Materials & Infra",2017-10-23,2017-10-30,22.2802734375,24.93,365,8132.3,9099.45,967.15,33.82,933.33,11.48,7,Target Hit (3x ATR)
ARE&M.NS,Amara Raja Energy & Mobility Limited,Automobile & Auto Components,2017-10-31,2017-11-02,634.6739501953125,635.2188192725739,13,8250.76,8257.84,7.08,33.12,-26.04,-0.32,2,Trailing Stop Hit (20 EMA)
GLAXO.NS,GlaxoSmithKline Pharmaceuticals Limited,Healthcare & Pharmaceuticals,2017-10-26,2017-11-06,1014.3844604492188,1090.52,8,8115.08,8724.16,609.08,33.42,575.66,7.09,11,Target Hit (3x ATR)
NATCOPHARM.NS,Natco Pharma Limited,Healthcare & Pharmaceuticals,2017-11-02,2017-11-06,924.2062377929688,887.6816463969897,9,8317.86,7989.13,-328.73,32.91,-361.64,-4.35,4,Trailing Stop Hit (20 EMA)
PGEL.NS,PG Electroplast Limited,Consumer Goods & Retail,2017-10-31,2017-11-07,43.666507720947266,40.56006549230833,193,8427.64,7828.09,-599.55,32.86,-632.41,-7.5,7,Trailing Stop Hit (20 EMA)
JWL.NS,Jupiter Wagons Limited,Information Technology,2017-11-02,2017-11-07,12.211416244506836,13.79,693,8462.51,9556.47,1093.96,34.69,1059.27,12.52,5,Target Hit (3x ATR)
USHAMART.NS,Usha Martin Limited,Information Technology,2017-11-03,2017-11-07,25.523752212524414,24.092515188448704,331,8448.36,7974.62,-473.74,33.04,-506.78,-6.0,4,Trailing Stop Hit (20 EMA)
OFSS.NS,Oracle Financial Services Software Limited,Information Technology,2017-11-07,2017-11-10,2478.10205078125,2427.595599309477,3,7434.31,7282.79,-151.52,31.12,-182.64,-2.46,3,Trailing Stop Hit (20 EMA)
TRENT.NS,Trent Limited,Consumer Goods & Retail,2017-11-08,2017-11-13,305.88238525390625,300.5224571219608,27,8258.82,8114.11,-144.71,32.96,-177.67,-2.15,5,Trailing Stop Hit (20 EMA)
ARE&M.NS,Amara Raja Energy & Mobility Limited,Automobile & Auto Components,2017-11-09,2017-11-13,666.0176391601562,717.35,12,7992.21,8608.2,615.99,33.16,582.83,7.29,4,Target Hit (3x ATR)
ANANTRAJ.NS,Anant Raj Limited,"Construction, Materials & Infra",2017-11-20,2017-11-22,23.77234649658203,23.112596862177114,357,8486.73,8251.2,-235.53,33.38,-268.91,-3.17,2,Trailing Stop Hit (20 EMA)
ZYDUSWELL.NS,Zydus Wellness Limited,Consumer Goods & Retail,2017-11-20,2017-11-23,176.8116455078125,175.88239734745306,48,8486.96,8442.36,-44.6,33.57,-78.17,-0.92,3,Trailing Stop Hit (20 EMA)
LTFOODS.NS,LT Foods Limited,Consumer Goods & Retail,2017-11-22,2017-11-24,64.65404510498047,64.03673432017459,130,8405.03,8324.78,-80.25,33.36,-113.61,-1.35,2,Trailing Stop Hit (20 EMA)
PGEL.NS,PG Electroplast Limited,Consumer Goods & Retail,2017-11-23,2017-11-28,41.932838439941406,40.22469077940259,201,8428.5,8085.16,-343.34,33.13,-376.47,-4.47,5,Trailing Stop Hit (20 EMA)
EIHOTEL.NS,EIH Limited,Consumer Goods & Retail,2017-11-24,2017-11-28,146.81671142578125,144.5370826609183,57,8368.55,8238.61,-129.94,33.22,-163.16,-1.95,4,Trailing Stop Hit (20 EMA)
AXISBANK.NS,Axis Bank Limited,Banking & Financial Services,2017-10-31,2017-11-30,519.9276733398438,536.7023716405051,16,8318.84,8587.24,268.4,33.54,234.86,2.82,30,Trailing Stop Hit (20 EMA)
ANANTRAJ.NS,Anant Raj Limited,"Construction, Materials & Infra",2017-11-24,2017-12-04,24.599037170410156,23.925256863050713,343,8437.47,8206.36,-231.11,33.27,-264.38,-3.13,10,Trailing Stop Hit (20 EMA)
DMART.NS,Avenue Supermarts Limited,Consumer Goods & Retail,2017-12-04,2017-12-06,1150.699951171875,1129.5719665765887,7,8054.9,7907.0,-147.9,32.49,-180.39,-2.24,2,Trailing Stop Hit (20 EMA)
LTFOODS.NS,LT Foods Limited,Consumer Goods & Retail,2017-12-04,2017-12-07,66.30126953125,74.31,126,8353.96,9363.06,1009.1,34.36,974.74,11.67,3,Target Hit (3x ATR)
JWL.NS,Jupiter Wagons Limited,Information Technology,2017-12-07,2017-12-08,15.388370513916016,17.82,548,8432.83,9765.36,1332.53,34.87,1297.66,15.39,1,Target Hit (3x ATR)
DMART.NS,Avenue Supermarts Limited,Consumer Goods & Retail,2017-12-07,2017-12-11,1142.4000244140625,1130.522659112811,7,7996.8,7913.66,-83.14,32.44,-115.58,-1.45,4,Trailing Stop Hit (20 EMA)
PGEL.NS,PG Electroplast Limited,Consumer Goods & Retail,2017-12-07,2017-12-11,40.15919494628906,40.04335318383148,210,8433.43,8409.1,-24.33,33.48,-57.81,-0.69,4,Trailing Stop Hit (20 EMA)
PNB.NS,Punjab National Bank,Banking & Financial Services,2017-12-18,2017-12-20,161.16725158691406,154.99105858305452,52,8380.7,8059.54,-321.16,33.05,-354.21,-4.23,2,Trailing Stop Hit (20 EMA)
PGEL.NS,PG Electroplast Limited,Consumer Goods & Retail,2017-12-19,2017-12-21,40.708778381347656,39.6392859025465,209,8508.13,8284.61,-223.52,33.44,-256.96,-3.02,2,Trailing Stop Hit (20 EMA)
MINDACORP.NS,Minda Corporation Limited,Automobile & Auto Components,2017-12-22,2017-12-26,190.8457489013672,214.81,44,8397.21,9451.64,1054.43,34.51,1019.92,12.15,4,Target Hit (3x ATR)
CANBK.NS,Canara Bank,Banking & Financial Services,2017-12-22,2017-12-27,62.67351531982422,62.56011718443416,136,8523.6,8508.18,-15.42,33.68,-49.1,-0.58,5,Trailing Stop Hit (20 EMA)
GLAXO.NS,GlaxoSmithKline Pharmaceuticals Limited,Healthcare & Pharmaceuticals,2017-12-28,2018-01-02,986.5513305664062,990.3368050056229,8,7892.41,7922.69,30.28,32.31,-2.03,-0.03,5,Trailing Stop Hit (20 EMA)
TRENT.NS,Trent Limited,Consumer Goods & Retail,2017-12-29,2018-01-03,333.6944274902344,326.3616276367055,26,8676.06,8485.4,-190.66,33.85,-224.51,-2.59,5,Trailing Stop Hit (20 EMA)
USHAMART.NS,Usha Martin Limited,Information Technology,2017-12-21,2018-01-05,21.89794921875,25.47,390,8540.2,9933.3,1393.1,35.18,1357.92,15.9,15,Target Hit (3x ATR)
BLS.NS,BLS International Services Limited,Consumer Goods & Retail,2017-12-18,2018-01-09,58.09196472167969,65.75,146,8481.43,9599.5,1118.07,34.76,1083.31,12.77,22,Target Hit (3x ATR)
PNB.NS,Punjab National Bank,Banking & Financial Services,2018-01-04,2018-01-10,159.09347534179688,156.59337082309892,54,8591.05,8456.04,-135.01,33.72,-168.73,-1.96,6,Trailing Stop Hit (20 EMA)
ARE&M.NS,Amara Raja Energy & Mobility Limited,Automobile & Auto Components,2017-12-19,2018-01-12,733.215576171875,793.45,11,8065.37,8727.95,662.58,33.37,629.21,7.8,24,Target Hit (3x ATR)
PGEL.NS,PG Electroplast Limited,Consumer Goods & Retail,2017-12-28,2018-01-12,40.05427551269531,41.42378457795448,216,8651.72,8947.54,295.82,34.3,261.52,3.02,15,Trailing Stop Hit (20 EMA)
BANKBARODA.NS,Bank of Baroda,Banking & Financial Services,2018-01-17,2018-01-19,141.86395263671875,139.11597750260296,61,8653.7,8486.07,-167.63,33.82,-201.45,-2.33,2,Trailing Stop Hit (20 EMA)
PNB.NS,Punjab National Bank,Banking & Financial Services,2018-01-17,2018-01-19,158.28201293945312,153.99926814984437,55,8705.51,8469.96,-235.55,33.87,-269.42,-3.09,2,Trailing Stop Hit (20 EMA)
PGEL.NS,PG Electroplast Limited,Consumer Goods & Retail,2018-01-18,2018-01-22,44.281036376953125,41.22837590301433,197,8723.36,8121.99,-601.37,33.51,-634.88,-7.28,4,Trailing Stop Hit (20 EMA)
CANBK.NS,Canara Bank,Banking & Financial Services,2018-01-19,2018-01-25,61.3954963684082,61.281939829729,141,8656.76,8640.75,-16.01,33.99,-50.0,-0.58,6,Trailing Stop Hit (20 EMA)
KPIL.NS,Kalpataru Projects International Limited,"Construction, Materials & Infra",2018-01-23,2018-01-25,456.1504821777344,438.7575573743211,19,8666.86,8336.39,-330.47,33.69,-364.16,-4.2,2,Trailing Stop Hit (20 EMA)
DIVISLAB.NS,Divi's Laboratories Limited,Healthcare & Pharmaceuticals,2018-01-23,2018-01-29,1036.9654541015625,1029.651319312126,8,8295.72,8237.21,-58.51,33.13,-91.64,-1.1,6,Trailing Stop Hit (20 EMA)
ARE&M.NS,Amara Raja Energy & Mobility Limited,Automobile & Auto Components,2018-01-24,2018-01-29,796.3329467773438,764.1774805686138,10,7963.33,7641.77,-321.56,32.11,-353.67,-4.44,5,Trailing Stop Hit (20 EMA)
PVRINOX.NS,PVR INOX Limited,Diversified & Others,2018-01-31,2018-02-02,1427.061279296875,1379.5771366071194,6,8562.37,8277.46,-284.91,33.49,-318.4,-3.72,2,Trailing Stop Hit (20 EMA)
MUTHOOTFIN.NS,Muthoot Finance Limited,Banking & Financial Services,2018-02-08,2018-02-12,367.9308166503906,362.7564021097811,23,8462.41,8343.4,-119.01,33.44,-152.45,-1.8,4,Trailing Stop Hit (20 EMA)
BANKBARODA.NS,Bank of Baroda,Banking & Financial Services,2018-02-12,2018-02-15,144.8266143798828,138.2679123476686,59,8544.77,8157.81,-386.96,33.33,-420.29,-4.92,3,Trailing Stop Hit (20 EMA)
MINDACORP.NS,Minda Corporation Limited,Automobile & Auto Components,2018-02-12,2018-02-15,204.6807098388672,194.4684275755098,41,8391.91,7973.21,-418.7,32.97,-451.67,-5.38,3,Trailing Stop Hit (20 EMA)
ARE&M.NS,Amara Raja Energy & Mobility Limited,Automobile & Auto Components,2018-02-12,2018-02-16,771.7315063476562,743.5100631863238,11,8489.05,8178.61,-310.44,33.29,-343.73,-4.05,4,Trailing Stop Hit (20 EMA)
CUB.NS,City Union Bank Limited,Banking & Financial Services,2018-02-15,2018-02-19,109.25394439697266,106.86057304941593,78,8521.81,8335.12,-186.69,33.51,-220.2,-2.58,4,Trailing Stop Hit (20 EMA)
ENDURANCE.NS,Endurance Technologies Limited,Automobile & Auto Components,2018-02-15,2018-03-01,1191.17431640625,1353.43,7,8338.22,9474.01,1135.79,34.46,1101.33,13.21,14,Target Hit (3x ATR)
TRENT.NS,Trent Limited,Consumer Goods & Retail,2018-03-08,2018-03-12,329.6365051269531,316.194567391843,26,8570.55,8221.06,-349.49,33.43,-382.92,-4.47,4,Trailing Stop Hit (20 EMA)
FEDERALBNK.NS,The Federal Bank  Limited,Banking & Financial Services,2018-03-09,2018-03-13,87.36752319335938,87.36751787800364,98,8562.02,8562.02,0.0,33.77,-33.77,-0.39,4,Trailing Stop Hit (20 EMA)
ZYDUSWELL.NS,Zydus Wellness Limited,Consumer Goods & Retail,2018-02-08,2018-03-15,222.7675323486328,237.57632610115513,38,8465.17,9027.9,562.73,34.16,528.57,6.24,35,Trailing Stop Hit (20 EMA)
BANKBARODA.NS,Bank of Baroda,Banking & Financial Services,2018-03-14,2018-03-16,125.16144561767578,122.677049334431,68,8510.98,8342.04,-168.94,33.5,-202.44,-2.38,2,Trailing Stop Hit (20 EMA)
JWL.NS,Jupiter Wagons Limited,Information Technology,2018-03-14,2018-03-19,16.82792854309082,16.280610968131327,511,8599.07,8319.39,-279.68,33.59,-313.27,-3.64,5,Trailing Stop Hit (20 EMA)
ANANTRAJ.NS,Anant Raj Limited,"Construction, Materials & Infra",2018-03-15,2018-03-19,22.48190689086914,21.977825116228967,383,8610.57,8417.51,-193.06,33.7,-226.76,-2.63,4,Trailing Stop Hit (20 EMA)
MINDACORP.NS,Minda Corporation Limited,Automobile & Auto Components,2018-03-15,2018-03-19,185.4943389892578,181.9062714253377,46,8532.74,8367.69,-165.05,33.55,-198.6,-2.33,4,Trailing Stop Hit (20 EMA)
DIVISLAB.NS,Divi's Laboratories Limited,Healthcare & Pharmaceuticals,2018-03-13,2018-03-23,974.9181518554688,990.9934793706256,8,7799.35,7927.95,128.6,32.22,96.38,1.24,10,Trailing Stop Hit (20 EMA)
ADANIENSOL.NS,Adani Energy Solutions Limited,"Energy, Power & Utilities",2018-03-20,2018-03-23,194.5,193.35000610351562,43,8363.5,8314.05,-49.45,33.29,-82.74,-0.99,3,Trailing Stop Hit (20 EMA)
CANBK.NS,Canara Bank,Banking & Financial Services,2018-03-26,2018-03-28,45.788475036621094,44.823622502442454,185,8470.87,8292.37,-178.5,33.4,-211.9,-2.5,2,Trailing Stop Hit (20 EMA)
KPIL.NS,Kalpataru Projects International Limited,"Construction, Materials & Infra",2018-03-27,2018-03-28,429.07965087890625,398.37,19,8152.51,7569.03,-583.48,32.25,-615.73,-7.55,1,Stop Loss Hit (2x ATR)
PGEL.NS,PG Electroplast Limited,Consumer Goods & Retail,2018-03-27,2018-04-02,26.76447105407715,33.05,317,8484.34,10476.85,1992.51,35.67,1956.84,23.06,6,Target Hit (3x ATR)
SAMMAANCAP.NS,Sammaan Capital Limited,Banking & Financial Services,2018-03-27,2018-04-02,922.19287109375,909.1646089365704,9,8299.74,8182.48,-117.26,33.07,-150.33,-1.81,6,Trailing Stop Hit (20 EMA)
ADANIENSOL.NS,Adani Energy Solutions Limited,"Energy, Power & Utilities",2018-03-28,2018-04-03,193.6999969482422,191.5,44,8522.8,8426.0,-96.8,33.6,-130.4,-1.53,6,Trailing Stop Hit (20 EMA)
EIHOTEL.NS,EIH Limited,Consumer Goods & Retail,2018-04-05,2018-04-09,158.9282989501953,157.34336281854888,54,8582.13,8496.54,-85.59,33.74,-119.33,-1.39,4,Trailing Stop Hit (20 EMA)
DMART.NS,Avenue Supermarts Limited,Consumer Goods & Retail,2018-04-02,2018-04-11,1357.300048828125,1500.0,6,8143.8,9000.0,856.2,33.73,822.47,10.1,9,Target Hit (3x ATR)
PVRINOX.NS,PVR INOX Limited,Diversified & Others,2018-04-09,2018-04-11,1268.2926025390625,1243.1538635757274,6,7609.76,7458.92,-150.84,31.51,-182.35,-2.4,2,Trailing Stop Hit (20 EMA)
EIHOTEL.NS,EIH Limited,Consumer Goods & Retail,2018-04-10,2018-04-17,157.78387451171875,175.52,55,8678.11,9653.6,975.49,35.05,940.44,10.84,7,Target Hit (3x ATR)
ZYDUSWELL.NS,Zydus Wellness Limited,Consumer Goods & Retail,2018-04-16,2018-04-18,233.53782653808594,233.07899222878027,37,8640.9,8623.92,-16.98,33.95,-50.93,-0.59,2,Trailing Stop Hit (20 EMA)
CHOLAFIN.NS,Cholamandalam Investment and Finance Company Limited,Banking & Financial Services,2018-03-27,2018-04-23,286.32879638671875,315.03,29,8303.54,9135.87,832.33,34.08,798.25,9.61,27,Target Hit (3x ATR)
MUTHOOTFIN.NS,Muthoot Finance Limited,Banking & Financial Services,2018-03-27,2018-04-24,353.0928039550781,391.71,24,8474.23,9401.04,926.81,34.54,892.27,10.53,28,Target Hit (3x ATR)
MINDACORP.NS,Minda Corporation Limited,Automobile & Auto Components,2018-04-23,2018-04-30,194.23089599609375,179.86550752679997,45,8740.39,8093.95,-646.44,33.5,-679.94,-7.78,7,Trailing Stop Hit (20 EMA)
AXISBANK.NS,Axis Bank Limited,Banking & Financial Services,2018-04-27,2018-05-02,535.8787231445312,514.2017349103618,16,8574.06,8227.23,-346.83,33.44,-380.27,-4.44,5,Trailing Stop Hit (20 EMA)
GALLANTT.NS,Gallantt Ispat Limited,Information Technology,2018-04-30,2018-05-03,40.370025634765625,39.82913832971335,216,8719.93,8603.09,-116.84,34.02,-150.86,-1.73,3,Trailing Stop Hit (20 EMA)
CGPOWER.NS,CG Power and Industrial Solutions Limited,Information Technology,2018-04-30,2018-05-03,82.83065032958984,80.47507274768587,105,8697.22,8449.88,-247.34,33.83,-281.17,-3.23,3,Trailing Stop Hit (20 EMA)
AXISBANK.NS,Axis Bank Limited,Banking & Financial Services,2018-05-02,2018-05-04,520.5238647460938,516.2619889298646,16,8328.38,8260.19,-68.19,33.21,-101.4,-1.22,2,Trailing Stop Hit (20 EMA)
JWL.NS,Jupiter Wagons Limited,Information Technology,2018-05-07,2018-05-09,16.728649139404297,15.289086903195319,519,8682.17,7935.04,-747.13,33.28,-780.41,-8.99,2,Trailing Stop Hit (20 EMA)
TMPV.NS,Tata Motors Passenger Vehicles Limited,Automobile & Auto Components,2018-05-09,2018-05-11,333.1385803222656,325.3934326686073,25,8328.46,8134.84,-193.62,33.06,-226.68,-2.72,2,Trailing Stop Hit (20 EMA)
DMART.NS,Avenue Supermarts Limited,Consumer Goods & Retail,2018-05-15,2018-05-18,1485.449951171875,1466.6346858068887,5,7427.25,7333.17,-94.08,31.16,-125.24,-1.69,3,Trailing Stop Hit (20 EMA)
ARE&M.NS,Amara Raja Energy & Mobility Limited,Automobile & Auto Components,2018-05-17,2018-05-18,790.4210815429688,748.51,10,7904.21,7485.1,-419.11,31.88,-450.99,-5.71,1,Stop Loss Hit (2x ATR)
ENDURANCE.NS,Endurance Technologies Limited,Automobile & Auto Components,2018-05-18,2018-05-22,1218.569091796875,1180.511080069082,7,8529.98,8263.58,-266.4,33.44,-299.84,-3.52,4,Trailing Stop Hit (20 EMA)
ZYDUSWELL.NS,Zydus Wellness Limited,Consumer Goods & Retail,2018-05-25,2018-05-29,250.55274963378906,247.19096051192224,34,8518.79,8404.49,-114.3,33.57,-147.87,-1.74,4,Trailing Stop Hit (20 EMA)
ANANTRAJ.NS,Anant Raj Limited,"Construction, Materials & Infra",2018-05-25,2018-05-29,17.622587203979492,17.320155693559222,484,8529.33,8382.96,-146.37,33.56,-179.93,-2.11,4,Trailing Stop Hit (20 EMA)
USHAMART.NS,Usha Martin Limited,Information Technology,2018-05-22,2018-05-30,24.3310546875,22.59560275546016,351,8540.2,7931.06,-609.14,33.1,-642.24,-7.52,8,Trailing Stop Hit (20 EMA)
MINDACORP.NS,Minda Corporation Limited,Automobile & Auto Components,2018-05-24,2018-05-30,175.35806274414062,175.71578138121836,48,8417.19,8434.36,17.17,33.48,-16.31,-0.19,6,Trailing Stop Hit (20 EMA)
PGEL.NS,PG Electroplast Limited,Consumer Goods & Retail,2018-05-28,2018-05-30,26.349790573120117,24.81873763000339,324,8537.33,8041.27,-496.06,33.21,-529.27,-6.2,2,Trailing Stop Hit (20 EMA)
DMART.NS,Avenue Supermarts Limited,Consumer Goods & Retail,2018-05-25,2018-06-04,1497.550048828125,1482.6643760451236,5,7487.75,7413.32,-74.43,31.31,-105.74,-1.41,10,Trailing Stop Hit (20 EMA)
SAMMAANCAP.NS,Sammaan Capital Limited,Banking & Financial Services,2018-05-28,2018-06-04,906.5132446289062,900.8221278327413,9,8158.62,8107.4,-51.22,32.82,-84.04,-1.03,7,Trailing Stop Hit (20 EMA)
ATUL.NS,Atul Limited,Chemicals & Fertilisers,2018-05-31,2018-06-04,2724.65234375,2683.802033881644,3,8173.96,8051.41,-122.55,32.78,-155.33,-1.9,4,Trailing Stop Hit (20 EMA)
CUB.NS,City Union Bank Limited,Banking & Financial Services,2018-05-31,2018-06-05,127.0101318359375,120.79457286526404,66,8382.67,7972.44,-410.23,32.96,-443.19,-5.29,5,Trailing Stop Hit (20 EMA)
ANANTRAJ.NS,Anant Raj Limited,"Construction, Materials & Infra",2018-06-04,2018-06-06,17.662914276123047,16.674918504653146,474,8372.22,7903.91,-468.31,32.87,-501.18,-5.99,2,Trailing Stop Hit (20 EMA)
USHAMART.NS,Usha Martin Limited,Information Technology,2018-06-07,2018-06-11,23.042940139770508,28.35,361,8318.5,10234.35,1915.85,35.23,1880.62,22.61,4,Target Hit (3x ATR)
ANANTRAJ.NS,Anant Raj Limited,"Construction, Materials & Infra",2018-06-06,2018-06-15,17.804054260253906,17.552363716914293,468,8332.3,8214.51,-117.79,33.14,-150.93,-1.81,9,Trailing Stop Hit (20 EMA)
JWL.NS,Jupiter Wagons Limited,Information Technology,2018-06-07,2018-06-15,14.048091888427734,14.207905787937568,593,8330.52,8425.29,94.77,33.38,61.39,0.74,8,Trailing Stop Hit (20 EMA)
EIHOTEL.NS,EIH Limited,Consumer Goods & Retail,2018-06-08,2018-06-15,166.2238311767578,166.64200457262143,50,8311.19,8332.1,20.91,33.26,-12.35,-0.15,7,Trailing Stop Hit (20 EMA)
PVRINOX.NS,PVR INOX Limited,Diversified & Others,2018-06-08,2018-06-18,1375.6201171875,1341.6017237480253,6,8253.72,8049.61,-204.11,32.89,-237.0,-2.87,10,Trailing Stop Hit (20 EMA)
DIVISLAB.NS,Divi's Laboratories Limited,Healthcare & Pharmaceuticals,2018-06-14,2018-06-19,1021.3359375,1019.7594807905908,8,8170.69,8158.08,-12.61,32.89,-45.5,-0.56,5,Trailing Stop Hit (20 EMA)
OFSS.NS,Oracle Financial Services Software Limited,Information Technology,2018-06-11,2018-07-03,2686.27099609375,2740.037594299974,3,8058.81,8220.11,161.3,32.82,128.48,1.59,22,Trailing Stop Hit (20 EMA)
MINDACORP.NS,Minda Corporation Limited,Automobile & Auto Components,2018-06-29,2018-07-03,160.92588806152344,153.68565346518486,52,8368.15,7991.65,-376.5,32.97,-409.47,-4.89,4,Trailing Stop Hit (20 EMA)
ZYDUSWELL.NS,Zydus Wellness Limited,Consumer Goods & Retail,2018-06-29,2018-07-03,260.2644958496094,256.08847464595294,32,8328.46,8194.83,-133.63,33.12,-166.75,-2.0,4,Trailing Stop Hit (20 EMA)
CHOLAFIN.NS,Cholamandalam Investment and Finance Company Limited,Banking & Financial Services,2018-07-10,2018-07-12,310.26995849609375,301.8349529522471,27,8377.29,8149.54,-227.75,33.14,-260.89,-3.11,2,Trailing Stop Hit (20 EMA)
DIVISLAB.NS,Divi's Laboratories Limited,Healthcare & Pharmaceuticals,2018-07-03,2018-07-16,1022.3246459960938,1018.1897220725625,8,8178.6,8145.52,-33.08,32.89,-65.97,-0.81,13,Trailing Stop Hit (20 EMA)
PNB.NS,Punjab National Bank,Banking & Financial Services,2018-07-17,2018-07-19,70.95867919921875,68.11852091246793,118,8373.12,8037.99,-335.13,33.02,-368.15,-4.4,2,Trailing Stop Hit (20 EMA)
ATUL.NS,Atul Limited,Chemicals & Fertilisers,2018-07-05,2018-07-20,2613.325927734375,2793.62,3,7839.98,8380.86,540.88,32.74,508.14,6.48,15,Target Hit (3x ATR)
SAMMAANCAP.NS,Sammaan Capital Limited,Banking & Financial Services,2018-07-18,2018-07-25,894.9132080078125,970.71,9,8054.22,8736.39,682.17,33.36,648.81,8.06,7,Target Hit (3x ATR)
CHOLAFIN.NS,Cholamandalam Investment and Finance Company Limited,Banking & Financial Services,2018-07-23,2018-07-25,300.4053039550781,296.87206376979236,28,8411.35,8312.42,-98.93,33.35,-132.28,-1.57,2,Trailing Stop Hit (20 EMA)
JWL.NS,Jupiter Wagons Limited,Information Technology,2018-07-24,2018-07-26,13.650973320007324,13.209465074123784,622,8490.91,8216.29,-274.62,33.33,-307.95,-3.63,2,Trailing Stop Hit (20 EMA)
MINDACORP.NS,Minda Corporation Limited,Automobile & Auto Components,2018-07-24,2018-07-26,153.02908325195312,151.4882316165327,55,8416.6,8331.85,-84.75,33.38,-118.13,-1.4,2,Trailing Stop Hit (20 EMA)
DMART.NS,Avenue Supermarts Limited,Consumer Goods & Retail,2018-07-24,2018-07-26,1571.6500244140625,1544.8416175316138,5,7858.25,7724.21,-134.04,32.07,-166.11,-2.11,2,Trailing Stop Hit (20 EMA)
CHOLAFIN.NS,Cholamandalam Investment and Finance Company Limited,Banking & Financial Services,2018-07-26,2018-07-30,301.47894287109375,286.5651094129295,28,8441.41,8023.82,-417.59,33.08,-450.67,-5.34,4,Trailing Stop Hit (20 EMA)
ENDURANCE.NS,Endurance Technologies Limited,Automobile & Auto Components,2018-07-20,2018-07-31,1207.49560546875,1333.21,6,7244.97,7999.26,754.29,31.64,722.65,9.97,11,Target Hit (3x ATR)
MUTHOOTFIN.NS,Muthoot Finance Limited,Banking & Financial Services,2018-07-26,2018-08-01,357.2056884765625,350.67218755774627,23,8215.73,8065.46,-150.27,32.85,-183.12,-2.23,6,Trailing Stop Hit (20 EMA)
ADANIENSOL.NS,Adani Energy Solutions Limited,"Energy, Power & Utilities",2018-07-23,2018-08-02,160.75,162.99079396771208,52,8359.0,8475.52,116.52,33.46,83.06,0.99,10,Trailing Stop Hit (20 EMA)
LTFOODS.NS,LT Foods Limited,Consumer Goods & Retail,2018-07-27,2018-08-02,54.953651428222656,53.59074391034474,153,8407.91,8199.38,-208.53,33.22,-241.75,-2.88,6,Trailing Stop Hit (20 EMA)
GALLANTT.NS,Gallantt Ispat Limited,Information Technology,2018-08-02,2018-08-06,43.812049865722656,43.26563108966657,192,8411.91,8307.0,-104.91,33.35,-138.26,-1.64,4,Trailing Stop Hit (20 EMA)
ANANTRAJ.NS,Anant Raj Limited,"Construction, Materials & Infra",2018-07-24,2018-08-08,16.37247657775879,16.568728692038533,519,8497.32,8599.17,101.85,33.75,68.1,0.8,15,Trailing Stop Hit (20 EMA)
PGEL.NS,PG Electroplast Limited,Consumer Goods & Retail,2018-08-03,2018-08-08,19.115337371826172,18.35517705125085,442,8448.98,8112.99,-335.99,33.18,-369.17,-4.37,5,Trailing Stop Hit (20 EMA)
NATCOPHARM.NS,Natco Pharma Limited,Healthcare & Pharmaceuticals,2018-08-03,2018-08-08,751.041259765625,743.9242130633221,11,8261.45,8183.17,-78.28,33.03,-111.31,-1.35,5,Trailing Stop Hit (20 EMA)
CUB.NS,City Union Bank Limited,Banking & Financial Services,2018-08-07,2018-08-08,123.77259826660156,132.77,67,8292.76,8895.59,602.83,33.81,569.02,6.86,1,Target Hit (3x ATR)
ZYDUSWELL.NS,Zydus Wellness Limited,Consumer Goods & Retail,2018-08-03,2018-08-10,295.06268310546875,282.8102353983808,28,8261.76,7918.69,-343.07,32.77,-375.84,-4.55,7,Trailing Stop Hit (20 EMA)
FEDERALBNK.NS,The Federal Bank  Limited,Banking & Financial Services,2018-07-17,2018-08-17,82.0697021484375,82.08088685620172,102,8371.11,8372.25,1.14,33.37,-32.23,-0.39,31,Trailing Stop Hit (20 EMA)
DMART.NS,Avenue Supermarts Limited,Consumer Goods & Retail,2018-08-17,2018-08-21,1616.699951171875,1594.8660802985673,5,8083.5,7974.33,-109.17,32.59,-141.76,-1.75,4,Trailing Stop Hit (20 EMA)
ADANIENSOL.NS,Adani Energy Solutions Limited,"Energy, Power & Utilities",2018-08-21,2018-08-24,169.89999389648438,166.81571028822546,49,8325.1,8173.97,-151.13,33.1,-184.23,-2.21,3,Trailing Stop Hit (20 EMA)
GLAXO.NS,GlaxoSmithKline Pharmaceuticals Limited,Healthcare & Pharmaceuticals,2018-07-24,2018-08-27,1290.19189453125,1401.85,6,7741.15,8411.1,669.95,32.65,637.3,8.23,34,Target Hit (3x ATR)
ZYDUSWELL.NS,Zydus Wellness Limited,Consumer Goods & Retail,2018-08-24,2018-08-27,288.5486755371094,318.13,29,8367.91,9225.77,857.86,34.25,823.61,9.84,3,Target Hit (3x ATR)
OFSS.NS,Oracle Financial Services Software Limited,Information Technology,2018-08-03,2018-08-28,2700.244384765625,2921.78,3,8100.73,8765.34,664.61,33.45,631.16,7.79,25,Target Hit (3x ATR)
UNIONBANK.NS,Union Bank of India,Banking & Financial Services,2018-08-27,2018-08-29,75.3318099975586,72.45518595369322,112,8437.16,8114.98,-322.18,33.17,-355.35,-4.21,2,Trailing Stop Hit (20 EMA)
NATCOPHARM.NS,Natco Pharma Limited,Healthcare & Pharmaceuticals,2018-08-31,2018-09-04,732.2064208984375,726.4841263090348,11,8054.27,7991.33,-62.94,32.58,-95.52,-1.19,4,Trailing Stop Hit (20 EMA)
USHAMART.NS,Usha Martin Limited,Information Technology,2018-08-27,2018-09-06,26.954992294311523,31.56,314,8463.87,9909.84,1445.97,35.05,1410.92,16.67,10,Target Hit (3x ATR)
GALLANTT.NS,Gallantt Ispat Limited,Information Technology,2018-09-14,2018-09-18,53.400543212890625,62.85,160,8544.09,10056.0,1511.91,35.31,1476.6,17.28,4,Target Hit (3x ATR)
JWL.NS,Jupiter Wagons Limited,Information Technology,2018-09-17,2018-09-18,14.643771171569824,17.12,587,8595.89,10049.44,1453.55,35.38,1418.17,16.5,1,Target Hit (3x ATR)
MUTHOOTFIN.NS,Muthoot Finance Limited,Banking & Financial Services,2018-09-05,2018-09-21,382.23284912109375,418.87,22,8409.12,9215.14,806.02,34.28,771.74,9.18,16,Target Hit (3x ATR)
USHAMART.NS,Usha Martin Limited,Information Technology,2018-09-14,2018-09-21,31.773494720458984,29.51152891532578,270,8578.84,7968.11,-610.73,33.19,-643.92,-7.51,7,Trailing Stop Hit (20 EMA)
PGEL.NS,PG Electroplast Limited,Consumer Goods & Retail,2018-09-19,2018-09-21,16.75714683532715,14.93,524,8780.74,7823.32,-957.42,33.27,-990.69,-11.28,2,Stop Loss Hit (2x ATR)
MINDACORP.NS,Minda Corporation Limited,Automobile & Auto Components,2018-09-21,2018-09-25,146.44927978515625,139.38564337838173,59,8640.51,8223.75,-416.76,33.52,-450.28,-5.21,4,Trailing Stop Hit (20 EMA)
NATCOPHARM.NS,Natco Pharma Limited,Healthcare & Pharmaceuticals,2018-09-21,2018-09-25,741.9259033203125,711.8280591047998,11,8161.18,7830.11,-331.07,32.53,-363.6,-4.46,4,Trailing Stop Hit (20 EMA)
PGEL.NS,PG Electroplast Limited,Consumer Goods & Retail,2018-10-15,2018-10-17,13.179889678955078,13.068615215809167,657,8659.19,8586.08,-73.11,33.94,-107.05,-1.24,2,Trailing Stop Hit (20 EMA)
PVRINOX.NS,PVR INOX Limited,Diversified & Others,2018-10-10,2018-10-19,1269.231201171875,1253.7464604403426,6,7615.39,7522.48,-92.91,31.58,-124.49,-1.63,9,Trailing Stop Hit (20 EMA)
COFORGE.NS,Coforge Limited,Information Technology,2018-10-17,2018-10-25,218.38983154296875,218.2021192076696,39,8517.2,8509.88,-7.32,33.68,-41.0,-0.48,8,Trailing Stop Hit (20 EMA)
ATUL.NS,Atul Limited,Chemicals & Fertilisers,2018-10-23,2018-10-25,3096.600830078125,3077.975890972868,2,6193.2,6155.95,-37.25,28.47,-65.72,-1.06,2,Trailing Stop Hit (20 EMA)
USHAMART.NS,Usha Martin Limited,Information Technology,2018-10-30,2018-11-02,30.43766975402832,36.56,288,8766.05,10529.28,1763.23,36.06,1727.17,19.7,3,Target Hit (3x ATR)
ENDURANCE.NS,Endurance Technologies Limited,Automobile & Auto Components,2018-10-30,2018-11-05,1156.9547119140625,1156.681091146853,7,8098.68,8096.77,-1.91,32.74,-34.65,-0.43,6,Trailing Stop Hit (20 EMA)
CREDITACC.NS,CREDITACCESS GRAMEEN LIMITED,Banking & Financial Services,2018-10-29,2018-11-06,273.72943115234375,328.21,31,8485.61,10174.51,1688.9,35.36,1653.54,19.49,8,Target Hit (3x ATR)
TRENT.NS,Trent Limited,Consumer Goods & Retail,2018-11-02,2018-11-06,324.7660827636719,322.1374287903634,27,8768.68,8697.71,-70.97,34.18,-105.15,-1.2,4,Trailing Stop Hit (20 EMA)
UNIONBANK.NS,Union Bank of India,Banking & Financial Services,2018-10-29,2018-11-09,58.4702262878418,68.6,147,8595.12,10084.2,1489.08,35.41,1453.67,16.91,11,Target Hit (3x ATR)
JWL.NS,Jupiter Wagons Limited,Information Technology,2018-10-31,2018-11-09,14.197011947631836,13.68298319659672,627,8901.53,8579.23,-322.3,34.2,-356.5,-4.0,9,Trailing Stop Hit (20 EMA)
CANBK.NS,Canara Bank,Banking & Financial Services,2018-10-29,2018-11-12,40.320945739746094,40.26237405070887,214,8628.68,8616.15,-12.53,33.93,-46.46,-0.54,14,Trailing Stop Hit (20 EMA)
NATCOPHARM.NS,Natco Pharma Limited,Healthcare & Pharmaceuticals,2018-10-29,2018-11-13,686.519775390625,695.9933629044419,12,8238.24,8351.92,113.68,33.18,80.5,0.98,15,Trailing Stop Hit (20 EMA)
LTFOODS.NS,LT Foods Limited,Consumer Goods & Retail,2018-11-05,2018-11-15,39.83953857421875,38.73799343851173,225,8963.9,8716.05,-247.85,34.42,-282.27,-3.15,10,Trailing Stop Hit (20 EMA)
DIVISLAB.NS,Divi's Laboratories Limited,Healthcare & Pharmaceuticals,2018-10-29,2018-11-28,1366.4639892578125,1412.9763292510088,6,8198.78,8477.86,279.08,33.26,245.82,3.0,30,Trailing Stop Hit (20 EMA)
JWL.NS,Jupiter Wagons Limited,Information Technology,2018-11-29,2018-12-03,16.232250213623047,20.848759425255878,550,8927.74,11466.82,2539.08,37.23,2501.85,28.02,4,Target Hit (3x ATR)
PGEL.NS,PG Electroplast Limited,Consumer Goods & Retail,2018-11-30,2018-12-04,10.541913986206055,10.297645710403737,856,9023.88,8814.78,-209.1,34.58,-243.68,-2.7,4,Trailing Stop Hit (20 EMA)
ANANTRAJ.NS,Anant Raj Limited,"Construction, Materials & Infra",2018-12-03,2018-12-05,15.053722381591797,14.371430712474721,607,9137.61,8723.46,-414.15,34.63,-448.78,-4.91,2,Trailing Stop Hit (20 EMA)
GLAXO.NS,GlaxoSmithKline Pharmaceuticals Limited,Healthcare & Pharmaceuticals,2018-12-03,2018-12-05,1130.465576171875,1119.6238762094576,8,9043.72,8956.99,-86.73,34.77,-121.5,-1.34,2,Trailing Stop Hit (20 EMA)
SAMMAANCAP.NS,Sammaan Capital Limited,Banking & Financial Services,2018-12-03,2018-12-06,596.6075439453125,582.0988863622704,15,8949.11,8731.48,-217.63,34.42,-252.05,-2.82,3,Trailing Stop Hit (20 EMA)
OFSS.NS,Oracle Financial Services Software Limited,Information Technology,2018-12-04,2018-12-10,2504.39697265625,2474.7993952165857,3,7513.19,7424.4,-88.79,31.35,-120.14,-1.6,6,Trailing Stop Hit (20 EMA)
ENDURANCE.NS,Endurance Technologies Limited,Automobile & Auto Components,2018-12-07,2018-12-11,1113.8004150390625,1073.011733505774,8,8910.4,8584.09,-326.31,34.21,-360.52,-4.05,4,Trailing Stop Hit (20 EMA)
COFORGE.NS,Coforge Limited,Information Technology,2018-12-11,2018-12-13,203.02159118652344,203.35488180532883,44,8932.95,8947.61,14.66,34.63,-19.97,-0.22,2,Trailing Stop Hit (20 EMA)
ZYDUSWELL.NS,Zydus Wellness Limited,Consumer Goods & Retail,2018-11-27,2018-12-17,238.1557159423828,269.53413215181354,37,8811.76,9972.76,1161.0,35.54,1125.46,12.77,20,Target Hit (3x ATR)
TMPV.NS,Tata Motors Passenger Vehicles Limited,Automobile & Auto Components,2018-12-17,2018-12-20,169.46763610839844,167.59538844603705,53,8981.78,8882.56,-99.22,34.61,-133.83,-1.49,3,Trailing Stop Hit (20 EMA)
ENDURANCE.NS,Endurance Technologies Limited,Automobile & Auto Components,2018-12-11,2018-12-21,1103.6636962890625,1120.1430003704445,8,8829.31,8961.14,131.83,34.51,97.32,1.1,10,Trailing Stop Hit (20 EMA)
PGEL.NS,PG Electroplast Limited,Consumer Goods & Retail,2018-12-14,2018-12-26,11.381270408630371,10.493046623238053,805,9161.92,8446.9,-715.02,34.37,-749.39,-8.18,12,Trailing Stop Hit (20 EMA)
PNB.NS,Punjab National Bank,Banking & Financial Services,2018-12-12,2018-12-31,63.83575439453125,71.55,142,9064.68,10160.1,1095.42,36.03,1059.39,11.69,19,Target Hit (3x ATR)
LTFOODS.NS,LT Foods Limited,Consumer Goods & Retail,2019-01-02,2019-01-04,40.43622589111328,38.69209498240056,228,9219.46,8821.8,-397.66,34.82,-432.48,-4.69,2,Trailing Stop Hit (20 EMA)
SAMMAANCAP.NS,Sammaan Capital Limited,Banking & Financial Services,2018-12-13,2019-01-07,591.0075073242188,618.6413579547434,15,8865.11,9279.62,414.51,34.89,379.62,4.28,25,Trailing Stop Hit (20 EMA)
ANANTRAJ.NS,Anant Raj Limited,"Construction, Materials & Infra",2019-01-07,2019-01-09,14.625362396240234,14.414898242918543,630,9213.98,9081.39,-132.59,35.08,-167.67,-1.82,2,Trailing Stop Hit (20 EMA)
MUTHOOTFIN.NS,Muthoot Finance Limited,Banking & Financial Services,2018-12-07,2019-01-11,412.42291259765625,472.3,22,9073.3,10390.6,1317.3,36.28,1281.02,14.12,35,Target Hit (3x ATR)
PGEL.NS,PG Electroplast Limited,Consumer Goods & Retail,2019-01-03,2019-01-11,11.646066665649414,11.010624259942059,787,9165.45,8665.36,-500.09,34.61,-534.7,-5.83,8,Trailing Stop Hit (20 EMA)
COFORGE.NS,Coforge Limited,Information Technology,2019-01-09,2019-01-11,213.0196075439453,208.25693991216264,43,9159.84,8955.05,-204.79,34.9,-239.69,-2.62,2,Trailing Stop Hit (20 EMA)
ENDURANCE.NS,Endurance Technologies Limited,Automobile & Auto Components,2019-01-10,2019-01-14,1164.82275390625,1154.4925877039934,7,8153.76,8081.45,-72.31,32.78,-105.09,-1.29,4,Trailing Stop Hit (20 EMA)
DIVISLAB.NS,Divi's Laboratories Limited,Healthcare & Pharmaceuticals,2019-01-10,2019-01-18,1442.6552734375,1416.8557880666303,6,8655.93,8501.13,-154.8,33.84,-188.64,-2.18,8,Trailing Stop Hit (20 EMA)
PVRINOX.NS,PVR INOX Limited,Diversified & Others,2019-01-04,2019-01-22,1539.2803955078125,1567.2907539149157,5,7696.4,7836.45,140.05,32.0,108.05,1.4,18,Trailing Stop Hit (20 EMA)
KPIL.NS,Kalpataru Projects International Limited,"Construction, Materials & Infra",2019-01-21,2019-01-23,344.97723388671875,340.17074368902934,26,8969.41,8844.44,-124.97,34.56,-159.53,-1.78,2,Trailing Stop Hit (20 EMA)
CUB.NS,City Union Bank Limited,Banking & Financial Services,2019-01-29,2019-01-31,137.05142211914062,135.27817655159996,66,9045.39,8928.36,-117.03,34.75,-151.78,-1.68,2,Trailing Stop Hit (20 EMA)
NATCOPHARM.NS,Natco Pharma Limited,Healthcare & Pharmaceuticals,2019-01-31,2019-02-04,650.2240600585938,643.5739678918371,14,9103.14,9010.04,-93.1,34.89,-127.99,-1.41,4,Trailing Stop Hit (20 EMA)
TMPV.NS,Tata Motors Passenger Vehicles Limited,Automobile & Auto Components,2019-01-31,2019-02-05,176.5308074951172,173.55345880520494,51,9003.07,8851.23,-151.84,34.6,-186.44,-2.07,5,Trailing Stop Hit (20 EMA)
EIHOTEL.NS,EIH Limited,Consumer Goods & Retail,2019-01-31,2019-02-07,193.59483337402344,180.32198955683867,47,9098.96,8475.13,-623.83,34.33,-658.16,-7.23,7,Trailing Stop Hit (20 EMA)
TRENT.NS,Trent Limited,Consumer Goods & Retail,2019-02-05,2019-02-07,356.8558349609375,351.1391046398649,25,8921.4,8778.48,-142.92,34.43,-177.35,-1.99,2,Trailing Stop Hit (20 EMA)
DMART.NS,Avenue Supermarts Limited,Consumer Goods & Retail,2019-02-01,2019-02-11,1442.949951171875,1450.8821395040156,6,8657.7,8705.29,47.59,34.06,13.53,0.16,10,Trailing Stop Hit (20 EMA)
CHOLAFIN.NS,Cholamandalam Investment and Finance Company Limited,Banking & Financial Services,2019-01-31,2019-02-12,228.84210205078125,234.42932629800572,39,8924.84,9142.74,217.9,34.81,183.09,2.05,12,Trailing Stop Hit (20 EMA)
ANANTRAJ.NS,Anant Raj Limited,"Construction, Materials & Infra",2019-02-22,2019-02-26,13.136308670043945,12.90752493994876,691,9077.19,8919.1,-158.09,34.76,-192.85,-2.12,4,Trailing Stop Hit (20 EMA)
BLS.NS,BLS International Services Limited,Consumer Goods & Retail,2019-02-25,2019-02-27,25.14438819885254,24.557705573610097,360,9051.98,8840.77,-211.21,34.65,-245.86,-2.72,2,Trailing Stop Hit (20 EMA)
USHAMART.NS,Usha Martin Limited,Information Technology,2019-02-20,2019-02-28,31.391834259033203,30.604562633591648,288,9040.85,8814.11,-226.74,34.61,-261.35,-2.89,8,Trailing Stop Hit (20 EMA)
JWL.NS,Jupiter Wagons Limited,Information Technology,2019-02-27,2019-03-01,19.607763290405273,19.11136345445141,460,9019.57,8791.23,-228.34,34.56,-262.9,-2.91,2,Trailing Stop Hit (20 EMA)
CANBK.NS,Canara Bank,Banking & Financial Services,2019-02-27,2019-03-06,39.13603210449219,43.41,230,9001.29,9984.3,983.01,35.78,947.23,10.52,7,Target Hit (3x ATR)
LTFOODS.NS,LT Foods Limited,Consumer Goods & Retail,2019-03-05,2019-03-07,31.853275299072266,35.45,289,9205.6,10245.05,1039.45,36.29,1003.16,10.9,2,Target Hit (3x ATR)
ATUL.NS,Atul Limited,Chemicals & Fertilisers,2019-03-05,2019-03-07,3313.087890625,3292.540674953867,2,6626.18,6585.08,-41.1,29.46,-70.56,-1.06,2,Trailing Stop Hit (20 EMA)
CGPOWER.NS,CG Power and Industrial Solutions Limited,Information Technology,2019-03-01,2019-03-11,36.155059814453125,34.04131535393268,252,9111.08,8578.41,-532.67,34.45,-567.12,-6.22,10,Trailing Stop Hit (20 EMA)
KPIL.NS,Kalpataru Projects International Limited,"Construction, Materials & Infra",2019-02-25,2019-03-12,339.0372009277344,384.5172037624749,26,8814.97,9997.45,1182.48,35.57,1146.91,13.01,15,Target Hit (3x ATR)
EIHOTEL.NS,EIH Limited,Consumer Goods & Retail,2019-03-05,2019-03-12,181.0785675048828,198.29,50,9053.93,9914.5,860.57,35.75,824.82,9.11,7,Target Hit (3x ATR)
TRENT.NS,Trent Limited,Consumer Goods & Retail,2019-03-11,2019-03-13,337.3143310546875,368.79,27,9107.49,9957.33,849.84,35.89,813.95,8.94,2,Target Hit (3x ATR)
DMART.NS,Avenue Supermarts Limited,Consumer Goods & Retail,2019-03-11,2019-03-14,1482.199951171875,1469.9424206830722,6,8893.2,8819.65,-73.55,34.43,-107.98,-1.21,3,Trailing Stop Hit (20 EMA)
MINDACORP.NS,Minda Corporation Limited,Automobile & Auto Components,2019-02-27,2019-03-15,133.45590209960938,137.10454279941942,67,8941.55,9186.0,244.45,34.88,209.57,2.34,16,Trailing Stop Hit (20 EMA)
BANKBARODA.NS,Bank of Baroda,Banking & Financial Services,2019-03-01,2019-03-15,92.82986450195312,101.74,98,9097.33,9970.52,873.19,35.88,837.31,9.2,14,Target Hit (3x ATR)
UNIONBANK.NS,Union Bank of India,Banking & Financial Services,2019-03-01,2019-03-19,64.71991729736328,72.86,140,9060.79,10200.4,1139.61,36.07,1103.54,12.18,18,Target Hit (3x ATR)
CUB.NS,City Union Bank Limited,Banking & Financial Services,2019-02-28,2019-03-22,130.74404907226562,140.08,69,9021.34,9665.52,644.18,35.47,608.71,6.75,22,Target Hit (3x ATR)
ADANIENSOL.NS,Adani Energy Solutions Limited,"Energy, Power & Utilities",2019-03-15,2019-03-25,235.1999969482422,216.14863565234077,40,9408.0,8645.95,-762.05,34.88,-796.93,-8.47,10,Trailing Stop Hit (20 EMA)
TMPV.NS,Tata Motors Passenger Vehicles Limited,Automobile & Auto Components,2019-04-01,2019-04-03,182.5223388671875,202.5,51,9308.64,10327.5,1018.86,36.51,982.35,10.55,2,Target Hit (3x ATR)
TRENT.NS,Trent Limited,Consumer Goods & Retail,2019-04-02,2019-04-04,360.972412109375,353.63202760179547,26,9385.28,9194.43,-190.85,35.41,-226.26,-2.41,2,Trailing Stop Hit (20 EMA)
GALLANTT.NS,Gallantt Ispat Limited,Information Technology,2019-04-08,2019-04-10,49.786624908447266,48.198106051531745,191,9509.25,9205.84,-303.41,35.57,-338.98,-3.56,2,Trailing Stop Hit (20 EMA)
OFSS.NS,Oracle Financial Services Software Limited,Information Technology,2019-04-02,2019-04-16,2400.463134765625,2552.58,3,7201.39,7657.74,456.35,31.23,425.12,5.9,14,Target Hit (3x ATR)
PVRINOX.NS,PVR INOX Limited,Diversified & Others,2019-03-27,2019-04-23,1571.3731689453125,1631.4382090196723,5,7856.87,8157.19,300.32,32.52,267.8,3.41,27,Trailing Stop Hit (20 EMA)
CUB.NS,City Union Bank Limited,Banking & Financial Services,2019-04-23,2019-04-25,145.71067810058594,142.25561058389067,65,9471.19,9246.61,-224.58,35.56,-260.14,-2.75,2,Trailing Stop Hit (20 EMA)
CGPOWER.NS,CG Power and Industrial Solutions Limited,Information Technology,2019-04-26,2019-05-02,38.77284622192383,37.0441202067441,244,9460.57,9038.77,-421.8,35.34,-457.14,-4.83,6,Trailing Stop Hit (20 EMA)
TRENT.NS,Trent Limited,Consumer Goods & Retail,2019-04-30,2019-05-03,352.8384094238281,383.82,26,9173.8,9979.32,805.52,35.98,769.54,8.39,3,Target Hit (3x ATR)
ZYDUSWELL.NS,Zydus Wellness Limited,Consumer Goods & Retail,2019-04-30,2019-05-03,255.5295867919922,253.91815782344372,36,9199.07,9141.05,-58.02,35.13,-93.15,-1.01,3,Trailing Stop Hit (20 EMA)
AXISBANK.NS,Axis Bank Limited,Banking & Financial Services,2019-04-30,2019-05-03,762.1264038085938,749.5046325470017,12,9145.52,8994.06,-151.46,34.92,-186.38,-2.04,3,Trailing Stop Hit (20 EMA)
ZYDUSWELL.NS,Zydus Wellness Limited,Consumer Goods & Retail,2019-05-03,2019-05-07,254.787353515625,254.41414852005,37,9427.13,9413.32,-13.81,35.68,-49.49,-0.52,4,Trailing Stop Hit (20 EMA)
FEDERALBNK.NS,The Federal Bank  Limited,Banking & Financial Services,2019-05-03,2019-05-10,91.80801391601562,90.53921312371058,103,9456.23,9325.54,-130.69,35.64,-166.33,-1.76,7,Trailing Stop Hit (20 EMA)
CGPOWER.NS,CG Power and Industrial Solutions Limited,Information Technology,2019-05-08,2019-05-10,38.723453521728516,36.550200289527844,244,9448.52,8918.25,-530.27,35.2,-565.47,-5.98,2,Trailing Stop Hit (20 EMA)
ZYDUSWELL.NS,Zydus Wellness Limited,Consumer Goods & Retail,2019-05-09,2019-05-13,255.19749450683594,254.1818400730287,36,9187.11,9150.55,-36.56,35.13,-71.69,-0.78,4,Trailing Stop Hit (20 EMA)
ZYDUSWELL.NS,Zydus Wellness Limited,Consumer Goods & Retail,2019-05-14,2019-05-16,254.48458862304688,254.39889046314624,37,9415.93,9412.76,-3.17,35.67,-38.84,-0.41,2,Trailing Stop Hit (20 EMA)
ENDURANCE.NS,Endurance Technologies Limited,Automobile & Auto Components,2019-05-15,2019-05-17,1129.2470703125,1116.9546219638041,8,9033.98,8935.64,-98.34,34.74,-133.08,-1.47,2,Trailing Stop Hit (20 EMA)
DMART.NS,Avenue Supermarts Limited,Consumer Goods & Retail,2019-05-20,2019-05-22,1318.0999755859375,1280.0,7,9226.7,8960.0,-266.7,34.98,-301.68,-3.27,2,Trailing Stop Hit (20 EMA)
BANKBARODA.NS,Bank of Baroda,Banking & Financial Services,2019-05-20,2019-05-23,105.53923034667969,118.82,89,9392.99,10574.98,1181.99,36.84,1145.15,12.19,3,Target Hit (3x ATR)
BLS.NS,BLS International Services Limited,Consumer Goods & Retail,2019-05-21,2019-05-24,29.61106300354004,29.14381212750997,318,9416.32,9267.73,-148.59,35.53,-184.12,-1.96,3,Trailing Stop Hit (20 EMA)
COFORGE.NS,Coforge Limited,Information Technology,2019-05-21,2019-05-24,236.86463928222656,233.7589661805868,39,9237.72,9116.6,-121.12,35.16,-156.28,-1.69,3,Trailing Stop Hit (20 EMA)
ANANTRAJ.NS,Anant Raj Limited,"Construction, Materials & Infra",2019-05-23,2019-05-24,12.361184120178223,13.81,768,9493.39,10606.08,1112.69,37.0,1075.69,11.33,1,Target Hit (3x ATR)
CUB.NS,City Union Bank Limited,Banking & Financial Services,2019-05-20,2019-05-28,145.88882446289062,155.65,64,9336.88,9961.6,624.72,36.16,588.56,6.3,8,Target Hit (3x ATR)
ADANIENSOL.NS,Adani Energy Solutions Limited,"Energy, Power & Utilities",2019-05-20,2019-05-29,224.0,249.39,41,9184.0,10224.99,1040.99,36.23,1004.76,10.94,9,Target Hit (3x ATR)
ARE&M.NS,Amara Raja Energy & Mobility Limited,Automobile & Auto Components,2019-05-27,2019-05-29,586.0067138671875,583.4465095448934,16,9376.11,9335.14,-40.97,35.56,-76.53,-0.82,2,Trailing Stop Hit (20 EMA)
USHAMART.NS,Usha Martin Limited,Information Technology,2019-05-28,2019-05-30,31.057876586914062,30.199134292420688,312,9690.06,9422.13,-267.93,36.0,-303.93,-3.14,2,Trailing Stop Hit (20 EMA)
CANBK.NS,Canara Bank,Banking & Financial Services,2019-05-23,2019-05-31,43.8587646484375,44.99588790253115,216,9473.49,9719.11,245.62,36.05,209.57,2.21,8,Trailing Stop Hit (20 EMA)
MUTHOOTFIN.NS,Muthoot Finance Limited,Banking & Financial Services,2019-05-20,2019-06-07,551.69140625,554.3429469639904,17,9378.75,9423.83,45.08,35.64,9.44,0.1,18,Trailing Stop Hit (20 EMA)
DMART.NS,Avenue Supermarts Limited,Consumer Goods & Retail,2019-06-18,2019-06-21,1342.0,1315.5130648636448,7,9394.0,9208.59,-185.41,35.43,-220.84,-2.35,3,Trailing Stop Hit (20 EMA)
MUTHOOTFIN.NS,Muthoot Finance Limited,Banking & Financial Services,2019-06-25,2019-07-01,570.793701171875,562.0269484535312,16,9132.7,8992.43,-140.27,34.9,-175.17,-1.92,6,Trailing Stop Hit (20 EMA)
ARE&M.NS,Amara Raja Energy & Mobility Limited,Automobile & Auto Components,2019-06-27,2019-07-01,567.1710205078125,565.2135451327761,16,9074.74,9043.42,-31.32,34.88,-66.2,-0.73,4,Trailing Stop Hit (20 EMA)
USHAMART.NS,Usha Martin Limited,Information Technology,2019-06-28,2019-07-02,29.05414390563965,28.159041809515053,331,9616.92,9320.64,-296.28,35.82,-332.1,-3.45,4,Trailing Stop Hit (20 EMA)
OFSS.NS,Oracle Financial Services Software Limited,Information Technology,2019-07-02,2019-07-04,2289.42919921875,2256.5302078524414,4,9157.72,9026.12,-131.6,34.97,-166.57,-1.82,2,Trailing Stop Hit (20 EMA)
KPIL.NS,Kalpataru Projects International Limited,"Construction, Materials & Infra",2019-06-20,2019-07-05,463.91448974609375,469.4244658395393,20,9278.29,9388.49,110.2,35.49,74.71,0.81,15,Trailing Stop Hit (20 EMA)
ANANTRAJ.NS,Anant Raj Limited,"Construction, Materials & Infra",2019-07-01,2019-07-05,13.115911483764648,12.503898668031589,734,9627.08,9177.86,-449.22,35.68,-484.9,-5.04,4,Trailing Stop Hit (20 EMA)
ADANIENSOL.NS,Adani Energy Solutions Limited,"Energy, Power & Utilities",2019-07-02,2019-07-05,236.1999969482422,226.08937885570944,40,9448.0,9043.58,-404.42,35.33,-439.75,-4.65,3,Trailing Stop Hit (20 EMA)
AXISBANK.NS,Axis Bank Limited,Banking & Financial Services,2019-06-27,2019-07-08,795.5194702148438,791.3834373921967,12,9546.23,9496.6,-49.63,35.91,-85.54,-0.9,11,Trailing Stop Hit (20 EMA)
FEDERALBNK.NS,The Federal Bank  Limited,Banking & Financial Services,2019-06-27,2019-07-08,102.05592346191406,100.1285623411193,94,9593.26,9412.08,-181.18,35.87,-217.05,-2.26,11,Trailing Stop Hit (20 EMA)
DMART.NS,Avenue Supermarts Limited,Consumer Goods & Retail,2019-07-08,2019-07-10,1393.0,1370.0,6,8358.0,8220.0,-138.0,33.18,-171.18,-2.05,2,Trailing Stop Hit (20 EMA)
NATCOPHARM.NS,Natco Pharma Limited,Healthcare & Pharmaceuticals,2019-07-09,2019-07-11,505.8467102050781,504.5980622992855,18,9105.24,9082.77,-22.47,34.97,-57.44,-0.63,2,Trailing Stop Hit (20 EMA)
ZYDUSWELL.NS,Zydus Wellness Limited,Consumer Goods & Retail,2019-07-10,2019-07-19,264.92449951171875,265.27235193048205,35,9272.36,9284.53,12.17,35.37,-23.2,-0.25,9,Trailing Stop Hit (20 EMA)
CREDITACC.NS,CREDITACCESS GRAMEEN LIMITED,Banking & Financial Services,2019-07-15,2019-07-19,515.01611328125,514.1369646074315,18,9270.29,9254.47,-15.82,35.33,-51.15,-0.55,4,Trailing Stop Hit (20 EMA)
DMART.NS,Avenue Supermarts Limited,Consumer Goods & Retail,2019-07-15,2019-07-19,1425.25,1395.8035487481616,6,8551.5,8374.82,-176.68,33.57,-210.25,-2.46,4,Trailing Stop Hit (20 EMA)
PVRINOX.NS,PVR INOX Limited,Diversified & Others,2019-07-10,2019-07-22,1663.8358154296875,1670.8361145512945,5,8319.18,8354.18,35.0,33.29,1.71,0.02,12,Trailing Stop Hit (20 EMA)
COFORGE.NS,Coforge Limited,Information Technology,2019-07-12,2019-07-24,246.96348571777344,243.72861340382707,38,9384.61,9261.69,-122.92,35.48,-158.4,-1.69,12,Trailing Stop Hit (20 EMA)
JWL.NS,Jupiter Wagons Limited,Information Technology,2019-07-23,2019-07-25,16.8775691986084,16.331530407849467,559,9434.56,9129.33,-305.23,35.4,-340.63,-3.61,2,Trailing Stop Hit (20 EMA)
USHAMART.NS,Usha Martin Limited,Information Technology,2019-07-26,2019-07-31,27.956857681274414,27.51878475058888,336,9393.5,9246.31,-147.19,35.47,-182.66,-1.94,5,Trailing Stop Hit (20 EMA)
ZYDUSWELL.NS,Zydus Wellness Limited,Consumer Goods & Retail,2019-07-29,2019-07-31,277.068115234375,296.33,33,9143.25,9778.89,635.64,35.72,599.92,6.56,2,Target Hit (3x ATR)
KPIL.NS,Kalpataru Projects International Limited,"Construction, Materials & Infra",2019-08-13,2019-08-16,445.2597351074219,439.4881385072439,21,9350.45,9229.25,-121.2,35.4,-156.6,-1.67,3,Trailing Stop Hit (20 EMA)
SAMMAANCAP.NS,Sammaan Capital Limited,Banking & Financial Services,2019-08-13,2019-08-16,450.25689697265625,409.71724231167315,21,9455.39,8604.06,-851.33,34.89,-886.22,-9.37,3,Trailing Stop Hit (20 EMA)
LTFOODS.NS,LT Foods Limited,Consumer Goods & Retail,2019-08-09,2019-08-21,20.241060256958008,19.228051673818715,466,9432.33,8960.27,-472.06,35.22,-507.28,-5.38,12,Trailing Stop Hit (20 EMA)
CUB.NS,City Union Bank Limited,Banking & Financial Services,2019-08-16,2019-08-22,139.22511291503906,140.28245228368684,67,9328.08,9398.92,70.84,35.56,35.28,0.38,6,Trailing Stop Hit (20 EMA)
DMART.NS,Avenue Supermarts Limited,Consumer Goods & Retail,2019-08-09,2019-08-23,1450.800048828125,1464.3244136557132,6,8704.8,8785.95,81.15,34.19,46.96,0.54,14,Trailing Stop Hit (20 EMA)
ANANTRAJ.NS,Anant Raj Limited,"Construction, Materials & Infra",2019-08-28,2019-08-30,11.218896865844727,12.88,832,9334.12,10716.16,1382.04,36.93,1345.11,14.41,2,Target Hit (3x ATR)
TRENT.NS,Trent Limited,Consumer Goods & Retail,2019-08-02,2019-09-03,440.4330139160156,456.2578037570506,21,9249.09,9581.41,332.32,35.64,296.68,3.21,32,Trailing Stop Hit (20 EMA)
MINDACORP.NS,Minda Corporation Limited,Automobile & Auto Components,2019-08-27,2019-09-04,90.79655456542969,84.93800510828,103,9352.05,8748.61,-603.44,34.91,-638.35,-6.83,8,Trailing Stop Hit (20 EMA)
GLAXO.NS,GlaxoSmithKline Pharmaceuticals Limited,Healthcare & Pharmaceuticals,2019-08-30,2019-09-06,1012.1076049804688,1066.09,9,9108.97,9594.81,485.84,35.49,450.35,4.94,7,Target Hit (3x ATR)
TRENT.NS,Trent Limited,Consumer Goods & Retail,2019-09-04,2019-09-06,464.4349365234375,456.6157612405793,20,9288.7,9132.32,-156.38,35.23,-191.61,-2.06,2,Trailing Stop Hit (20 EMA)
TMPV.NS,Tata Motors Passenger Vehicles Limited,Automobile & Auto Components,2019-09-05,2019-09-09,115.00807189941406,115.93359147265275,81,9315.65,9390.62,74.97,35.54,39.43,0.42,4,Trailing Stop Hit (20 EMA)
USHAMART.NS,Usha Martin Limited,Information Technology,2019-08-27,2019-09-11,26.2393741607666,25.206976401681047,356,9341.22,8973.68,-367.54,35.13,-402.67,-4.31,15,Trailing Stop Hit (20 EMA)
OFSS.NS,Oracle Financial Services Software Limited,Information Technology,2019-09-06,2019-09-11,2138.080078125,2149.6085610083815,4,8552.32,8598.43,46.11,33.81,12.3,0.14,5,Trailing Stop Hit (20 EMA)
BLS.NS,BLS International Services Limited,Consumer Goods & Retail,2019-09-09,2019-09-13,20.773006439208984,23.16,452,9389.4,10468.32,1078.92,36.74,1042.18,11.1,4,Target Hit (3x ATR)
KPIL.NS,Kalpataru Projects International Limited,"Construction, Materials & Infra",2019-09-11,2019-09-13,425.8748474121094,420.4217178508373,22,9369.25,9249.28,-119.97,35.45,-155.42,-1.66,2,Trailing Stop Hit (20 EMA)
EIHOTEL.NS,EIH Limited,Consumer Goods & Retail,2019-09-19,2019-09-20,154.9447784423828,173.45,61,9451.63,10580.45,1128.82,36.92,1091.9,11.55,1,Target Hit (3x ATR)
OFSS.NS,Oracle Financial Services Software Limited,Information Technology,2019-09-20,2019-09-24,2227.040771484375,2116.3656263523403,4,8908.16,8465.46,-442.7,34.1,-476.8,-5.35,4,Trailing Stop Hit (20 EMA)
BANKBARODA.NS,Bank of Baroda,Banking & Financial Services,2019-09-20,2019-09-25,86.1316909790039,84.09535702897692,110,9474.49,9250.49,-224.0,35.56,-259.56,-2.74,5,Trailing Stop Hit (20 EMA)
PNB.NS,Punjab National Bank,Banking & Financial Services,2019-09-20,2019-09-25,59.2374153137207,58.1515435197696,160,9477.99,9304.25,-173.74,35.63,-209.37,-2.21,5,Trailing Stop Hit (20 EMA)
UNIONBANK.NS,Union Bank of India,Banking & Financial Services,2019-09-20,2019-09-25,49.913612365722656,49.58814843043043,191,9533.5,9471.34,-62.16,35.86,-98.02,-1.03,5,Trailing Stop Hit (20 EMA)
TRENT.NS,Trent Limited,Consumer Goods & Retail,2019-09-20,2019-09-30,486.7970275878906,476.4813304182183,19,9249.14,9053.15,-195.99,35.1,-231.09,-2.5,10,Trailing Stop Hit (20 EMA)
AXISBANK.NS,Axis Bank Limited,Banking & Financial Services,2019-09-20,2019-10-01,676.9989624023438,677.6304245697971,14,9477.99,9486.83,8.84,35.82,-26.98,-0.28,11,Trailing Stop Hit (20 EMA)
ENDURANCE.NS,Endurance Technologies Limited,Automobile & Auto Components,2019-09-20,2019-10-01,958.3486938476562,935.2507208273054,9,8625.14,8417.26,-207.88,33.72,-241.6,-2.8,11,Trailing Stop Hit (20 EMA)
CHOLAFIN.NS,Cholamandalam Investment and Finance Company Limited,Banking & Financial Services,2019-09-20,2019-10-03,284.845458984375,281.5188518536992,33,9399.9,9290.12,-109.78,35.53,-145.31,-1.55,13,Trailing Stop Hit (20 EMA)
HINDUNILVR.NS,Hindustan Unilever Limited,Consumer Goods & Retail,2019-09-20,2019-10-07,1752.8988037109375,1719.9395020461982,5,8764.49,8599.7,-164.79,34.06,-198.85,-2.27,17,Trailing Stop Hit (20 EMA)
ADANIENSOL.NS,Adani Energy Solutions Limited,"Energy, Power & Utilities",2019-10-15,2019-10-23,239.14999389648438,269.21,39,9326.85,10499.19,1172.34,36.7,1135.64,12.18,8,Target Hit (3x ATR)
EIHOTEL.NS,EIH Limited,Consumer Goods & Retail,2019-10-18,2019-10-25,174.52996826171875,166.74810475726042,53,9250.09,8837.65,-412.44,34.88,-447.32,-4.84,7,Trailing Stop Hit (20 EMA)
MINDACORP.NS,Minda Corporation Limited,Automobile & Auto Components,2019-10-29,2019-11-01,87.04228973388672,101.3,108,9400.57,10940.4,1539.83,37.23,1502.6,15.98,3,Target Hit (3x ATR)
FEDERALBNK.NS,The Federal Bank  Limited,Banking & Financial Services,2019-11-01,2019-11-05,81.97252655029297,80.4607833174032,116,9508.81,9333.45,-175.36,35.7,-211.06,-2.22,4,Trailing Stop Hit (20 EMA)
NATCOPHARM.NS,Natco Pharma Limited,Healthcare & Pharmaceuticals,2019-10-22,2019-11-06,547.884033203125,549.7022991335471,17,9314.03,9344.94,30.91,35.48,-4.57,-0.05,15,Trailing Stop Hit (20 EMA)
MUTHOOTFIN.NS,Muthoot Finance Limited,Banking & Financial Services,2019-10-29,2019-11-06,631.2694702148438,608.9311991373115,14,8837.77,8525.04,-312.73,34.08,-346.81,-3.92,8,Trailing Stop Hit (20 EMA)
GALLANTT.NS,Gallantt Ispat Limited,Information Technology,2019-11-04,2019-11-06,26.783849716186523,25.8877357259662,357,9561.83,9241.92,-319.91,35.65,-355.56,-3.72,2,Trailing Stop Hit (20 EMA)
LTFOODS.NS,LT Foods Limited,Consumer Goods & Retail,2019-10-31,2019-11-11,23.91185188293457,22.737570433497783,398,9516.92,9049.55,-467.37,35.42,-502.79,-5.28,11,Trailing Stop Hit (20 EMA)
KPIL.NS,Kalpataru Projects International Limited,"Construction, Materials & Infra",2019-11-08,2019-11-13,410.50372314453125,406.24735622490573,23,9441.59,9343.69,-97.9,35.63,-133.53,-1.41,5,Trailing Stop Hit (20 EMA)
MUTHOOTFIN.NS,Muthoot Finance Limited,Banking & Financial Services,2019-11-14,2019-11-21,635.1077880859375,614.970660160949,14,8891.51,8609.59,-281.92,34.22,-316.14,-3.56,7,Trailing Stop Hit (20 EMA)
BLS.NS,BLS International Services Limited,Consumer Goods & Retail,2019-11-19,2019-11-21,17.02029037475586,15.91132126584198,560,9531.36,8910.34,-621.02,35.28,-656.3,-6.89,2,Trailing Stop Hit (20 EMA)
DIVISLAB.NS,Divi's Laboratories Limited,Healthcare & Pharmaceuticals,2019-11-15,2019-11-22,1675.86767578125,1650.0903773710038,5,8379.34,8250.45,-128.89,33.26,-162.15,-1.94,7,Trailing Stop Hit (20 EMA)
ENDURANCE.NS,Endurance Technologies Limited,Automobile & Auto Components,2019-11-19,2019-11-22,1064.47021484375,1039.362745146635,8,8515.76,8314.9,-200.86,33.48,-234.34,-2.75,3,Trailing Stop Hit (20 EMA)
ARE&M.NS,Amara Raja Energy & Mobility Limited,Automobile & Auto Components,2019-11-11,2019-11-27,661.1409912109375,728.33,14,9255.97,10196.62,940.65,36.3,904.35,9.77,16,Target Hit (3x ATR)
JWL.NS,Jupiter Wagons Limited,Information Technology,2019-11-15,2019-11-27,15.28908920288086,18.25,618,9448.66,11278.5,1829.84,37.64,1792.2,18.97,12,Target Hit (3x ATR)
ADANIENSOL.NS,Adani Energy Solutions Limited,"Energy, Power & Utilities",2019-11-26,2019-11-29,275.95001220703125,312.6,34,9382.3,10628.4,1246.1,36.9,1209.2,12.89,3,Target Hit (3x ATR)
AXISBANK.NS,Axis Bank Limited,Banking & Financial Services,2019-11-19,2019-12-03,744.11669921875,733.1107048126626,12,8929.4,8797.33,-132.07,34.47,-166.54,-1.87,14,Trailing Stop Hit (20 EMA)
UNIONBANK.NS,Union Bank of India,Banking & Financial Services,2019-11-19,2019-12-04,49.45222091674805,48.82951637904792,192,9494.83,9375.27,-119.56,35.72,-155.28,-1.64,15,Trailing Stop Hit (20 EMA)
TMPV.NS,Tata Motors Passenger Vehicles Limited,Automobile & Auto Components,2019-12-04,2019-12-06,165.0348663330078,159.11642005975622,58,9572.02,9228.75,-343.27,35.66,-378.93,-3.96,2,Trailing Stop Hit (20 EMA)
MINDACORP.NS,Minda Corporation Limited,Automobile & Auto Components,2019-12-05,2019-12-09,91.32862854003906,88.94193094811398,105,9589.51,9338.9,-250.61,35.8,-286.41,-2.99,4,Trailing Stop Hit (20 EMA)
LTFOODS.NS,LT Foods Limited,Consumer Goods & Retail,2019-12-06,2019-12-10,21.834566116333008,21.372949151617124,437,9541.71,9339.98,-201.73,35.74,-237.47,-2.49,4,Trailing Stop Hit (20 EMA)
GLAXO.NS,GlaxoSmithKline Pharmaceuticals Limited,Healthcare & Pharmaceuticals,2019-12-13,2019-12-17,1394.7296142578125,1367.4493713469035,6,8368.38,8204.7,-163.68,33.18,-196.86,-2.35,4,Trailing Stop Hit (20 EMA)
ARE&M.NS,Amara Raja Energy & Mobility Limited,Automobile & Auto Components,2019-12-17,2019-12-19,695.8999633789062,681.9653436660788,13,9046.7,8865.55,-181.15,34.68,-215.83,-2.39,2,Trailing Stop Hit (20 EMA)
AXISBANK.NS,Axis Bank Limited,Banking & Financial Services,2019-12-13,2019-12-23,748.2960205078125,732.7812508340957,12,8979.55,8793.38,-186.17,34.52,-220.69,-2.46,10,Trailing Stop Hit (20 EMA)
GLAXO.NS,GlaxoSmithKline Pharmaceuticals Limited,Healthcare & Pharmaceuticals,2019-12-19,2019-12-23,1385.56787109375,1370.267723692768,6,8313.41,8221.61,-91.8,33.13,-124.93,-1.5,4,Trailing Stop Hit (20 EMA)
DMART.NS,Avenue Supermarts Limited,Consumer Goods & Retail,2019-12-17,2019-12-31,1883.949951171875,1870.9666211371707,5,9419.75,9354.83,-64.92,35.61,-100.53,-1.07,14,Trailing Stop Hit (20 EMA)
CANBK.NS,Canara Bank,Banking & Financial Services,2019-12-27,2019-12-31,37.95111846923828,37.5194683564074,251,9525.73,9417.39,-108.34,35.81,-144.15,-1.51,4,Trailing Stop Hit (20 EMA)
ZYDUSWELL.NS,Zydus Wellness Limited,Consumer Goods & Retail,2019-12-27,2019-12-31,288.7620849609375,287.1167509162815,33,9529.15,9474.85,-54.3,35.86,-90.16,-0.95,4,Trailing Stop Hit (20 EMA)
JWL.NS,Jupiter Wagons Limited,Information Technology,2019-12-30,2020-01-01,15.090530395507812,14.693412688883557,631,9522.12,9271.54,-250.58,35.65,-286.23,-3.01,2,Trailing Stop Hit (20 EMA)
TMPV.NS,Tata Motors Passenger Vehicles Limited,Automobile & Auto Components,2019-12-12,2020-01-02,168.8831024169922,189.5,56,9457.45,10612.0,1154.55,36.97,1117.58,11.82,21,Target Hit (3x ATR)
ANANTRAJ.NS,Anant Raj Limited,"Construction, Materials & Infra",2019-12-27,2020-01-03,13.766757011413574,15.24,693,9540.36,10561.32,1020.96,37.0,983.96,10.31,7,Target Hit (3x ATR)
BANKBARODA.NS,Bank of Baroda,Banking & Financial Services,2019-12-27,2020-01-03,89.52371215820312,86.66815099383194,106,9489.51,9186.82,-302.69,35.52,-338.21,-3.56,7,Trailing Stop Hit (20 EMA)
PNB.NS,Punjab National Bank,Banking & Financial Services,2019-12-27,2020-01-06,58.92184066772461,57.72781217641618,162,9545.34,9351.91,-193.43,35.76,-229.19,-2.4,10,Trailing Stop Hit (20 EMA)
JWL.NS,Jupiter Wagons Limited,Information Technology,2020-01-02,2020-01-06,14.842330932617188,14.494852580586693,646,9588.15,9363.67,-224.48,35.82,-260.3,-2.71,4,Trailing Stop Hit (20 EMA)
COFORGE.NS,Coforge Limited,Information Technology,2019-12-17,2020-01-08,296.0579528808594,324.02,32,9473.85,10368.64,894.79,36.73,858.06,9.06,22,Target Hit (3x ATR)
MINDACORP.NS,Minda Corporation Limited,Automobile & Auto Components,2019-12-26,2020-01-08,94.00762176513672,93.81278500866624,101,9494.77,9475.09,-19.68,35.82,-55.5,-0.58,13,Trailing Stop Hit (20 EMA)
GLAXO.NS,GlaxoSmithKline Pharmaceuticals Limited,Healthcare & Pharmaceuticals,2020-01-08,2020-01-10,1362.1640625,1357.2330632691537,7,9535.15,9500.63,-34.52,35.9,-70.42,-0.74,2,Trailing Stop Hit (20 EMA)
CREDITACC.NS,CREDITACCESS GRAMEEN LIMITED,Banking & Financial Services,2020-01-10,2020-01-14,765.8273315429688,752.3838913032301,12,9189.93,9028.61,-161.32,35.01,-196.33,-2.14,4,Trailing Stop Hit (20 EMA)
OFSS.NS,Oracle Financial Services Software Limited,Information Technology,2020-01-10,2020-01-16,2006.9407958984375,1998.7276711294858,4,8027.76,7994.91,-32.85,32.55,-65.4,-0.81,6,Trailing Stop Hit (20 EMA)
USHAMART.NS,Usha Martin Limited,Information Technology,2020-01-10,2020-01-17,26.430204391479492,26.592988233628823,362,9567.73,9626.66,58.93,36.08,22.85,0.24,7,Trailing Stop Hit (20 EMA)
CREDITACC.NS,CREDITACCESS GRAMEEN LIMITED,Banking & Financial Services,2020-01-16,2020-01-21,773.2186889648438,761.7218199766643,12,9278.62,9140.66,-137.96,35.23,-173.19,-1.87,5,Trailing Stop Hit (20 EMA)
ARE&M.NS,Amara Raja Energy & Mobility Limited,Automobile & Auto Components,2020-01-09,2020-01-22,685.4490356445312,736.49,13,8910.84,9574.37,663.53,35.23,628.3,7.05,13,Target Hit (3x ATR)
JWL.NS,Jupiter Wagons Limited,Information Technology,2020-01-09,2020-01-27,14.792691230773926,15.315952245889756,648,9585.66,9924.74,339.08,36.39,302.69,3.16,18,Trailing Stop Hit (20 EMA)
ZYDUSWELL.NS,Zydus Wellness Limited,Consumer Goods & Retail,2020-01-14,2020-01-27,287.4387512207031,309.0,33,9485.48,10197.0,711.52,36.57,674.95,7.12,13,Target Hit (3x ATR)
DMART.NS,Avenue Supermarts Limited,Consumer Goods & Retail,2020-01-09,2020-01-30,1880.550048828125,2029.06,5,9402.75,10145.3,742.55,36.42,706.13,7.51,21,Target Hit (3x ATR)
ADANIENSOL.NS,Adani Energy Solutions Limited,"Energy, Power & Utilities",2020-01-31,2020-02-04,332.1000061035156,330.7734919820515,29,9630.9,9592.43,-38.47,36.1,-74.57,-0.77,4,Trailing Stop Hit (20 EMA)
NATCOPHARM.NS,Natco Pharma Limited,Healthcare & Pharmaceuticals,2020-02-05,2020-02-07,613.4888305664062,665.48,15,9202.33,9982.2,779.87,36.01,743.86,8.08,2,Target Hit (3x ATR)
ARE&M.NS,Amara Raja Energy & Mobility Limited,Automobile & Auto Components,2020-02-03,2020-02-10,729.9007568359375,720.9097154471262,13,9488.71,9371.83,-116.88,35.71,-152.59,-1.61,7,Trailing Stop Hit (20 EMA)
KPIL.NS,Kalpataru Projects International Limited,"Construction, Materials & Infra",2020-02-10,2020-02-11,411.3247375488281,382.61,23,9460.47,8800.03,-660.44,35.09,-695.53,-7.35,1,Stop Loss Hit (2x ATR)
UNIONBANK.NS,Union Bank of India,Banking & Financial Services,2020-02-10,2020-02-12,42.74114990234375,41.692546674542285,228,9744.98,9505.9,-239.08,36.15,-275.23,-2.82,2,Trailing Stop Hit (20 EMA)
SAMMAANCAP.NS,Sammaan Capital Limited,Banking & Financial Services,2020-02-06,2020-02-17,263.0323486328125,259.76826757595455,36,9469.16,9351.66,-117.5,35.67,-153.17,-1.62,11,Trailing Stop Hit (20 EMA)
MINDACORP.NS,Minda Corporation Limited,Automobile & Auto Components,2020-02-07,2020-02-18,107.79215240478516,105.28652655454306,90,9701.29,9475.79,-225.5,36.08,-261.58,-2.7,11,Trailing Stop Hit (20 EMA)
BLS.NS,BLS International Services Limited,Consumer Goods & Retail,2020-02-19,2020-02-24,16.71628761291504,16.50991399282508,578,9662.01,9542.73,-119.28,36.09,-155.37,-1.61,5,Trailing Stop Hit (20 EMA)
MUTHOOTFIN.NS,Muthoot Finance Limited,Banking & Financial Services,2020-02-17,2020-02-25,780.0713500976562,849.07,12,9360.86,10188.84,827.98,36.41,791.57,8.46,8,Target Hit (3x ATR)
SAMMAANCAP.NS,Sammaan Capital Limited,Banking & Financial Services,2020-02-20,2020-02-27,283.9215087890625,264.20218707412135,34,9653.33,8982.87,-670.46,35.51,-705.97,-7.31,7,Trailing Stop Hit (20 EMA)
USHAMART.NS,Usha Martin Limited,Information Technology,2020-02-26,2020-02-28,25.42833709716797,23.376893923187353,380,9662.77,8883.22,-779.55,35.41,-814.96,-8.43,2,Trailing Stop Hit (20 EMA)
FEDERALBNK.NS,The Federal Bank  Limited,Banking & Financial Services,2020-02-27,2020-03-02,84.63985443115234,83.7393755180388,113,9564.3,9462.55,-101.75,35.88,-137.63,-1.44,4,Trailing Stop Hit (20 EMA)
COFORGE.NS,Coforge Limited,Information Technology,2020-03-03,2020-03-05,352.65460205078125,339.35848832917407,27,9521.67,9162.68,-358.99,35.53,-394.52,-4.14,2,Trailing Stop Hit (20 EMA)
ZYDUSWELL.NS,Zydus Wellness Limited,Consumer Goods & Retail,2020-04-07,2020-04-08,259.230224609375,306.92,36,9332.29,11049.12,1716.83,37.27,1679.56,18.0,1,Target Hit (3x ATR)
GLAXO.NS,GlaxoSmithKline Pharmaceuticals Limited,Healthcare & Pharmaceuticals,2020-04-07,2020-04-15,1039.8421630859375,1285.9561386651326,9,9358.58,11573.61,2215.03,37.83,2177.2,23.26,8,Target Hit (3x ATR)
MINDACORP.NS,Minda Corporation Limited,Automobile & Auto Components,2020-04-09,2020-04-15,64.05851745605469,62.54378819155899,155,9929.07,9694.29,-234.78,36.56,-271.34,-2.73,6,Trailing Stop Hit (20 EMA)
TMPV.NS,Tata Motors Passenger Vehicles Limited,Automobile & Auto Components,2020-04-09,2020-04-15,72.67769622802734,73.45708702232707,137,9956.84,10063.62,106.78,37.0,69.78,0.7,6,Trailing Stop Hit (20 EMA)
GALLANTT.NS,Gallantt Ispat Limited,Information Technology,2020-04-07,2020-04-17,21.058677673339844,21.844074961123468,453,9539.58,9895.37,355.79,36.31,319.48,3.35,10,Trailing Stop Hit (20 EMA)
SAMMAANCAP.NS,Sammaan Capital Limited,Banking & Financial Services,2020-04-16,2020-04-21,89.23968505859375,100.74092831927547,112,9994.84,11282.98,1288.14,38.3,1249.84,12.5,5,Trailing Stop Hit (20 EMA)
CHOLAFIN.NS,Cholamandalam Investment and Finance Company Limited,Banking & Financial Services,2020-04-17,2020-04-21,174.21682739257812,149.94879632420907,58,10104.58,8697.03,-1407.55,35.76,-1443.31,-14.28,4,Trailing Stop Hit (20 EMA)
FEDERALBNK.NS,The Federal Bank  Limited,Banking & Financial Services,2020-04-17,2020-04-21,43.82029724121094,41.91506151650545,231,10122.49,9682.38,-440.11,36.79,-476.9,-4.71,4,Trailing Stop Hit (20 EMA)
TRENT.NS,Trent Limited,Consumer Goods & Retail,2020-04-17,2020-04-21,485.6540832519531,467.1183813855992,20,9713.08,9342.37,-370.71,35.95,-406.66,-4.19,4,Trailing Stop Hit (20 EMA)
KPIL.NS,Kalpataru Projects International Limited,"Construction, Materials & Infra",2020-04-20,2020-04-24,200.01422119140625,191.55862735395476,50,10000.71,9577.93,-422.78,36.54,-459.32,-4.59,4,Trailing Stop Hit (20 EMA)
COFORGE.NS,Coforge Limited,Information Technology,2020-04-23,2020-04-27,218.57095336914062,209.54924449266906,45,9835.69,9429.72,-405.97,36.19,-442.16,-4.5,4,Trailing Stop Hit (20 EMA)
ZYDUSWELL.NS,Zydus Wellness Limited,Consumer Goods & Retail,2020-04-24,2020-04-28,267.34808349609375,260.7805726484544,36,9624.53,9388.1,-236.43,35.89,-272.32,-2.83,4,Trailing Stop Hit (20 EMA)
ENDURANCE.NS,Endurance Technologies Limited,Automobile & Auto Components,2020-04-27,2020-04-29,602.1763916015625,609.1125065302051,16,9634.82,9745.8,110.98,36.28,74.7,0.78,2,Trailing Stop Hit (20 EMA)
DIVISLAB.NS,Divi's Laboratories Limited,Healthcare & Pharmaceuticals,2020-04-07,2020-05-04,1997.6536865234375,2150.4349596281704,4,7990.61,8601.74,611.13,33.15,577.98,7.23,27,Trailing Stop Hit (20 EMA)
NATCOPHARM.NS,Natco Pharma Limited,Healthcare & Pharmaceuticals,2020-04-07,2020-05-05,541.7980346679688,571.3718288074357,17,9210.57,9713.32,502.75,35.73,467.02,5.07,28,Trailing Stop Hit (20 EMA)
CHOLAFIN.NS,Cholamandalam Investment and Finance Company Limited,Banking & Financial Services,2020-05-06,2020-05-08,148.02511596679688,150.44203259344977,66,9769.66,9929.17,159.51,36.62,122.89,1.26,2,Trailing Stop Hit (20 EMA)
CANBK.NS,Canara Bank,Banking & Financial Services,2020-05-13,2020-05-15,15.073805809020996,14.4079015428523,648,9767.83,9336.32,-431.51,36.02,-467.53,-4.79,2,Trailing Stop Hit (20 EMA)
CUB.NS,City Union Bank Limited,Banking & Financial Services,2020-05-14,2020-05-18,95.4955062866211,96.2977663911783,102,9740.54,9822.37,81.83,36.47,45.36,0.47,4,Trailing Stop Hit (20 EMA)
FEDERALBNK.NS,The Federal Bank  Limited,Banking & Financial Services,2020-05-14,2020-05-18,43.24872589111328,41.58165478678289,225,9730.96,9355.87,-375.09,35.99,-411.08,-4.22,4,Trailing Stop Hit (20 EMA)
CREDITACC.NS,CREDITACCESS GRAMEEN LIMITED,Banking & Financial Services,2020-05-15,2020-05-19,436.5384216308594,404.7901766843548,22,9603.85,8905.38,-698.47,35.37,-733.84,-7.64,4,Trailing Stop Hit (20 EMA)
LTFOODS.NS,LT Foods Limited,Consumer Goods & Retail,2020-05-26,2020-05-29,20.73023223876953,24.396803118136347,466,9660.29,11368.91,1708.62,37.99,1670.63,17.29,3,Target Hit (3x ATR)
MINDACORP.NS,Minda Corporation Limited,Automobile & Auto Components,2020-06-01,2020-06-03,58.34162139892578,58.03337091968908,169,9859.73,9807.64,-52.09,36.6,-88.69,-0.9,2,Trailing Stop Hit (20 EMA)
UNIONBANK.NS,Union Bank of India,Banking & Financial Services,2020-06-01,2020-06-03,21.391544342041016,24.04,462,9882.89,11106.48,1223.59,37.97,1185.62,12.0,2,Target Hit (3x ATR)
ATUL.NS,Atul Limited,Chemicals & Fertilisers,2020-06-01,2020-06-04,4603.8701171875,4426.642277821286,2,9207.74,8853.28,-354.46,34.84,-389.3,-4.23,3,Trailing Stop Hit (20 EMA)
PNB.NS,Punjab National Bank,Banking & Financial Services,2020-06-01,2020-06-05,26.327741622924805,30.43,375,9872.9,11411.25,1538.35,38.27,1500.08,15.19,4,Target Hit (3x ATR)
DIVISLAB.NS,Divi's Laboratories Limited,Healthcare & Pharmaceuticals,2020-05-29,2020-06-08,2308.96435546875,2283.2089347390215,4,9235.86,9132.84,-103.02,35.17,-138.19,-1.5,10,Trailing Stop Hit (20 EMA)
USHAMART.NS,Usha Martin Limited,Information Technology,2020-06-01,2020-06-08,14.121553421020508,16.39,700,9885.09,11473.0,1587.91,38.35,1549.56,15.68,7,Target Hit (3x ATR)
FEDERALBNK.NS,The Federal Bank  Limited,Banking & Financial Services,2020-05-28,2020-06-12,40.77192687988281,41.96269589021219,238,9703.72,9987.12,283.4,36.62,246.78,2.54,15,Trailing Stop Hit (20 EMA)
AXISBANK.NS,Axis Bank Limited,Banking & Financial Services,2020-05-28,2020-06-12,389.0244140625,388.079075532801,25,9725.61,9701.98,-23.63,36.34,-59.97,-0.62,15,Trailing Stop Hit (20 EMA)
BANKBARODA.NS,Bank of Baroda,Banking & Financial Services,2020-06-01,2020-06-12,36.45354461669922,36.06710996609578,271,9878.91,9774.19,-104.72,36.58,-141.3,-1.43,11,Trailing Stop Hit (20 EMA)
NATCOPHARM.NS,Natco Pharma Limited,Healthcare & Pharmaceuticals,2020-06-08,2020-06-12,601.9766235351562,564.0721846632676,17,10233.6,9589.23,-644.37,36.82,-681.19,-6.66,4,Trailing Stop Hit (20 EMA)
ADANIENSOL.NS,Adani Energy Solutions Limited,"Energy, Power & Utilities",2020-06-09,2020-06-16,188.4499969482422,216.77,54,10176.3,11705.58,1529.28,38.96,1490.32,14.65,7,Target Hit (3x ATR)
COFORGE.NS,Coforge Limited,Information Technology,2020-06-26,2020-07-01,273.17755126953125,259.7444066815468,37,10107.57,9610.54,-497.03,36.71,-533.74,-5.28,5,Trailing Stop Hit (20 EMA)
ATUL.NS,Atul Limited,Chemicals & Fertilisers,2020-06-30,2020-07-02,4456.111328125,4423.26830168354,2,8912.22,8846.54,-65.68,34.49,-100.17,-1.12,2,Trailing Stop Hit (20 EMA)
EIHOTEL.NS,EIH Limited,Consumer Goods & Retail,2020-07-07,2020-07-09,65.41255187988281,64.63485290993947,154,10073.53,9953.77,-119.76,37.02,-156.78,-1.56,2,Trailing Stop Hit (20 EMA)
CANBK.NS,Canara Bank,Banking & Financial Services,2020-07-08,2020-07-10,18.450809478759766,17.58316540957758,546,10074.14,9600.41,-473.73,36.65,-510.38,-5.07,2,Trailing Stop Hit (20 EMA)
GALLANTT.NS,Gallantt Ispat Limited,Information Technology,2020-07-13,2020-07-15,34.05233383178711,31.525087028873216,295,10045.44,9299.9,-745.54,36.32,-781.86,-7.78,2,Trailing Stop Hit (20 EMA)
TRENT.NS,Trent Limited,Consumer Goods & Retail,2020-07-14,2020-07-16,625.8890991210938,607.0211411131612,15,9388.34,9105.32,-283.02,35.33,-318.35,-3.39,2,Trailing Stop Hit (20 EMA)
GLAXO.NS,GlaxoSmithKline Pharmaceuticals Limited,Healthcare & Pharmaceuticals,2020-06-22,2020-07-20,1197.33837890625,1313.22,8,9578.71,10505.76,927.05,37.0,890.05,9.29,28,Target Hit (3x ATR)
CUB.NS,City Union Bank Limited,Banking & Financial Services,2020-07-24,2020-07-28,90.40335083007812,88.0365795309678,110,9944.37,9684.02,-260.35,36.58,-296.93,-2.99,4,Trailing Stop Hit (20 EMA)
GLAXO.NS,GlaxoSmithKline Pharmaceuticals Limited,Healthcare & Pharmaceuticals,2020-08-03,2020-08-10,1263.59375,1255.8265524381004,7,8845.16,8790.79,-54.37,34.36,-88.73,-1.0,7,Trailing Stop Hit (20 EMA)
EIHOTEL.NS,EIH Limited,Consumer Goods & Retail,2020-07-30,2020-08-13,63.19354248046875,71.13,158,9984.58,11238.54,1253.96,38.24,1215.72,12.18,14,Target Hit (3x ATR)
TMPV.NS,Tata Motors Passenger Vehicles Limited,Automobile & Auto Components,2020-08-03,2020-08-13,110.13691711425781,124.05,90,9912.32,11164.5,1252.18,38.06,1214.12,12.25,10,Target Hit (3x ATR)
ADANIENSOL.NS,Adani Energy Solutions Limited,"Energy, Power & Utilities",2020-08-07,2020-08-13,249.6999969482422,241.3471567621794,40,9988.0,9653.89,-334.11,36.61,-370.72,-3.71,6,Trailing Stop Hit (20 EMA)
KPIL.NS,Kalpataru Projects International Limited,"Construction, Materials & Infra",2020-08-10,2020-08-14,224.2485809326172,222.14815931153078,45,10091.19,9996.67,-94.52,37.09,-131.61,-1.3,4,Trailing Stop Hit (20 EMA)
UNIONBANK.NS,Union Bank of India,Banking & Financial Services,2020-08-11,2020-08-14,25.753746032714844,25.23907604529542,391,10069.71,9868.48,-201.23,36.92,-238.15,-2.37,3,Trailing Stop Hit (20 EMA)
SAMMAANCAP.NS,Sammaan Capital Limited,Banking & Financial Services,2020-08-11,2020-08-14,180.2423095703125,173.18682752074074,55,9913.33,9525.28,-388.05,36.37,-424.42,-4.28,3,Trailing Stop Hit (20 EMA)
TRENT.NS,Trent Limited,Consumer Goods & Retail,2020-08-13,2020-08-17,572.2210083007812,563.1666934374291,17,9727.76,9573.83,-153.93,36.2,-190.13,-1.95,4,Trailing Stop Hit (20 EMA)
GLAXO.NS,GlaxoSmithKline Pharmaceuticals Limited,Healthcare & Pharmaceuticals,2020-08-13,2020-08-20,1303.05029296875,1270.5740152397286,7,9121.35,8894.02,-227.33,34.78,-262.11,-2.87,7,Trailing Stop Hit (20 EMA)
ADANIENSOL.NS,Adani Energy Solutions Limited,"Energy, Power & Utilities",2020-08-19,2020-08-21,245.14999389648438,277.0,41,10051.15,11357.0,1305.85,38.45,1267.4,12.61,2,Target Hit (3x ATR)
CREDITACC.NS,CREDITACCESS GRAMEEN LIMITED,Banking & Financial Services,2020-08-05,2020-08-24,567.797607421875,577.179095699368,17,9652.56,9812.04,159.48,36.36,123.12,1.28,19,Trailing Stop Hit (20 EMA)
TRENT.NS,Trent Limited,Consumer Goods & Retail,2020-08-18,2020-08-24,586.4991455078125,660.84,17,9970.49,11234.28,1263.79,38.22,1225.57,12.29,6,Target Hit (3x ATR)
CUB.NS,City Union Bank Limited,Banking & Financial Services,2020-08-14,2020-08-26,87.03250122070312,96.36,115,10008.74,11081.4,1072.66,38.11,1034.55,10.34,12,Target Hit (3x ATR)
OFSS.NS,Oracle Financial Services Software Limited,Information Technology,2020-08-12,2020-08-31,2292.772705078125,2284.5997817143607,4,9171.09,9138.4,-32.69,35.1,-67.79,-0.74,19,Trailing Stop Hit (20 EMA)
UNIONBANK.NS,Union Bank of India,Banking & Financial Services,2020-08-19,2020-08-31,25.0826358795166,25.41183235089532,405,10158.47,10291.79,133.32,37.47,95.85,0.94,12,Trailing Stop Hit (20 EMA)
ZYDUSWELL.NS,Zydus Wellness Limited,Consumer Goods & Retail,2020-08-24,2020-08-31,333.03875732421875,323.8808990750518,30,9991.16,9716.43,-274.73,36.68,-311.41,-3.12,7,Trailing Stop Hit (20 EMA)
GALLANTT.NS,Gallantt Ispat Limited,Information Technology,2020-09-09,2020-09-11,33.952762603759766,32.16703089194021,303,10287.69,9746.61,-541.08,37.06,-578.14,-5.62,2,Trailing Stop Hit (20 EMA)
KPIL.NS,Kalpataru Projects International Limited,"Construction, Materials & Infra",2020-09-14,2020-09-17,253.5144805908203,239.14606281682222,40,10140.58,9565.84,-574.74,36.69,-611.43,-6.03,3,Trailing Stop Hit (20 EMA)
OFSS.NS,Oracle Financial Services Software Limited,Information Technology,2020-09-15,2020-09-17,2285.556640625,2229.0770079862855,4,9142.23,8916.31,-225.92,34.83,-260.75,-2.85,2,Trailing Stop Hit (20 EMA)
CUB.NS,City Union Bank Limited,Banking & Financial Services,2020-09-14,2020-09-21,103.02611541748047,98.88034804374753,99,10199.59,9789.15,-410.44,36.99,-447.43,-4.39,7,Trailing Stop Hit (20 EMA)
DIVISLAB.NS,Divi's Laboratories Limited,Healthcare & Pharmaceuticals,2020-09-18,2020-09-21,3230.868896484375,3040.1,3,9692.61,9120.3,-572.31,35.69,-608.0,-6.27,3,Stop Loss Hit (2x ATR)
OFSS.NS,Oracle Financial Services Software Limited,Information Technology,2020-09-21,2020-09-24,2301.461669921875,2267.9848575196233,4,9205.85,9071.94,-133.91,35.07,-168.98,-1.84,3,Trailing Stop Hit (20 EMA)
DIVISLAB.NS,Divi's Laboratories Limited,Healthcare & Pharmaceuticals,2020-09-22,2020-09-24,3126.728515625,2985.1050783950514,3,9380.19,8955.32,-424.87,35.17,-460.04,-4.9,2,Trailing Stop Hit (20 EMA)
COFORGE.NS,Coforge Limited,Information Technology,2020-09-11,2020-09-25,390.7128601074219,431.42,26,10158.53,11216.92,1058.39,38.42,1019.97,10.04,14,Target Hit (3x ATR)
JWL.NS,Jupiter Wagons Limited,Information Technology,2020-09-28,2020-09-30,17.373966217041016,15.809879829563826,588,10215.89,9296.21,-919.68,36.51,-956.19,-9.36,2,Trailing Stop Hit (20 EMA)
ANANTRAJ.NS,Anant Raj Limited,"Construction, Materials & Infra",2020-09-25,2020-10-05,12.46057415008545,15.26,813,10130.45,12406.38,2275.93,39.63,2236.3,22.08,10,Target Hit (3x ATR)
MINDACORP.NS,Minda Corporation Limited,Automobile & Auto Components,2020-09-30,2020-10-05,71.53443908691406,70.60606559022779,141,10086.36,9955.46,-130.9,37.05,-167.95,-1.67,5,Trailing Stop Hit (20 EMA)
CGPOWER.NS,CG Power and Industrial Solutions Limited,Information Technology,2020-09-30,2020-10-08,23.658845901489258,23.030071910066734,428,10125.99,9856.87,-269.12,36.98,-306.1,-3.02,8,Trailing Stop Hit (20 EMA)
MUTHOOTFIN.NS,Muthoot Finance Limited,Banking & Financial Services,2020-09-29,2020-10-09,1033.8369140625,1034.121667932108,9,9304.53,9307.1,2.57,35.44,-32.87,-0.35,10,Trailing Stop Hit (20 EMA)
TMPV.NS,Tata Motors Passenger Vehicles Limited,Automobile & Auto Components,2020-10-06,2020-10-12,141.0200653076172,133.89767758003043,73,10294.46,9774.53,-519.93,37.08,-557.01,-5.41,6,Trailing Stop Hit (20 EMA)
PVRINOX.NS,PVR INOX Limited,Diversified & Others,2020-10-01,2020-10-13,1300.5,1239.065161789253,7,9103.5,8673.46,-430.04,34.54,-464.58,-5.1,12,Trailing Stop Hit (20 EMA)
GALLANTT.NS,Gallantt Ispat Limited,Information Technology,2020-10-09,2020-10-13,32.5090217590332,31.463556647963884,314,10207.83,9879.56,-328.27,37.09,-365.36,-3.58,4,Trailing Stop Hit (20 EMA)
NATCOPHARM.NS,Natco Pharma Limited,Healthcare & Pharmaceuticals,2020-09-18,2020-10-14,854.193603515625,864.5658038679094,11,9396.13,9510.22,114.09,35.75,78.34,0.83,26,Trailing Stop Hit (20 EMA)
CUB.NS,City Union Bank Limited,Banking & Financial Services,2020-09-30,2020-10-14,100.22901916503906,101.88340605578244,101,10123.13,10290.22,167.09,37.43,129.66,1.28,14,Trailing Stop Hit (20 EMA)
DMART.NS,Avenue Supermarts Limited,Consumer Goods & Retail,2020-10-19,2020-10-21,2094.300048828125,2077.386008821844,4,8377.2,8309.54,-67.66,33.32,-100.98,-1.21,2,Trailing Stop Hit (20 EMA)
BANKBARODA.NS,Bank of Baroda,Banking & Financial Services,2020-10-19,2020-10-21,37.44109344482422,36.238855539508265,269,10071.65,9748.25,-323.4,36.8,-360.2,-3.58,2,Trailing Stop Hit (20 EMA)
ATUL.NS,Atul Limited,Chemicals & Fertilisers,2020-10-22,2020-10-26,5948.28759765625,5903.549780583967,1,5948.29,5903.55,-44.74,27.93,-72.67,-1.22,4,Trailing Stop Hit (20 EMA)
MINDACORP.NS,Minda Corporation Limited,Automobile & Auto Components,2020-10-23,2020-10-27,69.38451385498047,68.10450399270924,145,10060.75,9875.15,-185.6,36.92,-222.52,-2.21,4,Trailing Stop Hit (20 EMA)
EIHOTEL.NS,EIH Limited,Consumer Goods & Retail,2020-10-23,2020-10-27,77.61018371582031,75.2494031717118,129,10011.71,9707.17,-304.54,36.69,-341.23,-3.41,4,Trailing Stop Hit (20 EMA)
CHOLAFIN.NS,Cholamandalam Investment and Finance Company Limited,Banking & Financial Services,2020-10-23,2020-10-27,248.10604858398438,240.94572750320347,40,9924.24,9637.83,-286.41,36.5,-322.91,-3.25,4,Trailing Stop Hit (20 EMA)
ARE&M.NS,Amara Raja Energy & Mobility Limited,Automobile & Auto Components,2020-10-22,2020-10-28,702.2453002929688,699.6051536255305,14,9831.43,9794.47,-36.96,36.54,-73.5,-0.75,6,Trailing Stop Hit (20 EMA)
TRENT.NS,Trent Limited,Consumer Goods & Retail,2020-10-27,2020-10-30,678.8345947265625,658.4299943803996,14,9503.68,9218.02,-285.66,35.57,-321.23,-3.38,3,Trailing Stop Hit (20 EMA)
PNB.NS,Punjab National Bank,Banking & Financial Services,2020-11-02,2020-11-04,25.200698852539062,25.15397243985582,395,9954.28,9935.82,-18.46,36.87,-55.33,-0.56,2,Trailing Stop Hit (20 EMA)
GALLANTT.NS,Gallantt Ispat Limited,Information Technology,2020-11-04,2020-11-06,33.15621566772461,32.49776807701905,300,9946.86,9749.33,-197.53,36.66,-234.19,-2.35,2,Trailing Stop Hit (20 EMA)
MINDACORP.NS,Minda Corporation Limited,Automobile & Auto Components,2020-11-05,2020-11-09,68.70044708251953,67.10291679563487,145,9961.56,9729.92,-231.64,36.65,-268.29,-2.69,4,Trailing Stop Hit (20 EMA)
LTFOODS.NS,LT Foods Limited,Consumer Goods & Retail,2020-11-05,2020-11-09,49.16965866088867,48.83246603889137,202,9932.27,9864.16,-68.11,36.73,-104.84,-1.06,4,Trailing Stop Hit (20 EMA)
MUTHOOTFIN.NS,Muthoot Finance Limited,Banking & Financial Services,2020-11-05,2020-11-10,1115.2376708984375,1103.2510713265958,8,8921.9,8826.01,-95.89,34.48,-130.37,-1.46,5,Trailing Stop Hit (20 EMA)
SAMMAANCAP.NS,Sammaan Capital Limited,Banking & Financial Services,2020-11-06,2020-11-12,127.89900970458984,146.55,77,9848.22,11284.35,1436.13,38.12,1398.01,14.2,6,Target Hit (3x ATR)
BANKBARODA.NS,Bank of Baroda,Banking & Financial Services,2020-11-02,2020-11-13,38.51451873779297,38.38417193435216,258,9936.75,9903.12,-33.63,36.8,-70.43,-0.71,11,Trailing Stop Hit (20 EMA)
CREDITACC.NS,CREDITACCESS GRAMEEN LIMITED,Banking & Financial Services,2020-11-06,2020-11-13,673.2612915039062,664.0899759869116,14,9425.66,9297.26,-128.4,35.57,-163.97,-1.74,7,Trailing Stop Hit (20 EMA)
ENDURANCE.NS,Endurance Technologies Limited,Automobile & Auto Components,2020-11-11,2020-11-13,1032.658203125,1025.7709203719178,9,9293.92,9231.94,-61.98,35.33,-97.31,-1.05,2,Trailing Stop Hit (20 EMA)
EIHOTEL.NS,EIH Limited,Consumer Goods & Retail,2020-11-06,2020-11-17,74.9051284790039,84.2006498456665,132,9887.48,11114.49,1227.01,37.98,1189.03,12.03,11,Target Hit (3x ATR)
GALLANTT.NS,Gallantt Ispat Limited,Information Technology,2020-11-17,2020-11-19,34.30125045776367,32.536227639708684,295,10118.87,9598.19,-520.68,36.71,-557.39,-5.51,2,Trailing Stop Hit (20 EMA)
ANANTRAJ.NS,Anant Raj Limited,"Construction, Materials & Infra",2020-11-18,2020-11-19,19.713409423828125,22.59,513,10112.98,11588.67,1475.69,38.75,1436.94,14.21,1,Target Hit (3x ATR)
PVRINOX.NS,PVR INOX Limited,Diversified & Others,2020-11-05,2020-11-20,1219.050048828125,1238.072256149738,8,9752.4,9904.58,152.18,36.56,115.62,1.19,15,Trailing Stop Hit (20 EMA)
JWL.NS,Jupiter Wagons Limited,Information Technology,2020-11-17,2020-11-24,13.948813438415527,13.834973903249114,726,10126.84,10044.19,-82.65,37.18,-119.83,-1.18,7,Trailing Stop Hit (20 EMA)
MINDACORP.NS,Minda Corporation Limited,Automobile & Auto Components,2020-11-11,2020-11-26,67.57659149169922,77.21,148,10001.34,11427.08,1425.74,38.46,1387.28,13.87,15,Target Hit (3x ATR)
LTFOODS.NS,LT Foods Limited,Consumer Goods & Retail,2020-11-26,2020-12-02,49.88157272338867,55.0,206,10275.6,11330.0,1054.4,38.69,1015.71,9.88,6,Target Hit (3x ATR)
TRENT.NS,Trent Limited,Consumer Goods & Retail,2020-11-27,2020-12-02,716.6941528320312,710.4256625791139,14,10033.72,9945.96,-87.76,36.98,-124.74,-1.24,5,Trailing Stop Hit (20 EMA)
CUB.NS,City Union Bank Limited,Banking & Financial Services,2020-11-27,2020-12-03,133.4355010986328,127.40000346733868,77,10274.53,9809.8,-464.73,37.1,-501.83,-4.88,6,Trailing Stop Hit (20 EMA)
BLS.NS,BLS International Services Limited,Consumer Goods & Retail,2020-11-27,2020-12-04,19.586488723754883,22.9,524,10263.32,11999.6,1736.28,39.36,1696.92,16.53,7,Target Hit (3x ATR)
USHAMART.NS,Usha Martin Limited,Information Technology,2020-12-14,2020-12-16,25.42833709716797,29.07,410,10425.62,11918.7,1493.08,39.46,1453.62,13.94,2,Target Hit (3x ATR)
GLAXO.NS,GlaxoSmithKline Pharmaceuticals Limited,Healthcare & Pharmaceuticals,2020-11-19,2020-12-18,1269.2794189453125,1366.58,8,10154.24,10932.64,778.4,38.11,740.29,7.29,29,Target Hit (3x ATR)
KPIL.NS,Kalpataru Projects International Limited,"Construction, Materials & Infra",2020-12-11,2020-12-18,299.3520202636719,289.50471276968494,34,10177.97,9843.16,-334.81,37.02,-371.83,-3.65,7,Trailing Stop Hit (20 EMA)
CUB.NS,City Union Bank Limited,Banking & Financial Services,2020-12-14,2020-12-18,132.754150390625,128.99032833916047,78,10354.82,10061.25,-293.57,37.46,-331.03,-3.2,4,Trailing Stop Hit (20 EMA)
GALLANTT.NS,Gallantt Ispat Limited,Information Technology,2020-12-16,2020-12-18,36.840240478515625,35.18000823173264,286,10536.31,10061.48,-474.83,37.68,-512.51,-4.86,2,Trailing Stop Hit (20 EMA)
OFSS.NS,Oracle Financial Services Software Limited,Information Technology,2020-12-08,2020-12-21,2355.93896484375,2345.431217516938,4,9423.76,9381.72,-42.04,35.64,-77.68,-0.82,13,Trailing Stop Hit (20 EMA)
ATUL.NS,Atul Limited,Chemicals & Fertilisers,2020-12-18,2020-12-21,6159.1044921875,5878.57,1,6159.1,5878.57,-280.53,28.14,-308.67,-5.01,3,Stop Loss Hit (2x ATR)
CUB.NS,City Union Bank Limited,Banking & Financial Services,2020-12-23,2020-12-28,129.38330078125,128.2398400225555,80,10350.66,10259.19,-91.47,37.66,-129.13,-1.25,5,Trailing Stop Hit (20 EMA)
COFORGE.NS,Coforge Limited,Information Technology,2020-12-22,2021-01-05,479.04656982421875,537.61,21,10059.98,11289.81,1229.83,38.39,1191.44,11.84,14,Target Hit (3x ATR)
SAMMAANCAP.NS,Sammaan Capital Limited,Banking & Financial Services,2020-12-23,2021-01-07,170.50404357910156,200.0,61,10400.75,12200.0,1799.25,39.73,1759.52,16.92,15,Target Hit (3x ATR)
BLS.NS,BLS International Services Limited,Consumer Goods & Retail,2021-01-04,2021-01-07,21.842708587646484,26.830798543979615,488,10659.24,13093.43,2434.19,40.96,2393.23,22.45,3,Target Hit (3x ATR)
GALLANTT.NS,Gallantt Ispat Limited,Information Technology,2020-12-23,2021-01-08,37.28829574584961,44.44,280,10440.72,12443.2,2002.48,40.03,1962.45,18.8,16,Target Hit (3x ATR)
GLAXO.NS,GlaxoSmithKline Pharmaceuticals Limited,Healthcare & Pharmaceuticals,2020-12-28,2021-01-08,1384.1866455078125,1349.2169361209574,7,9689.31,9444.52,-244.79,36.02,-280.81,-2.9,11,Trailing Stop Hit (20 EMA)
TMPV.NS,Tata Motors Passenger Vehicles Limited,Automobile & Auto Components,2020-12-28,2021-01-11,181.54812622070312,203.18,58,10529.79,11784.44,1254.65,39.44,1215.21,11.54,14,Target Hit (3x ATR)
UNIONBANK.NS,Union Bank of India,Banking & Financial Services,2020-12-29,2021-01-11,26.760406494140625,26.222781333068134,394,10543.6,10331.78,-211.82,37.96,-249.78,-2.37,13,Trailing Stop Hit (20 EMA)
ANANTRAJ.NS,Anant Raj Limited,"Construction, Materials & Infra",2020-12-28,2021-01-12,26.156042098999023,30.99,403,10540.88,12488.97,1948.09,40.19,1907.9,18.1,15,Target Hit (3x ATR)
CUB.NS,City Union Bank Limited,Banking & Financial Services,2021-01-05,2021-01-12,130.9970245361328,129.80850487149357,82,10741.76,10644.3,-97.46,38.52,-135.98,-1.27,7,Trailing Stop Hit (20 EMA)
CREDITACC.NS,CREDITACCESS GRAMEEN LIMITED,Banking & Financial Services,2021-01-08,2021-01-12,793.6070556640625,770.3758162287792,13,10316.89,10014.89,-302.0,37.38,-339.38,-3.29,4,Trailing Stop Hit (20 EMA)
PGEL.NS,PG Electroplast Limited,Consumer Goods & Retail,2021-01-08,2021-01-12,15.26329231262207,14.504788800696643,726,11081.15,10530.48,-550.67,38.8,-589.47,-5.32,4,Trailing Stop Hit (20 EMA)
ARE&M.NS,Amara Raja Energy & Mobility Limited,Automobile & Auto Components,2021-01-04,2021-01-18,906.4938354492188,908.8506745113378,11,9971.43,9997.36,25.93,36.96,-11.03,-0.11,14,Trailing Stop Hit (20 EMA)
UNIONBANK.NS,Union Bank of India,Banking & Financial Services,2021-01-12,2021-01-18,27.68317985534668,26.705016930938175,402,11128.64,10735.42,-393.22,39.08,-432.3,-3.88,6,Trailing Stop Hit (20 EMA)
PVRINOX.NS,PVR INOX Limited,Diversified & Others,2021-01-04,2021-01-20,1399.0,1572.18,7,9793.0,11005.26,1212.26,37.77,1174.49,11.99,16,Target Hit (3x ATR)
GALLANTT.NS,Gallantt Ispat Limited,Information Technology,2021-01-19,2021-01-25,44.50699234008789,41.52482477995965,250,11126.75,10381.21,-745.54,38.71,-784.25,-7.05,6,Trailing Stop Hit (20 EMA)
MINDACORP.NS,Minda Corporation Limited,Automobile & Auto Components,2021-01-22,2021-01-27,90.24871826171875,85.02046540604755,123,11100.59,10457.52,-643.07,38.76,-681.83,-6.14,5,Trailing Stop Hit (20 EMA)
DMART.NS,Avenue Supermarts Limited,Consumer Goods & Retail,2021-01-22,2021-01-27,2862.75,2805.1824957630583,3,8588.25,8415.55,-172.7,33.68,-206.38,-2.4,5,Trailing Stop Hit (20 EMA)
AXISBANK.NS,Axis Bank Limited,Banking & Financial Services,2021-01-28,2021-02-01,667.3965454101562,651.9298261847574,16,10678.34,10430.88,-247.46,38.23,-285.69,-2.68,4,Trailing Stop Hit (20 EMA)
ADANIENSOL.NS,Adani Energy Solutions Limited,"Energy, Power & Utilities",2021-01-20,2021-02-04,455.20001220703125,514.98,24,10924.8,12359.52,1434.72,40.51,1394.21,12.76,15,Target Hit (3x ATR)
UNIONBANK.NS,Union Bank of India,Banking & Financial Services,2021-02-01,2021-02-05,27.095956802368164,29.99,408,11055.15,12235.92,1180.77,40.55,1140.22,10.31,4,Target Hit (3x ATR)
CANBK.NS,Canara Bank,Banking & Financial Services,2021-02-01,2021-02-05,24.07915687561035,28.21788980102689,459,11052.33,12952.01,1899.68,41.27,1858.41,16.81,4,Target Hit (3x ATR)
KPIL.NS,Kalpataru Projects International Limited,"Construction, Materials & Infra",2021-02-02,2021-02-05,308.2610168457031,340.41,36,11097.4,12254.76,1157.36,40.6,1116.76,10.06,3,Target Hit (3x ATR)
NATCOPHARM.NS,Natco Pharma Limited,Healthcare & Pharmaceuticals,2021-02-05,2021-02-09,876.592529296875,873.5579672202774,13,11395.7,11356.25,-39.45,40.04,-79.49,-0.7,4,Trailing Stop Hit (20 EMA)
MUTHOOTFIN.NS,Muthoot Finance Limited,Banking & Financial Services,2021-02-09,2021-02-11,1085.2838134765625,1191.32,10,10852.84,11913.2,1060.36,39.95,1020.41,9.4,2,Target Hit (3x ATR)
CHOLAFIN.NS,Cholamandalam Investment and Finance Company Limited,Banking & Financial Services,2021-02-01,2021-02-15,436.9725036621094,509.71,25,10924.31,12742.75,1818.44,40.9,1777.54,16.27,14,Target Hit (3x ATR)
PVRINOX.NS,PVR INOX Limited,Diversified & Others,2021-02-01,2021-02-15,1521.8499755859375,1486.8239037380993,7,10652.95,10407.77,-245.18,38.18,-283.36,-2.66,14,Trailing Stop Hit (20 EMA)
ARE&M.NS,Amara Raja Energy & Mobility Limited,Automobile & Auto Components,2021-02-08,2021-02-15,917.4758911132812,898.2806312128943,12,11009.71,10779.37,-230.34,38.98,-269.32,-2.45,7,Trailing Stop Hit (20 EMA)
DIVISLAB.NS,Divi's Laboratories Limited,Healthcare & Pharmaceuticals,2021-02-03,2021-02-16,3555.318115234375,3552.306116439786,3,10665.95,10656.92,-9.03,38.46,-47.49,-0.45,13,Trailing Stop Hit (20 EMA)
CGPOWER.NS,CG Power and Industrial Solutions Limited,Information Technology,2021-02-03,2021-02-18,42.52665328979492,48.75,264,11227.04,12870.0,1642.96,41.39,1601.57,14.27,15,Target Hit (3x ATR)
BLS.NS,BLS International Services Limited,Consumer Goods & Retail,2021-02-16,2021-02-19,25.58709144592285,25.370489198317642,456,11667.71,11568.94,-98.77,40.57,-139.34,-1.19,3,Trailing Stop Hit (20 EMA)
MAZDOCK.NS,Mazagon Dock Shipbuilders Limited,Information Technology,2021-02-18,2021-02-22,98.80949401855469,98.61095160748279,118,11659.52,11636.09,-23.43,40.64,-64.07,-0.55,4,Trailing Stop Hit (20 EMA)
LTFOODS.NS,LT Foods Limited,Consumer Goods & Retail,2021-02-19,2021-02-23,50.74688720703125,49.30929749837207,231,11722.53,11390.45,-332.08,40.45,-372.53,-3.18,4,Trailing Stop Hit (20 EMA)
USHAMART.NS,Usha Martin Limited,Information Technology,2021-02-24,2021-02-26,30.62849998474121,29.588648951711967,382,11700.09,11302.86,-397.23,40.34,-437.57,-3.74,2,Trailing Stop Hit (20 EMA)
GALLANTT.NS,Gallantt Ispat Limited,Information Technology,2021-02-11,2021-03-01,44.20828628540039,52.38,262,11582.57,13723.56,2140.99,42.7,2098.29,18.12,18,Target Hit (3x ATR)
BLS.NS,BLS International Services Limited,Consumer Goods & Retail,2021-02-26,2021-03-02,26.23501968383789,25.30181518201542,446,11700.82,11284.61,-416.21,40.32,-456.53,-3.9,4,Trailing Stop Hit (20 EMA)
LTFOODS.NS,LT Foods Limited,Consumer Goods & Retail,2021-02-26,2021-03-03,50.507286071777344,55.92,231,11667.18,12917.52,1250.34,41.97,1208.37,10.36,5,Target Hit (3x ATR)
CREDITACC.NS,CREDITACCESS GRAMEEN LIMITED,Banking & Financial Services,2021-03-02,2021-03-05,713.1946411132812,705.72399416074,16,11411.11,11291.58,-119.53,39.98,-159.51,-1.4,3,Trailing Stop Hit (20 EMA)
EIHOTEL.NS,EIH Limited,Consumer Goods & Retail,2021-03-03,2021-03-08,101.95556640625,111.09,116,11826.85,12886.44,1059.59,42.12,1017.47,8.6,5,Target Hit (3x ATR)
FEDERALBNK.NS,The Federal Bank  Limited,Banking & Financial Services,2021-03-03,2021-03-09,83.9253921508789,80.22743591486528,141,11833.48,11312.07,-521.41,40.5,-561.91,-4.75,6,Trailing Stop Hit (20 EMA)
PVRINOX.NS,PVR INOX Limited,Diversified & Others,2021-03-04,2021-03-09,1470.300048828125,1439.0479034847326,8,11762.4,11512.38,-250.02,40.61,-290.63,-2.47,5,Trailing Stop Hit (20 EMA)
NATCOPHARM.NS,Natco Pharma Limited,Healthcare & Pharmaceuticals,2021-03-04,2021-03-09,806.8706665039062,804.5145180492697,14,11296.19,11263.2,-32.99,39.81,-72.8,-0.64,5,Trailing Stop Hit (20 EMA)
BLS.NS,BLS International Services Limited,Consumer Goods & Retail,2021-03-08,2021-03-10,26.186120986938477,29.829191582834618,454,11888.5,13542.45,1653.95,42.86,1611.09,13.55,2,Target Hit (3x ATR)
OFSS.NS,Oracle Financial Services Software Limited,Information Technology,2021-03-01,2021-03-12,2382.157470703125,2397.912877379138,4,9528.63,9591.65,63.02,35.98,27.04,0.28,11,Trailing Stop Hit (20 EMA)
USHAMART.NS,Usha Martin Limited,Information Technology,2021-03-05,2021-03-15,33.68181228637695,30.59018097355571,352,11856.0,10767.74,-1088.26,39.97,-1128.23,-9.52,10,Trailing Stop Hit (20 EMA)
ZYDUSWELL.NS,Zydus Wellness Limited,Consumer Goods & Retail,2021-03-16,2021-03-18,372.9195861816406,367.97014937514814,31,11560.51,11407.07,-153.44,40.27,-193.71,-1.68,2,Trailing Stop Hit (20 EMA)
GALLANTT.NS,Gallantt Ispat Limited,Information Technology,2021-03-17,2021-03-19,48.191017150878906,45.70181304841198,246,11854.99,11242.65,-612.34,40.44,-652.78,-5.51,2,Trailing Stop Hit (20 EMA)
CGPOWER.NS,CG Power and Industrial Solutions Limited,Information Technology,2021-03-19,2021-03-25,58.233360290527344,68.16118250387638,202,11763.14,13768.56,2005.42,42.96,1962.46,16.68,6,Target Hit (3x ATR)
ADANIENSOL.NS,Adani Energy Solutions Limited,"Energy, Power & Utilities",2021-03-22,2021-04-01,792.1500244140625,936.9,14,11090.1,13116.6,2026.5,41.49,1985.01,17.9,10,Target Hit (3x ATR)
OFSS.NS,Oracle Financial Services Software Limited,Information Technology,2021-03-30,2021-04-01,2536.296142578125,2414.0325531292906,4,10145.18,9656.13,-489.05,36.8,-525.85,-5.18,2,Trailing Stop Hit (20 EMA)
CHOLAFIN.NS,Cholamandalam Investment and Finance Company Limited,Banking & Financial Services,2021-04-07,2021-04-12,571.8633422851562,538.8702578890949,21,12009.13,11316.28,-692.85,40.73,-733.58,-6.11,5,Trailing Stop Hit (20 EMA)
UNIONBANK.NS,Union Bank of India,Banking & Financial Services,2021-04-07,2021-04-12,30.870939254760742,30.122823895661575,390,12039.67,11747.9,-291.77,41.21,-332.98,-2.77,5,Trailing Stop Hit (20 EMA)
KPIL.NS,Kalpataru Projects International Limited,"Construction, Materials & Infra",2021-04-08,2021-04-12,374.6824035644531,354.4152726418816,32,11989.84,11341.29,-648.55,40.73,-689.28,-5.75,4,Trailing Stop Hit (20 EMA)
MUTHOOTFIN.NS,Muthoot Finance Limited,Banking & Financial Services,2021-04-08,2021-04-12,1131.380615234375,1106.457245422429,10,11313.81,11064.57,-249.24,39.63,-288.87,-2.55,4,Trailing Stop Hit (20 EMA)
DMART.NS,Avenue Supermarts Limited,Consumer Goods & Retail,2021-04-09,2021-04-13,2947.75,2832.949951171875,4,11791.0,11331.8,-459.2,40.47,-499.67,-4.24,4,Trailing Stop Hit (20 EMA)
GLAXO.NS,GlaxoSmithKline Pharmaceuticals Limited,Healthcare & Pharmaceuticals,2021-04-09,2021-04-19,1236.320556640625,1233.688241329005,9,11126.89,11103.19,-23.7,39.45,-63.15,-0.57,10,Trailing Stop Hit (20 EMA)
GALLANTT.NS,Gallantt Ispat Limited,Information Technology,2021-04-16,2021-04-20,49.83388900756836,48.123688579522955,239,11910.3,11501.56,-408.74,40.78,-449.52,-3.77,4,Trailing Stop Hit (20 EMA)
COFORGE.NS,Coforge Limited,Information Technology,2021-04-15,2021-04-22,569.09033203125,557.3803797423747,20,11381.81,11147.61,-234.2,39.8,-274.0,-2.41,7,Trailing Stop Hit (20 EMA)
MUTHOOTFIN.NS,Muthoot Finance Limited,Banking & Financial Services,2021-04-23,2021-04-27,1117.8958740234375,1094.4391221689982,10,11178.96,10944.39,-234.57,39.35,-273.92,-2.45,4,Trailing Stop Hit (20 EMA)
BLS.NS,BLS International Services Limited,Consumer Goods & Retail,2021-04-27,2021-04-29,22.43302345275879,22.51224065741105,525,11777.34,11818.93,41.59,40.96,0.63,0.01,2,Trailing Stop Hit (20 EMA)
KPIL.NS,Kalpataru Projects International Limited,"Construction, Materials & Infra",2021-04-27,2021-04-30,354.8876953125,350.29009193110966,33,11711.29,11559.57,-151.72,40.61,-192.33,-1.64,3,Trailing Stop Hit (20 EMA)
CREDITACC.NS,CREDITACCESS GRAMEEN LIMITED,Banking & Financial Services,2021-04-28,2021-04-30,601.6293334960938,595.5772956359582,19,11430.96,11315.97,-114.99,40.03,-155.02,-1.36,2,Trailing Stop Hit (20 EMA)
CUB.NS,City Union Bank Limited,Banking & Financial Services,2021-04-23,2021-05-03,118.76869201660156,116.22262926545905,99,11758.1,11506.04,-252.06,40.61,-292.67,-2.49,10,Trailing Stop Hit (20 EMA)
ANANTRAJ.NS,Anant Raj Limited,"Construction, Materials & Infra",2021-04-30,2021-05-04,52.21319580078125,50.966193715822236,225,11747.97,11467.39,-280.58,40.56,-321.14,-2.73,4,Trailing Stop Hit (20 EMA)
UNIONBANK.NS,Union Bank of India,Banking & Financial Services,2021-05-04,2021-05-07,29.864276885986328,29.17526828750386,392,11706.8,11436.71,-270.09,40.49,-310.58,-2.65,3,Trailing Stop Hit (20 EMA)
PNB.NS,Punjab National Bank,Banking & Financial Services,2021-05-04,2021-05-10,33.76622772216797,32.36028565742314,347,11716.88,11229.02,-487.86,40.28,-528.14,-4.51,6,Trailing Stop Hit (20 EMA)
PGEL.NS,PG Electroplast Limited,Consumer Goods & Retail,2021-05-05,2021-05-12,33.78908157348633,33.47932248393421,349,11792.39,11684.28,-108.11,40.83,-148.94,-1.26,7,Trailing Stop Hit (20 EMA)
MAZDOCK.NS,Mazagon Dock Shipbuilders Limited,Information Technology,2021-05-05,2021-05-14,97.35663604736328,95.64750258325454,121,11780.15,11573.35,-206.8,40.7,-247.5,-2.1,9,Trailing Stop Hit (20 EMA)
BLS.NS,BLS International Services Limited,Consumer Goods & Retail,2021-05-06,2021-05-14,23.36212921142578,22.5946685158708,503,11751.15,11365.12,-386.03,40.46,-426.49,-3.63,8,Trailing Stop Hit (20 EMA)
ARE&M.NS,Amara Raja Energy & Mobility Limited,Automobile & Auto Components,2021-05-12,2021-05-17,758.0062255859375,736.7670833444942,15,11370.09,11051.51,-318.58,39.69,-358.27,-3.15,5,Trailing Stop Hit (20 EMA)
JWL.NS,Jupiter Wagons Limited,Information Technology,2021-05-12,2021-05-18,17.32432746887207,20.0048828125,680,11780.54,13603.32,1822.78,42.8,1779.98,15.11,6,Target Hit (3x ATR)
GLAXO.NS,GlaxoSmithKline Pharmaceuticals Limited,Healthcare & Pharmaceuticals,2021-05-11,2021-05-19,1261.712890625,1258.9676060591,9,11355.42,11330.71,-24.71,39.96,-64.67,-0.57,8,Trailing Stop Hit (20 EMA)
PNB.NS,Punjab National Bank,Banking & Financial Services,2021-05-12,2021-05-19,33.45065689086914,32.69960655961279,352,11774.63,11510.26,-264.37,40.63,-305.0,-2.59,7,Trailing Stop Hit (20 EMA)
BANKBARODA.NS,Bank of Baroda,Banking & Financial Services,2021-05-04,2021-05-21,60.455345153808594,69.68,193,11667.88,13448.24,1780.36,42.52,1737.84,14.89,17,Target Hit (3x ATR)
KPIL.NS,Kalpataru Projects International Limited,"Construction, Materials & Infra",2021-05-07,2021-05-24,357.0609130859375,401.61,32,11425.95,12851.52,1425.57,41.61,1383.96,12.11,17,Target Hit (3x ATR)
ANANTRAJ.NS,Anant Raj Limited,"Construction, Materials & Infra",2021-05-19,2021-05-24,52.163753509521484,60.32206344604492,225,11736.84,13572.46,1835.62,42.72,1792.9,15.28,5,Target Hit (3x ATR)
CHOLAFIN.NS,Cholamandalam Investment and Finance Company Limited,Banking & Financial Services,2021-05-20,2021-05-25,563.8994750976562,550.9765354124721,21,11841.89,11570.51,-271.38,40.77,-312.15,-2.64,5,Trailing Stop Hit (20 EMA)
CANBK.NS,Canara Bank,Banking & Financial Services,2021-05-04,2021-05-28,23.926809310913086,27.5,490,11724.14,13475.0,1750.86,42.6,1708.26,14.57,24,Target Hit (3x ATR)
GLAXO.NS,GlaxoSmithKline Pharmaceuticals Limited,Healthcare & Pharmaceuticals,2021-05-27,2021-06-07,1286.5067138671875,1276.2126017389542,9,11578.56,11485.91,-92.65,40.38,-133.03,-1.15,11,Trailing Stop Hit (20 EMA)
MAZDOCK.NS,Mazagon Dock Shipbuilders Limited,Information Technology,2021-06-03,2021-06-07,100.67139434814453,111.25,121,12181.24,13461.25,1280.01,43.14,1236.87,10.15,4,Target Hit (3x ATR)
COFORGE.NS,Coforge Limited,Information Technology,2021-05-06,2021-06-09,634.7073974609375,722.94,18,11424.73,13012.92,1588.19,41.77,1546.42,13.54,34,Target Hit (3x ATR)
CGPOWER.NS,CG Power and Industrial Solutions Limited,Information Technology,2021-06-14,2021-06-16,84.90512084960938,82.61538564625037,146,12396.15,12061.85,-334.3,41.96,-376.26,-3.04,2,Trailing Stop Hit (20 EMA)
OFSS.NS,Oracle Financial Services Software Limited,Information Technology,2021-06-11,2021-06-17,2947.14892578125,2854.5014324355225,4,11788.6,11418.01,-370.59,40.56,-411.15,-3.49,6,Trailing Stop Hit (20 EMA)
GALLANTT.NS,Gallantt Ispat Limited,Information Technology,2021-06-10,2021-06-18,63.02667999267578,62.66841298241486,195,12290.2,12220.34,-69.86,41.99,-111.85,-0.91,8,Trailing Stop Hit (20 EMA)
CUB.NS,City Union Bank Limited,Banking & Financial Services,2021-06-23,2021-06-29,120.742431640625,121.13364463385889,101,12194.99,12234.5,39.51,41.88,-2.37,-0.02,6,Trailing Stop Hit (20 EMA)
PGEL.NS,PG Electroplast Limited,Consumer Goods & Retail,2021-07-05,2021-07-07,42.797176361083984,41.9847275669172,287,12282.79,12049.62,-233.17,41.8,-274.97,-2.24,2,Trailing Stop Hit (20 EMA)
PVRINOX.NS,PVR INOX Limited,Diversified & Others,2021-07-06,2021-07-08,1417.0999755859375,1374.2966557045193,8,11336.8,10994.37,-342.43,39.59,-382.02,-3.37,2,Trailing Stop Hit (20 EMA)
ANANTRAJ.NS,Anant Raj Limited,"Construction, Materials & Infra",2021-07-05,2021-07-13,61.16262435913086,69.78,200,12232.52,13956.0,1723.48,43.71,1679.77,13.73,8,Target Hit (3x ATR)
OFSS.NS,Oracle Financial Services Software Limited,Information Technology,2021-07-06,2021-07-13,2988.448486328125,3220.07,4,11953.79,12880.28,926.49,42.27,884.22,7.4,7,Target Hit (3x ATR)
TRENT.NS,Trent Limited,Consumer Goods & Retail,2021-07-02,2021-07-16,895.2954711914062,884.7574115914709,13,11638.84,11501.85,-136.99,40.47,-177.46,-1.52,14,Trailing Stop Hit (20 EMA)
GLAXO.NS,GlaxoSmithKline Pharmaceuticals Limited,Healthcare & Pharmaceuticals,2021-07-14,2021-07-19,1318.482666015625,1398.11,9,11866.34,12582.99,716.65,41.85,674.8,5.69,5,Target Hit (3x ATR)
LTFOODS.NS,LT Foods Limited,Consumer Goods & Retail,2021-07-05,2021-07-20,77.24644470214844,75.22623499762778,159,12282.18,11960.97,-321.21,41.71,-362.92,-2.95,15,Trailing Stop Hit (20 EMA)
MUTHOOTFIN.NS,Muthoot Finance Limited,Banking & Financial Services,2021-07-05,2021-07-20,1450.932861328125,1416.4337188088873,8,11607.46,11331.47,-275.99,40.25,-316.24,-2.72,15,Trailing Stop Hit (20 EMA)
MINDACORP.NS,Minda Corporation Limited,Automobile & Auto Components,2021-07-13,2021-07-20,134.66281127929688,130.29822427682856,92,12388.98,11987.44,-401.54,41.88,-443.42,-3.58,7,Trailing Stop Hit (20 EMA)
TRENT.NS,Trent Limited,Consumer Goods & Retail,2021-07-22,2021-07-26,916.289794921875,883.6785271225676,13,11911.77,11487.82,-423.95,40.77,-464.72,-3.9,4,Trailing Stop Hit (20 EMA)
PVRINOX.NS,PVR INOX Limited,Diversified & Others,2021-07-27,2021-07-29,1359.199951171875,1339.9000244140625,9,12232.8,12059.1,-173.7,41.75,-215.45,-1.76,2,Trailing Stop Hit (20 EMA)
UNIONBANK.NS,Union Bank of India,Banking & Financial Services,2021-07-29,2021-08-02,31.751768112182617,30.92178269725704,389,12351.44,12028.57,-322.87,41.87,-364.74,-2.95,4,Trailing Stop Hit (20 EMA)
PVRINOX.NS,PVR INOX Limited,Diversified & Others,2021-07-29,2021-08-03,1361.300048828125,1364.3854458545438,9,12251.7,12279.47,27.77,42.0,-14.23,-0.12,5,Trailing Stop Hit (20 EMA)
DMART.NS,Avenue Supermarts Limited,Consumer Goods & Retail,2021-07-20,2021-08-04,3397.300048828125,3597.94,3,10191.9,10793.82,601.92,38.02,563.9,5.53,15,Target Hit (3x ATR)
GALLANTT.NS,Gallantt Ispat Limited,Information Technology,2021-07-22,2021-08-05,83.33859252929688,80.06730037422695,148,12334.11,11849.96,-484.15,41.65,-525.8,-4.26,14,Trailing Stop Hit (20 EMA)
ANANTRAJ.NS,Anant Raj Limited,"Construction, Materials & Infra",2021-08-03,2021-08-09,69.12315368652344,66.84745347613809,178,12303.92,11898.85,-405.07,41.67,-446.74,-3.63,6,Trailing Stop Hit (20 EMA)
CANBK.NS,Canara Bank,Banking & Financial Services,2021-07-30,2021-08-10,25.93269920349121,25.841580863202665,475,12318.03,12274.75,-43.28,42.08,-85.36,-0.69,11,Trailing Stop Hit (20 EMA)
CHOLAFIN.NS,Cholamandalam Investment and Finance Company Limited,Banking & Financial Services,2021-08-02,2021-08-10,521.5604248046875,507.6231841692406,23,11995.89,11675.33,-320.56,41.09,-361.65,-3.01,8,Trailing Stop Hit (20 EMA)
ARE&M.NS,Amara Raja Energy & Mobility Limited,Automobile & Auto Components,2021-08-06,2021-08-10,696.1790161132812,688.2547093951172,17,11835.04,11700.33,-134.71,40.91,-175.62,-1.48,4,Trailing Stop Hit (20 EMA)
PVRINOX.NS,PVR INOX Limited,Diversified & Others,2021-08-09,2021-08-11,1403.0,1369.8548314867526,8,11224.0,10958.84,-265.16,39.41,-304.57,-2.71,2,Trailing Stop Hit (20 EMA)
NATCOPHARM.NS,Natco Pharma Limited,Healthcare & Pharmaceuticals,2021-08-12,2021-08-16,1003.1819458007812,953.6224580960799,12,12038.18,11443.47,-594.71,40.89,-635.6,-5.28,4,Trailing Stop Hit (20 EMA)
JWL.NS,Jupiter Wagons Limited,Information Technology,2021-08-12,2021-08-16,36.33641052246094,34.40045166015625,335,12172.7,11524.15,-648.55,41.12,-689.67,-5.67,4,Trailing Stop Hit (20 EMA)
BLS.NS,BLS International Services Limited,Consumer Goods & Retail,2021-08-23,2021-08-25,41.45524597167969,48.95,291,12063.48,14244.45,2180.97,43.81,2137.16,17.72,2,Target Hit (3x ATR)
ZYDUSWELL.NS,Zydus Wellness Limited,Consumer Goods & Retail,2021-08-23,2021-08-25,437.1357421875,436.57692465350715,27,11802.67,11787.58,-15.09,40.95,-56.04,-0.47,2,Trailing Stop Hit (20 EMA)
ANANTRAJ.NS,Anant Raj Limited,"Construction, Materials & Infra",2021-08-30,2021-09-02,65.16761016845703,62.2015493348805,188,12251.51,11693.89,-557.62,41.39,-599.01,-4.89,3,Trailing Stop Hit (20 EMA)
MINDACORP.NS,Minda Corporation Limited,Automobile & Auto Components,2021-09-02,2021-09-07,128.421142578125,124.5353450536362,95,12200.01,11830.86,-369.15,41.47,-410.62,-3.37,5,Trailing Stop Hit (20 EMA)
EIHOTEL.NS,EIH Limited,Consumer Goods & Retail,2021-09-02,2021-09-07,105.25080871582031,103.74141310460432,116,12209.09,12034.0,-175.09,41.7,-216.79,-1.78,5,Trailing Stop Hit (20 EMA)
PVRINOX.NS,PVR INOX Limited,Diversified & Others,2021-09-06,2021-09-08,1377.0,1350.0227545301022,8,11016.0,10800.18,-215.82,39.01,-254.83,-2.31,2,Trailing Stop Hit (20 EMA)
CREDITACC.NS,CREDITACCESS GRAMEEN LIMITED,Banking & Financial Services,2021-08-26,2021-09-14,653.1209716796875,664.5101313752693,18,11756.18,11961.18,205.0,41.09,163.91,1.39,19,Trailing Stop Hit (20 EMA)
JWL.NS,Jupiter Wagons Limited,Information Technology,2021-09-07,2021-09-16,33.35801315307617,33.119245176330224,365,12175.67,12088.52,-87.15,41.73,-128.88,-1.06,9,Trailing Stop Hit (20 EMA)
USHAMART.NS,Usha Martin Limited,Information Technology,2021-09-13,2021-09-17,67.22048950195312,65.05747556498989,181,12166.91,11775.4,-391.51,41.39,-432.9,-3.56,4,Trailing Stop Hit (20 EMA)
LTFOODS.NS,LT Foods Limited,Consumer Goods & Retail,2021-09-15,2021-09-17,66.27283477783203,64.66599119515936,183,12127.93,11833.88,-294.05,41.39,-335.44,-2.77,2,Trailing Stop Hit (20 EMA)
UNIONBANK.NS,Union Bank of India,Banking & Financial Services,2021-09-15,2021-09-17,29.2351131439209,31.28,416,12161.81,13012.48,850.67,42.65,808.02,6.64,2,Target Hit (3x ATR)
HINDUNILVR.NS,Hindustan Unilever Limited,Consumer Goods & Retail,2021-09-20,2021-09-24,2567.732421875,2507.122355440186,4,10270.93,10028.49,-242.44,37.34,-279.78,-2.72,4,Trailing Stop Hit (20 EMA)
GALLANTT.NS,Gallantt Ispat Limited,Information Technology,2021-09-21,2021-09-24,72.53544616699219,71.01454351613498,167,12113.42,11859.43,-253.99,41.4,-295.39,-2.44,3,Trailing Stop Hit (20 EMA)
MUTHOOTFIN.NS,Muthoot Finance Limited,Banking & Financial Services,2021-09-22,2021-09-24,1436.8758544921875,1413.2031205433043,8,11495.01,11305.62,-189.39,40.1,-229.49,-2.0,2,Trailing Stop Hit (20 EMA)
ANANTRAJ.NS,Anant Raj Limited,"Construction, Materials & Infra",2021-09-21,2021-09-28,64.9203872680664,75.2,187,12140.11,14062.4,1922.29,43.72,1878.57,15.47,7,Target Hit (3x ATR)
ATUL.NS,Atul Limited,Chemicals & Fertilisers,2021-10-01,2021-10-06,9558.5947265625,10236.69,1,9558.59,10236.69,678.1,36.69,641.41,6.71,5,Target Hit (3x ATR)
KPIL.NS,Kalpataru Projects International Limited,"Construction, Materials & Infra",2021-10-04,2021-10-06,387.4941101074219,385.7479761612666,31,12012.32,11958.19,-54.13,41.4,-95.53,-0.8,2,Trailing Stop Hit (20 EMA)
DIVISLAB.NS,Divi's Laboratories Limited,Healthcare & Pharmaceuticals,2021-10-04,2021-10-08,5064.1494140625,4897.871021585789,2,10128.3,9795.74,-332.56,36.92,-369.48,-3.65,4,Trailing Stop Hit (20 EMA)
GALLANTT.NS,Gallantt Ispat Limited,Information Technology,2021-09-28,2021-10-11,73.58091735839844,73.50267389626676,166,12214.43,12201.44,-12.99,41.87,-54.86,-0.45,13,Trailing Stop Hit (20 EMA)
UNIONBANK.NS,Union Bank of India,Banking & Financial Services,2021-09-29,2021-10-12,30.535383224487305,33.18,401,12244.69,13305.18,1060.49,43.06,1017.43,8.31,13,Target Hit (3x ATR)
FEDERALBNK.NS,The Federal Bank  Limited,Banking & Financial Services,2021-09-30,2021-10-13,80.95608520507812,87.58,151,12224.37,13224.58,1000.21,42.93,957.28,7.83,13,Target Hit (3x ATR)
CUB.NS,City Union Bank Limited,Banking & Financial Services,2021-09-29,2021-10-14,114.67729187011719,124.31,107,12270.47,13301.17,1030.7,43.08,987.62,8.05,15,Target Hit (3x ATR)
LTFOODS.NS,LT Foods Limited,Consumer Goods & Retail,2021-10-13,2021-10-19,70.0584945678711,67.74211308092809,177,12400.35,11990.35,-410.0,41.89,-451.89,-3.64,6,Trailing Stop Hit (20 EMA)
COFORGE.NS,Coforge Limited,Information Technology,2021-10-14,2021-10-21,1054.2724609375,1030.3269844836568,11,11597.0,11333.6,-263.4,40.24,-303.64,-2.62,7,Trailing Stop Hit (20 EMA)
PVRINOX.NS,PVR INOX Limited,Diversified & Others,2021-10-25,2021-10-29,1727.4000244140625,1662.5,7,12091.8,11637.5,-454.3,41.15,-495.45,-4.1,4,Trailing Stop Hit (20 EMA)
MINDACORP.NS,Minda Corporation Limited,Automobile & Auto Components,2021-10-26,2021-10-29,136.77609252929688,154.44,90,12309.85,13899.6,1589.75,43.76,1545.99,12.56,3,Target Hit (3x ATR)
SONACOMS.NS,Sona BLW Precision Forgings Limited,Automobile & Auto Components,2021-10-28,2021-11-03,651.3295288085938,621.8740420262942,19,12375.26,11815.61,-559.65,41.68,-601.33,-4.86,6,Trailing Stop Hit (20 EMA)
JWL.NS,Jupiter Wagons Limited,Information Technology,2021-11-02,2021-11-12,33.55657958984375,38.77,371,12449.49,14383.67,1934.18,44.42,1889.76,15.18,10,Target Hit (3x ATR)
ANANTRAJ.NS,Anant Raj Limited,"Construction, Materials & Infra",2021-11-09,2021-11-15,70.86275482177734,68.8673371152623,176,12471.84,12120.65,-351.19,42.1,-393.29,-3.15,6,Trailing Stop Hit (20 EMA)
TRENT.NS,Trent Limited,Consumer Goods & Retail,2021-11-03,2021-11-18,1087.15478515625,1103.0475551295021,11,11958.7,12133.52,174.82,41.51,133.31,1.11,15,Trailing Stop Hit (20 EMA)
PGEL.NS,PG Electroplast Limited,Consumer Goods & Retail,2021-11-24,2021-11-25,52.23493576049805,61.32,240,12536.38,14716.8,2180.42,44.87,2135.55,17.03,1,Target Hit (3x ATR)
BLS.NS,BLS International Services Limited,Consumer Goods & Retail,2021-11-24,2021-11-26,54.34074020385742,52.86016778635921,231,12552.71,12210.7,-342.01,42.28,-384.29,-3.06,2,Trailing Stop Hit (20 EMA)
SAMMAANCAP.NS,Sammaan Capital Limited,Banking & Financial Services,2021-11-25,2021-11-26,198.17874145507812,226.94,64,12683.44,14524.16,1840.72,44.83,1795.89,14.16,1,Target Hit (3x ATR)
DIVISLAB.NS,Divi's Laboratories Limited,Healthcare & Pharmaceuticals,2021-11-26,2021-11-30,4789.732421875,4751.821235024951,2,9579.46,9503.64,-75.82,35.95,-111.77,-1.17,4,Trailing Stop Hit (20 EMA)
GALLANTT.NS,Gallantt Ispat Limited,Information Technology,2021-12-02,2021-12-06,70.29515838623047,68.70206567126586,182,12793.72,12503.78,-289.94,42.87,-332.81,-2.6,4,Trailing Stop Hit (20 EMA)
CREDITACC.NS,CREDITACCESS GRAMEEN LIMITED,Banking & Financial Services,2021-12-10,2021-12-13,603.2662963867188,675.23,21,12668.59,14179.83,1511.24,44.47,1466.77,11.58,3,Target Hit (3x ATR)
OFSS.NS,Oracle Financial Services Software Limited,Information Technology,2021-12-10,2021-12-14,3440.863525390625,3409.8953074731903,3,10322.59,10229.69,-92.9,37.6,-130.5,-1.26,4,Trailing Stop Hit (20 EMA)
MINDACORP.NS,Minda Corporation Limited,Automobile & Auto Components,2021-12-10,2021-12-16,171.768798828125,163.4751307104606,74,12710.89,12097.16,-613.73,42.37,-656.1,-5.16,6,Trailing Stop Hit (20 EMA)
MINDACORP.NS,Minda Corporation Limited,Automobile & Auto Components,2021-12-22,2021-12-24,168.72169494628906,163.51879908286566,76,12822.85,12427.43,-395.42,42.83,-438.25,-3.42,2,Trailing Stop Hit (20 EMA)
MUTHOOTFIN.NS,Muthoot Finance Limited,Banking & Financial Services,2021-12-23,2021-12-27,1390.9814453125,1359.7025411388797,9,12518.83,12237.32,-281.51,42.28,-323.79,-2.59,4,Trailing Stop Hit (20 EMA)
KPIL.NS,Kalpataru Projects International Limited,"Construction, Materials & Infra",2021-12-30,2022-01-05,355.9654846191406,352.7907271918319,35,12458.79,12347.68,-111.11,42.33,-153.44,-1.23,6,Trailing Stop Hit (20 EMA)
DMART.NS,Avenue Supermarts Limited,Consumer Goods & Retail,2022-01-03,2022-01-05,4711.5,4702.296947480252,2,9423.0,9404.59,-18.41,35.66,-54.07,-0.57,2,Trailing Stop Hit (20 EMA)
ARE&M.NS,Amara Raja Energy & Mobility Limited,Automobile & Auto Components,2021-12-31,2022-01-06,610.3641967773438,601.3948964685553,20,12207.28,12027.9,-179.38,41.7,-221.08,-1.81,6,Trailing Stop Hit (20 EMA)
FEDERALBNK.NS,The Federal Bank  Limited,Banking & Financial Services,2022-01-03,2022-01-10,83.74103546142578,91.13,152,12728.64,13851.76,1123.12,44.2,1078.92,8.48,7,Target Hit (3x ATR)
GALLANTT.NS,Gallantt Ispat Limited,Information Technology,2021-12-28,2022-01-11,76.31903839111328,71.82359072680819,167,12745.28,11994.54,-750.74,42.3,-793.04,-6.22,14,Trailing Stop Hit (20 EMA)
BLS.NS,BLS International Services Limited,Consumer Goods & Retail,2022-01-06,2022-01-11,48.51633071899414,55.99261636584949,262,12711.28,14670.07,1958.79,45.03,1913.76,15.06,5,Target Hit (3x ATR)
GLAXO.NS,GlaxoSmithKline Pharmaceuticals Limited,Healthcare & Pharmaceuticals,2022-01-10,2022-01-12,1535.6097412109375,1522.8561351339451,8,12284.88,12182.85,-102.03,41.93,-143.96,-1.17,2,Trailing Stop Hit (20 EMA)
JWL.NS,Jupiter Wagons Limited,Information Technology,2022-01-10,2022-01-13,44.129878997802734,50.98018264770508,292,12885.92,14886.21,2000.29,45.45,1954.84,15.17,3,Target Hit (3x ATR)
COFORGE.NS,Coforge Limited,Information Technology,2022-01-11,2022-01-13,1087.7498779296875,1074.4482107045928,11,11965.25,11818.93,-146.32,41.19,-187.51,-1.57,2,Trailing Stop Hit (20 EMA)
GALLANTT.NS,Gallantt Ispat Limited,Information Technology,2022-01-17,2022-01-19,73.63069152832031,71.36046627133227,177,13032.63,12630.8,-401.83,43.29,-445.12,-3.42,2,Trailing Stop Hit (20 EMA)
CREDITACC.NS,CREDITACCESS GRAMEEN LIMITED,Banking & Financial Services,2022-01-17,2022-01-19,600.8355712890625,585.400097566254,21,12617.55,12293.4,-324.15,42.45,-366.6,-2.91,2,Trailing Stop Hit (20 EMA)
CREDITACC.NS,CREDITACCESS GRAMEEN LIMITED,Banking & Financial Services,2022-01-21,2022-01-25,612.4931640625,588.0617837027228,21,12862.36,12349.3,-513.06,42.8,-555.86,-4.32,4,Trailing Stop Hit (20 EMA)
UNIONBANK.NS,Union Bank of India,Banking & Financial Services,2022-01-27,2022-02-01,38.96616744995117,37.86065144983621,333,12975.73,12607.6,-368.13,43.21,-411.34,-3.17,5,Trailing Stop Hit (20 EMA)
ATUL.NS,Atul Limited,Chemicals & Fertilisers,2022-01-28,2022-02-01,9689.3037109375,9351.78824671908,1,9689.3,9351.79,-337.51,35.93,-373.44,-3.85,4,Trailing Stop Hit (20 EMA)
AXISBANK.NS,Axis Bank Limited,Banking & Financial Services,2022-01-25,2022-02-03,748.4951782226562,807.04,17,12724.42,13719.68,995.26,44.06,951.2,7.48,9,Target Hit (3x ATR)
FEDERALBNK.NS,The Federal Bank  Limited,Banking & Financial Services,2022-01-25,2022-02-08,92.04792785644531,93.46273236564122,140,12886.71,13084.78,198.07,43.58,154.49,1.2,14,Trailing Stop Hit (20 EMA)
CGPOWER.NS,CG Power and Industrial Solutions Limited,Information Technology,2022-02-04,2022-02-08,183.34371948242188,177.91057932031035,70,12834.06,12453.74,-380.32,42.87,-423.19,-3.3,4,Trailing Stop Hit (20 EMA)
ADANIENSOL.NS,Adani Energy Solutions Limited,"Energy, Power & Utilities",2022-02-10,2022-02-14,2036.4000244140625,1960.0,6,12218.4,11760.0,-458.4,41.42,-499.82,-4.09,4,Trailing Stop Hit (20 EMA)
USHAMART.NS,Usha Martin Limited,Information Technology,2022-02-11,2022-02-15,86.4468002319336,85.36311247469523,149,12880.57,12719.1,-161.47,43.2,-204.67,-1.59,4,Trailing Stop Hit (20 EMA)
USHAMART.NS,Usha Martin Limited,Information Technology,2022-02-15,2022-02-17,86.8284683227539,85.62439317872364,148,12850.61,12672.41,-178.2,43.12,-221.32,-1.72,2,Trailing Stop Hit (20 EMA)
KPIL.NS,Kalpataru Projects International Limited,"Construction, Materials & Infra",2022-02-21,2022-02-24,382.46856689453125,375.0015614209535,33,12621.46,12375.05,-246.41,42.54,-288.95,-2.29,3,Trailing Stop Hit (20 EMA)
FEDERALBNK.NS,The Federal Bank  Limited,Banking & Financial Services,2022-02-21,2022-02-24,95.79322814941406,93.1523010896499,134,12836.29,12482.41,-353.88,42.91,-396.79,-3.09,3,Trailing Stop Hit (20 EMA)
USHAMART.NS,Usha Martin Limited,Information Technology,2022-02-23,2022-02-25,87.73491668701172,83.96598878097275,146,12809.3,12259.03,-550.27,42.64,-592.91,-4.63,2,Trailing Stop Hit (20 EMA)
ZYDUSWELL.NS,Zydus Wellness Limited,Consumer Goods & Retail,2022-03-03,2022-03-07,311.9242248535156,300.2078607478023,40,12476.97,12008.31,-468.66,42.0,-510.66,-4.09,4,Trailing Stop Hit (20 EMA)
COFORGE.NS,Coforge Limited,Information Technology,2022-03-03,2022-03-07,884.8494262695312,853.6325881633907,14,12387.89,11950.86,-437.03,41.82,-478.85,-3.87,4,Trailing Stop Hit (20 EMA)
LTFOODS.NS,LT Foods Limited,Consumer Goods & Retail,2022-03-04,2022-03-08,64.89582061767578,64.11803432249292,196,12719.58,12567.13,-152.45,42.86,-195.31,-1.54,4,Trailing Stop Hit (20 EMA)
DMART.NS,Avenue Supermarts Limited,Consumer Goods & Retail,2022-03-08,2022-03-10,4124.0,4150.352610609975,3,12372.0,12451.06,79.06,42.33,36.73,0.3,2,Trailing Stop Hit (20 EMA)
BLS.NS,BLS International Services Limited,Consumer Goods & Retail,2022-03-09,2022-03-14,56.02802276611328,54.286194196862084,226,12662.33,12268.68,-393.65,42.48,-436.13,-3.44,5,Trailing Stop Hit (20 EMA)
PVRINOX.NS,PVR INOX Limited,Diversified & Others,2022-03-09,2022-03-25,1645.25,1848.82,7,11516.75,12941.74,1424.99,41.81,1383.18,12.01,16,Target Hit (3x ATR)
CUB.NS,City Union Bank Limited,Banking & Financial Services,2022-03-23,2022-03-25,90.36053466796875,88.70362222531868,141,12740.84,12507.21,-233.63,42.82,-276.45,-2.17,2,Trailing Stop Hit (20 EMA)
GALLANTT.NS,Gallantt Ispat Limited,Information Technology,2022-03-23,2022-03-25,63.97257614135742,63.32538290167063,200,12794.52,12665.08,-129.44,43.05,-172.49,-1.35,2,Trailing Stop Hit (20 EMA)
EIHOTEL.NS,EIH Limited,Consumer Goods & Retail,2022-03-17,2022-03-28,136.97360229492188,154.99,92,12601.57,14259.08,1657.51,44.46,1613.05,12.8,11,Target Hit (3x ATR)
KPIL.NS,Kalpataru Projects International Limited,"Construction, Materials & Infra",2022-03-25,2022-03-29,362.2712097167969,353.6423673571422,35,12679.49,12377.48,-302.01,42.62,-344.63,-2.72,4,Trailing Stop Hit (20 EMA)
CGPOWER.NS,CG Power and Industrial Solutions Limited,Information Technology,2022-03-21,2022-03-31,168.7236328125,190.97,75,12654.27,14322.75,1668.48,44.6,1623.88,12.83,10,Target Hit (3x ATR)
ATUL.NS,Atul Limited,Chemicals & Fertilisers,2022-03-11,2022-04-04,9358.9033203125,9642.772390463988,1,9358.9,9642.77,283.87,35.84,248.03,2.65,24,Trailing Stop Hit (20 EMA)
BLS.NS,BLS International Services Limited,Consumer Goods & Retail,2022-03-16,2022-04-05,56.31062316894531,64.95,225,12669.89,14613.75,1943.86,44.91,1898.95,14.99,20,Target Hit (3x ATR)
CREDITACC.NS,CREDITACCESS GRAMEEN LIMITED,Banking & Financial Services,2022-03-14,2022-04-11,797.972412109375,931.15,15,11969.59,13967.25,1997.66,43.43,1954.23,16.33,28,Target Hit (3x ATR)
MINDACORP.NS,Minda Corporation Limited,Automobile & Auto Components,2022-03-15,2022-04-11,195.5846405029297,227.56,64,12517.42,14563.84,2046.42,44.68,2001.74,15.99,27,Target Hit (3x ATR)
ANANTRAJ.NS,Anant Raj Limited,"Construction, Materials & Infra",2022-04-05,2022-04-11,66.1088638305664,66.0158770885164,201,13287.88,13269.19,-18.69,44.24,-62.93,-0.47,6,Trailing Stop Hit (20 EMA)
CHOLAFIN.NS,Cholamandalam Investment and Finance Company Limited,Banking & Financial Services,2022-04-08,2022-04-18,736.2622680664062,707.9158811845601,18,13252.72,12742.49,-510.23,43.66,-553.89,-4.18,10,Trailing Stop Hit (20 EMA)
GALLANTT.NS,Gallantt Ispat Limited,Information Technology,2022-04-04,2022-04-19,64.12193298339844,73.66,205,13145.0,15100.3,1955.3,45.98,1909.32,14.53,15,Target Hit (3x ATR)
SONACOMS.NS,Sona BLW Precision Forgings Limited,Automobile & Auto Components,2022-04-20,2022-04-22,645.4271850585938,633.7796933953191,21,13553.97,13309.37,-244.6,44.6,-289.2,-2.13,2,Trailing Stop Hit (20 EMA)
PGEL.NS,PG Electroplast Limited,Consumer Goods & Retail,2022-04-13,2022-04-27,74.68771362304688,75.99670917982634,180,13443.79,13679.41,235.62,44.87,190.75,1.42,14,Trailing Stop Hit (20 EMA)
CGPOWER.NS,CG Power and Industrial Solutions Limited,Information Technology,2022-04-26,2022-05-02,196.72897338867188,191.90796876024754,68,13377.57,13049.74,-327.83,44.14,-371.97,-2.78,6,Trailing Stop Hit (20 EMA)
CHOLAFIN.NS,Cholamandalam Investment and Finance Company Limited,Banking & Financial Services,2022-04-26,2022-05-04,758.3475952148438,722.3985843264069,17,12891.91,12280.78,-611.13,42.75,-653.88,-5.07,8,Trailing Stop Hit (20 EMA)
ENDURANCE.NS,Endurance Technologies Limited,Automobile & Auto Components,2022-04-26,2022-05-06,1140.1234130859375,1171.6633385851371,11,12541.36,12888.3,346.94,42.97,303.97,2.42,10,Trailing Stop Hit (20 EMA)
OFSS.NS,Oracle Financial Services Software Limited,Information Technology,2022-05-09,2022-05-11,2846.97607421875,2827.4456631221005,4,11387.9,11309.78,-78.12,39.98,-118.1,-1.04,2,Trailing Stop Hit (20 EMA)
ZYDUSWELL.NS,Zydus Wellness Limited,Consumer Goods & Retail,2022-05-17,2022-05-19,328.5323181152344,316.3819848056657,40,13141.29,12655.28,-486.01,43.45,-529.46,-4.03,2,Trailing Stop Hit (20 EMA)
ANANTRAJ.NS,Anant Raj Limited,"Construction, Materials & Infra",2022-05-18,2022-05-20,58.08666229248047,55.66019149047714,230,13359.93,12801.84,-558.09,43.85,-601.94,-4.51,2,Trailing Stop Hit (20 EMA)
TEGA.NS,Tega Industries Limited,Information Technology,2022-05-20,2022-05-24,446.0044250488281,435.5549176522753,29,12934.13,12631.09,-303.04,43.17,-346.21,-2.68,4,Trailing Stop Hit (20 EMA)
KPIL.NS,Kalpataru Projects International Limited,"Construction, Materials & Infra",2022-05-18,2022-05-25,347.9530029296875,338.8081108754879,38,13222.21,12874.71,-347.5,43.75,-391.25,-2.96,7,Trailing Stop Hit (20 EMA)
MAZDOCK.NS,Mazagon Dock Shipbuilders Limited,Information Technology,2022-05-20,2022-05-25,141.97576904296875,137.83153712358444,94,13345.72,12956.16,-389.56,44.0,-433.56,-3.25,5,Trailing Stop Hit (20 EMA)
PGEL.NS,PG Electroplast Limited,Consumer Goods & Retail,2022-05-23,2022-05-25,73.3287582397461,70.2327107869401,183,13419.16,12852.59,-566.57,43.97,-610.54,-4.55,2,Trailing Stop Hit (20 EMA)
JWL.NS,Jupiter Wagons Limited,Information Technology,2022-05-16,2022-05-26,53.71037673950195,54.2709089917299,249,13373.88,13513.46,139.58,44.6,94.98,0.71,10,Trailing Stop Hit (20 EMA)
LTFOODS.NS,LT Foods Limited,Consumer Goods & Retail,2022-05-24,2022-05-26,83.22220611572266,78.26388152790045,160,13315.55,12522.22,-793.33,43.52,-836.85,-6.28,2,Trailing Stop Hit (20 EMA)
PGEL.NS,PG Electroplast Limited,Consumer Goods & Retail,2022-05-30,2022-06-01,77.77534484863281,93.1,169,13144.03,15733.9,2589.87,46.64,2543.23,19.35,2,Target Hit (3x ATR)
MINDACORP.NS,Minda Corporation Limited,Automobile & Auto Components,2022-05-31,2022-06-02,206.7102508544922,205.87338065159835,64,13229.46,13175.9,-53.56,44.08,-97.64,-0.74,2,Trailing Stop Hit (20 EMA)
NATCOPHARM.NS,Natco Pharma Limited,Healthcare & Pharmaceuticals,2022-06-01,2022-06-03,688.2962036132812,681.0336609652352,19,13077.63,12939.64,-137.99,43.66,-181.65,-1.39,2,Trailing Stop Hit (20 EMA)
SAMMAANCAP.NS,Sammaan Capital Limited,Banking & Financial Services,2022-06-03,2022-06-07,107.19927215576172,99.98561909849522,125,13399.91,12498.2,-901.71,43.59,-945.3,-7.05,4,Trailing Stop Hit (20 EMA)
UNIONBANK.NS,Union Bank of India,Banking & Financial Services,2022-05-30,2022-06-09,31.793712615966797,31.57371259361137,414,13162.6,13071.52,-91.08,43.89,-134.97,-1.03,10,Trailing Stop Hit (20 EMA)
GLAXO.NS,GlaxoSmithKline Pharmaceuticals Limited,Healthcare & Pharmaceuticals,2022-06-08,2022-06-10,1326.0042724609375,1324.7406499939407,10,13260.04,13247.41,-12.63,44.19,-56.82,-0.43,2,Trailing Stop Hit (20 EMA)
CREDITACC.NS,CREDITACCESS GRAMEEN LIMITED,Banking & Financial Services,2022-05-26,2022-06-13,971.7940673828125,1025.6751483105952,13,12633.32,13333.78,700.46,43.54,656.92,5.2,18,Trailing Stop Hit (20 EMA)
BLS.NS,BLS International Services Limited,Consumer Goods & Retail,2022-06-09,2022-06-22,94.82989501953125,95.73819526971869,140,13276.19,13403.35,127.16,44.37,82.79,0.62,13,Trailing Stop Hit (20 EMA)
KPIL.NS,Kalpataru Projects International Limited,"Construction, Materials & Infra",2022-06-23,2022-06-28,346.38836669921875,341.41017463033984,38,13162.76,12973.59,-189.17,43.79,-232.96,-1.77,5,Trailing Stop Hit (20 EMA)
BANKBARODA.NS,Bank of Baroda,Banking & Financial Services,2022-06-24,2022-06-30,88.41558837890625,86.92895744925372,150,13262.34,13039.34,-223.0,43.98,-266.98,-2.01,6,Trailing Stop Hit (20 EMA)
LTFOODS.NS,LT Foods Limited,Consumer Goods & Retail,2022-06-28,2022-06-30,75.5416488647461,73.64065589183386,176,13295.33,12960.76,-334.57,43.93,-378.5,-2.85,2,Trailing Stop Hit (20 EMA)
CUB.NS,City Union Bank Limited,Banking & Financial Services,2022-06-27,2022-07-01,98.74189758300781,94.99271741222334,134,13231.41,12729.02,-502.39,43.62,-546.01,-4.13,4,Trailing Stop Hit (20 EMA)
TRENT.NS,Trent Limited,Consumer Goods & Retail,2022-06-29,2022-07-01,1105.38525390625,1069.2226449081213,11,12159.24,11761.45,-397.79,41.35,-439.14,-3.61,2,Trailing Stop Hit (20 EMA)
MUTHOOTFIN.NS,Muthoot Finance Limited,Banking & Financial Services,2022-07-01,2022-07-08,985.6466064453125,980.7825378724108,13,12813.41,12750.17,-63.24,43.15,-106.39,-0.83,7,Trailing Stop Hit (20 EMA)
USHAMART.NS,Usha Martin Limited,Information Technology,2022-06-27,2022-07-11,113.30638122558594,134.25,117,13256.85,15707.25,2450.4,46.76,2403.64,18.13,14,Target Hit (3x ATR)
DMART.NS,Avenue Supermarts Limited,Consumer Goods & Retail,2022-07-05,2022-07-11,3639.050048828125,4016.55,3,10917.15,12049.65,1132.5,40.19,1092.31,10.01,6,Target Hit (3x ATR)
EIHOTEL.NS,EIH Limited,Consumer Goods & Retail,2022-07-07,2022-07-13,128.2682647705078,127.77637099617247,105,13468.17,13416.52,-51.65,44.62,-96.27,-0.71,6,Trailing Stop Hit (20 EMA)
ARE&M.NS,Amara Raja Energy & Mobility Limited,Automobile & Auto Components,2022-07-11,2022-07-13,452.01336669921875,447.3673006131689,30,13560.4,13421.02,-139.38,44.72,-184.1,-1.36,2,Trailing Stop Hit (20 EMA)
MINDACORP.NS,Minda Corporation Limited,Automobile & Auto Components,2022-06-29,2022-07-14,193.6647186279297,223.66,68,13169.2,15208.88,2039.68,46.13,1993.55,15.14,15,Target Hit (3x ATR)
KPIL.NS,Kalpataru Projects International Limited,"Construction, Materials & Infra",2022-07-13,2022-07-15,346.10394287109375,339.6085392265409,39,13498.05,13244.73,-253.32,44.46,-297.78,-2.21,2,Trailing Stop Hit (20 EMA)
NATCOPHARM.NS,Natco Pharma Limited,Healthcare & Pharmaceuticals,2022-07-14,2022-07-18,629.4210815429688,619.7376748423956,21,13217.84,13014.49,-203.35,43.9,-247.25,-1.87,4,Trailing Stop Hit (20 EMA)
GLAXO.NS,GlaxoSmithKline Pharmaceuticals Limited,Healthcare & Pharmaceuticals,2022-07-04,2022-07-19,1334.9813232421875,1407.49,9,12014.83,12667.41,652.58,42.13,610.45,5.08,15,Target Hit (3x ATR)
CHOLAFIN.NS,Cholamandalam Investment and Finance Company Limited,Banking & Financial Services,2022-07-15,2022-07-22,629.3093872070312,695.2,21,13215.5,14599.2,1383.7,45.54,1338.16,10.13,7,Target Hit (3x ATR)
ZYDUSWELL.NS,Zydus Wellness Limited,Consumer Goods & Retail,2022-07-28,2022-08-02,327.1626281738281,318.73580527563104,41,13413.67,13068.17,-345.5,44.19,-389.69,-2.91,5,Trailing Stop Hit (20 EMA)
CREDITACC.NS,CREDITACCESS GRAMEEN LIMITED,Banking & Financial Services,2022-07-29,2022-08-02,1048.138671875,1007.0321085260834,13,13625.8,13091.42,-534.38,44.46,-578.84,-4.25,4,Trailing Stop Hit (20 EMA)
GALLANTT.NS,Gallantt Ispat Limited,Information Technology,2022-07-25,2022-08-03,71.53975677490234,70.84925486915994,191,13664.09,13532.21,-131.88,44.97,-176.85,-1.29,9,Trailing Stop Hit (20 EMA)
JWL.NS,Jupiter Wagons Limited,Information Technology,2022-08-02,2022-08-04,60.5606803894043,58.859297373988355,224,13565.59,13184.48,-381.11,44.48,-425.59,-3.14,2,Trailing Stop Hit (20 EMA)
PGEL.NS,PG Electroplast Limited,Consumer Goods & Retail,2022-07-29,2022-08-05,93.65316009521484,91.92949014333325,146,13673.36,13421.71,-251.65,44.87,-296.52,-2.17,7,Trailing Stop Hit (20 EMA)
SONACOMS.NS,Sona BLW Precision Forgings Limited,Automobile & Auto Components,2022-08-01,2022-08-05,582.4591674804688,560.178258496755,23,13396.56,12884.1,-512.46,43.98,-556.44,-4.15,4,Trailing Stop Hit (20 EMA)
ENDURANCE.NS,Endurance Technologies Limited,Automobile & Auto Components,2022-08-03,2022-08-05,1437.029052734375,1415.9157296564922,9,12933.26,12743.24,-190.02,43.28,-233.3,-1.8,2,Trailing Stop Hit (20 EMA)
DIVISLAB.NS,Divi's Laboratories Limited,Healthcare & Pharmaceuticals,2022-07-27,2022-08-12,3672.90771484375,3715.835518814329,3,11018.72,11147.51,128.79,39.37,89.42,0.81,16,Trailing Stop Hit (20 EMA)
CREDITACC.NS,CREDITACCESS GRAMEEN LIMITED,Banking & Financial Services,2022-08-10,2022-08-12,1036.580322265625,1004.404632741696,13,13475.54,13057.26,-418.28,44.26,-462.54,-3.43,2,Trailing Stop Hit (20 EMA)
JWL.NS,Jupiter Wagons Limited,Information Technology,2022-08-10,2022-08-16,60.262847900390625,59.34853293806577,224,13498.88,13294.07,-204.81,44.51,-249.32,-1.85,6,Trailing Stop Hit (20 EMA)
COFORGE.NS,Coforge Limited,Information Technology,2022-07-21,2022-08-19,687.1695556640625,766.88,19,13056.22,14570.72,1514.5,45.33,1469.17,11.25,29,Target Hit (3x ATR)
ZYDUSWELL.NS,Zydus Wellness Limited,Consumer Goods & Retail,2022-08-17,2022-08-19,326.6679382324219,319.4783384693189,41,13393.39,13098.61,-294.78,44.2,-338.98,-2.53,2,Trailing Stop Hit (20 EMA)
BLS.NS,BLS International Services Limited,Consumer Goods & Retail,2022-08-17,2022-08-19,119.84591674804688,115.82069216889263,112,13422.74,12971.92,-450.82,44.1,-494.92,-3.69,2,Trailing Stop Hit (20 EMA)
JWL.NS,Jupiter Wagons Limited,Information Technology,2022-08-17,2022-08-19,59.86572265625,59.36932523875207,224,13409.92,13298.73,-111.19,44.42,-155.61,-1.16,2,Trailing Stop Hit (20 EMA)
OFSS.NS,Oracle Financial Services Software Limited,Information Technology,2022-08-02,2022-08-22,2784.399169921875,2781.653386253914,4,11137.6,11126.61,-10.99,39.49,-50.48,-0.45,20,Trailing Stop Hit (20 EMA)
ZYDUSWELL.NS,Zydus Wellness Limited,Consumer Goods & Retail,2022-08-23,2022-08-25,319.9598693847656,319.62841709781196,42,13438.31,13424.39,-13.92,44.59,-58.51,-0.44,2,Trailing Stop Hit (20 EMA)
ANANTRAJ.NS,Anant Raj Limited,"Construction, Materials & Infra",2022-08-23,2022-08-25,71.7246322631836,83.13,188,13484.23,15628.44,2144.21,46.93,2097.28,15.55,2,Target Hit (3x ATR)
ATUL.NS,Atul Limited,Chemicals & Fertilisers,2022-08-23,2022-08-25,9093.3310546875,8933.851270690131,1,9093.33,8933.85,-159.48,34.79,-194.27,-2.14,2,Trailing Stop Hit (20 EMA)
LTFOODS.NS,LT Foods Limited,Consumer Goods & Retail,2022-08-11,2022-08-26,89.97915649414062,89.73025492519112,150,13496.87,13459.54,-37.33,44.69,-82.02,-0.61,15,Trailing Stop Hit (20 EMA)
TRENT.NS,Trent Limited,Consumer Goods & Retail,2022-08-23,2022-08-29,1342.1075439453125,1334.3654427039748,10,13421.08,13343.65,-77.43,44.48,-121.91,-0.91,6,Trailing Stop Hit (20 EMA)
KPIL.NS,Kalpataru Projects International Limited,"Construction, Materials & Infra",2022-08-26,2022-08-30,377.05718994140625,405.55,36,13574.06,14599.8,1025.74,45.96,979.78,7.22,4,Target Hit (3x ATR)
HINDUNILVR.NS,Hindustan Unilever Limited,Consumer Goods & Retail,2022-08-30,2022-09-02,2475.55712890625,2424.3472434361183,5,12377.79,12121.74,-256.05,42.0,-298.05,-2.41,3,Trailing Stop Hit (20 EMA)
CREDITACC.NS,CREDITACCESS GRAMEEN LIMITED,Banking & Financial Services,2022-09-05,2022-09-09,1009.1478881835938,1004.736995306424,13,13118.92,13061.58,-57.34,43.84,-101.18,-0.77,4,Trailing Stop Hit (20 EMA)
BLS.NS,BLS International Services Limited,Consumer Goods & Retail,2022-08-30,2022-09-13,127.58661651611328,145.04,106,13524.18,15374.24,1850.06,46.72,1803.34,13.33,14,Target Hit (3x ATR)
CGPOWER.NS,CG Power and Industrial Solutions Limited,Information Technology,2022-09-12,2022-09-14,226.8582000732422,222.70590211296604,59,13384.63,13139.65,-244.98,44.23,-289.21,-2.16,2,Trailing Stop Hit (20 EMA)
PVRINOX.NS,PVR INOX Limited,Diversified & Others,2022-09-12,2022-09-14,1899.699951171875,1902.4770590567855,7,13297.9,13317.34,19.44,44.31,-24.87,-0.19,2,Trailing Stop Hit (20 EMA)
ARE&M.NS,Amara Raja Energy & Mobility Limited,Automobile & Auto Components,2022-09-05,2022-09-16,517.3611450195312,504.76496208142794,26,13451.39,13123.89,-327.5,44.29,-371.79,-2.76,11,Trailing Stop Hit (20 EMA)
NATCOPHARM.NS,Natco Pharma Limited,Healthcare & Pharmaceuticals,2022-09-13,2022-09-16,607.7429809570312,611.3479728390962,22,13370.35,13449.66,79.31,44.54,34.77,0.26,3,Trailing Stop Hit (20 EMA)
MUTHOOTFIN.NS,Muthoot Finance Limited,Banking & Financial Services,2022-09-15,2022-09-19,1001.62255859375,976.7131801915282,13,13021.09,12697.27,-323.82,43.35,-367.17,-2.82,4,Trailing Stop Hit (20 EMA)
LTFOODS.NS,LT Foods Limited,Consumer Goods & Retail,2022-09-13,2022-09-20,98.48609924316406,111.45,139,13689.57,15491.55,1801.98,47.05,1754.93,12.82,7,Target Hit (3x ATR)
NATCOPHARM.NS,Natco Pharma Limited,Healthcare & Pharmaceuticals,2022-09-19,2022-09-22,620.253173828125,613.7357947287055,22,13645.57,13502.19,-143.38,44.93,-188.31,-1.38,3,Trailing Stop Hit (20 EMA)
MUTHOOTFIN.NS,Muthoot Finance Limited,Banking & Financial Services,2022-09-28,2022-09-30,991.3185424804688,974.1782354708757,13,12887.14,12664.32,-222.82,43.15,-265.97,-2.06,2,Trailing Stop Hit (20 EMA)
DIVISLAB.NS,Divi's Laboratories Limited,Healthcare & Pharmaceuticals,2022-09-23,2022-10-10,3560.421142578125,3597.839410289851,3,10681.26,10793.52,112.26,38.6,73.66,0.69,17,Trailing Stop Hit (20 EMA)
CUB.NS,City Union Bank Limited,Banking & Financial Services,2022-10-07,2022-10-11,129.5740509033203,127.35060382558461,106,13734.85,13499.16,-235.69,45.02,-280.71,-2.04,4,Trailing Stop Hit (20 EMA)
CANBK.NS,Canara Bank,Banking & Financial Services,2022-10-17,2022-10-21,41.555606842041016,45.99,335,13921.13,15406.65,1485.52,47.24,1438.28,10.33,4,Target Hit (3x ATR)
SONACOMS.NS,Sona BLW Precision Forgings Limited,Automobile & Auto Components,2022-10-19,2022-10-21,474.359375,465.4181656853504,29,13756.42,13497.13,-259.29,45.05,-304.34,-2.21,2,Trailing Stop Hit (20 EMA)
PVRINOX.NS,PVR INOX Limited,Diversified & Others,2022-10-19,2022-10-21,1781.1500244140625,1747.050048828125,7,12468.05,12229.35,-238.7,42.21,-280.91,-2.25,2,Trailing Stop Hit (20 EMA)
UNIONBANK.NS,Union Bank of India,Banking & Financial Services,2022-10-18,2022-10-25,40.68821334838867,44.53,343,13956.06,15273.79,1317.73,47.12,1270.61,9.1,7,Target Hit (3x ATR)
PNB.NS,Punjab National Bank,Banking & Financial Services,2022-10-18,2022-10-25,35.79863739013672,39.51,390,13961.47,15408.9,1447.43,47.28,1400.15,10.03,7,Target Hit (3x ATR)
HINDUNILVR.NS,Hindustan Unilever Limited,Consumer Goods & Retail,2022-10-21,2022-10-25,2470.018798828125,2406.823911204295,5,12350.09,12034.12,-315.97,41.87,-357.84,-2.9,4,Trailing Stop Hit (20 EMA)
ANANTRAJ.NS,Anant Raj Limited,"Construction, Materials & Infra",2022-09-30,2022-10-28,96.34429931640625,114.53,142,13680.89,16263.26,2582.37,47.83,2534.54,18.53,28,Target Hit (3x ATR)
USHAMART.NS,Usha Martin Limited,Information Technology,2022-10-12,2022-10-28,124.24606323242188,128.68783148296023,110,13667.07,14155.66,488.59,45.64,442.95,3.24,16,Trailing Stop Hit (20 EMA)
CUB.NS,City Union Bank Limited,Banking & Financial Services,2022-10-12,2022-10-31,134.02589416503906,133.4205257608676,102,13670.64,13608.89,-61.75,45.06,-106.81,-0.78,19,Trailing Stop Hit (20 EMA)
SONACOMS.NS,Sona BLW Precision Forgings Limited,Automobile & Auto Components,2022-11-01,2022-11-03,463.75946044921875,459.1189322809988,30,13912.78,13773.57,-139.21,45.52,-184.73,-1.33,2,Trailing Stop Hit (20 EMA)
DIVISLAB.NS,Divi's Laboratories Limited,Healthcare & Pharmaceuticals,2022-11-01,2022-11-07,3749.8974609375,3584.407515786061,3,11249.69,10753.22,-496.47,39.23,-535.7,-4.76,6,Trailing Stop Hit (20 EMA)
NATCOPHARM.NS,Natco Pharma Limited,Healthcare & Pharmaceuticals,2022-11-01,2022-11-10,606.3800659179688,594.7310368805737,23,13946.74,13678.81,-267.93,45.47,-313.4,-2.25,9,Trailing Stop Hit (20 EMA)
CHOLAFIN.NS,Cholamandalam Investment and Finance Company Limited,Banking & Financial Services,2022-11-02,2022-11-10,739.9608154296875,731.667732425598,19,14059.26,13901.69,-157.57,45.83,-203.4,-1.45,8,Trailing Stop Hit (20 EMA)
MINDACORP.NS,Minda Corporation Limited,Automobile & Auto Components,2022-11-04,2022-11-14,197.8279266357422,198.3322953332148,71,14045.78,14081.59,35.81,46.01,-10.2,-0.07,10,Trailing Stop Hit (20 EMA)
TEGA.NS,Tega Industries Limited,Information Technology,2022-11-11,2022-11-17,558.6383056640625,547.3124354487115,25,13965.96,13682.81,-283.15,45.49,-328.64,-2.35,6,Trailing Stop Hit (20 EMA)
COFORGE.NS,Coforge Limited,Information Technology,2022-11-11,2022-11-18,744.7704467773438,727.8494331672896,18,13405.87,13101.29,-304.58,44.22,-348.8,-2.6,7,Trailing Stop Hit (20 EMA)
CGPOWER.NS,CG Power and Industrial Solutions Limited,Information Technology,2022-11-11,2022-11-18,260.3955078125,255.93218053162548,54,14061.36,13820.34,-241.02,45.75,-286.77,-2.04,7,Trailing Stop Hit (20 EMA)
OFSS.NS,Oracle Financial Services Software Limited,Information Technology,2022-11-02,2022-11-24,2517.3115234375,2564.707587774451,5,12586.56,12823.54,236.98,42.96,194.02,1.54,22,Trailing Stop Hit (20 EMA)
JWL.NS,Jupiter Wagons Limited,Information Technology,2022-11-09,2022-11-29,76.64400482177734,86.03,184,14102.5,15829.52,1727.02,47.89,1679.13,11.91,20,Target Hit (3x ATR)
USHAMART.NS,Usha Martin Limited,Information Technology,2022-11-24,2022-11-29,132.3901824951172,129.9764751804658,106,14033.36,13777.51,-255.85,45.68,-301.53,-2.15,5,Trailing Stop Hit (20 EMA)
EIHOTEL.NS,EIH Limited,Consumer Goods & Retail,2022-11-30,2022-12-02,175.9754180908203,172.13917212634158,80,14078.03,13771.13,-306.9,45.72,-352.62,-2.5,2,Trailing Stop Hit (20 EMA)
GALLANTT.NS,Gallantt Ispat Limited,Information Technology,2022-12-02,2022-12-06,64.7193374633789,63.265459204510364,219,14173.53,13855.14,-318.39,45.92,-364.31,-2.57,4,Trailing Stop Hit (20 EMA)
ATUL.NS,Atul Limited,Chemicals & Fertilisers,2022-11-28,2022-12-07,8295.232421875,8314.626586605504,1,8295.23,8314.63,19.4,33.22,-13.82,-0.17,9,Trailing Stop Hit (20 EMA)
NATCOPHARM.NS,Natco Pharma Limited,Healthcare & Pharmaceuticals,2022-12-02,2022-12-07,567.3023681640625,564.1308639736916,25,14182.56,14103.27,-79.29,46.18,-125.47,-0.88,5,Trailing Stop Hit (20 EMA)
FEDERALBNK.NS,The Federal Bank  Limited,Banking & Financial Services,2022-12-05,2022-12-07,134.198974609375,130.50514377964413,106,14225.09,13833.55,-391.54,45.95,-437.49,-3.08,2,Trailing Stop Hit (20 EMA)
FEDERALBNK.NS,The Federal Bank  Limited,Banking & Financial Services,2022-12-08,2022-12-12,132.68397521972656,130.61526250302734,106,14064.5,13845.22,-219.28,45.78,-265.06,-1.88,4,Trailing Stop Hit (20 EMA)
SAMMAANCAP.NS,Sammaan Capital Limited,Banking & Financial Services,2022-11-25,2022-12-13,120.79591369628906,120.7894664559797,116,14012.33,14011.58,-0.75,45.89,-46.64,-0.33,18,Trailing Stop Hit (20 EMA)
BLS.NS,BLS International Services Limited,Consumer Goods & Retail,2022-11-30,2022-12-14,183.50123596191406,202.4,77,14129.6,15584.8,1455.2,47.66,1407.54,9.96,14,Target Hit (3x ATR)
PVRINOX.NS,PVR INOX Limited,Diversified & Others,2022-11-23,2022-12-15,1788.699951171875,1859.5953060325721,7,12520.9,13017.17,496.27,43.09,453.18,3.62,22,Trailing Stop Hit (20 EMA)
CANBK.NS,Canara Bank,Banking & Financial Services,2022-12-08,2022-12-16,56.78449249267578,55.53131382556735,248,14082.55,13771.77,-310.78,45.72,-356.5,-2.53,8,Trailing Stop Hit (20 EMA)
ANANTRAJ.NS,Anant Raj Limited,"Construction, Materials & Infra",2022-12-13,2022-12-16,106.519775390625,103.74154042416576,132,14060.61,13693.88,-366.73,45.62,-412.35,-2.93,3,Trailing Stop Hit (20 EMA)
COFORGE.NS,Coforge Limited,Information Technology,2022-12-14,2022-12-16,761.5188598632812,732.7990749605464,18,13707.34,13190.38,-516.96,44.68,-561.64,-4.1,2,Trailing Stop Hit (20 EMA)
USHAMART.NS,Usha Martin Limited,Information Technology,2022-12-19,2022-12-21,143.3944091796875,132.26835475023557,97,13909.26,12830.03,-1079.23,44.54,-1123.77,-8.08,2,Trailing Stop Hit (20 EMA)
LTFOODS.NS,LT Foods Limited,Consumer Goods & Retail,2022-12-19,2022-12-22,120.84060668945312,113.56833805287322,116,14017.51,13173.93,-843.58,45.02,-888.6,-6.34,3,Trailing Stop Hit (20 EMA)
GALLANTT.NS,Gallantt Ispat Limited,Information Technology,2022-12-20,2022-12-22,63.126251220703125,61.08509777275647,222,14014.03,13560.89,-453.14,45.41,-498.55,-3.56,2,Trailing Stop Hit (20 EMA)
GALLANTT.NS,Gallantt Ispat Limited,Information Technology,2022-12-27,2022-12-29,62.72797393798828,61.483371921461455,221,13862.88,13587.83,-275.05,45.26,-320.31,-2.31,2,Trailing Stop Hit (20 EMA)
ADANIENSOL.NS,Adani Energy Solutions Limited,"Energy, Power & Utilities",2022-12-29,2023-01-02,2669.5,2609.60009765625,5,13347.5,13048.0,-299.5,44.1,-343.6,-2.57,4,Trailing Stop Hit (20 EMA)
DMART.NS,Avenue Supermarts Limited,Consumer Goods & Retail,2022-12-29,2023-01-03,4178.2998046875,4051.99567265852,3,12534.9,12155.99,-378.91,42.21,-421.12,-3.36,5,Trailing Stop Hit (20 EMA)
PGEL.NS,PG Electroplast Limited,Consumer Goods & Retail,2022-12-26,2023-01-04,106.4283676147461,109.09144433581461,130,13835.69,14181.89,346.2,45.86,300.34,2.17,9,Trailing Stop Hit (20 EMA)
SAMMAANCAP.NS,Sammaan Capital Limited,Banking & Financial Services,2022-12-27,2023-01-04,130.1518096923828,128.02527538373045,106,13796.09,13570.68,-225.41,45.17,-270.58,-1.96,8,Trailing Stop Hit (20 EMA)
GALLANTT.NS,Gallantt Ispat Limited,Information Technology,2023-01-02,2023-01-04,64.42063903808594,61.93093896525933,215,13850.44,13315.15,-535.29,44.98,-580.27,-4.19,2,Trailing Stop Hit (20 EMA)
EIHOTEL.NS,EIH Limited,Consumer Goods & Retail,2022-12-30,2023-01-05,174.40159606933594,171.3921891177596,79,13777.73,13539.98,-237.75,45.12,-282.87,-2.05,6,Trailing Stop Hit (20 EMA)
AXISBANK.NS,Axis Bank Limited,Banking & Financial Services,2022-12-29,2023-01-12,931.3624267578125,935.6961969529154,14,13039.07,13099.75,60.68,43.79,16.89,0.13,14,Trailing Stop Hit (20 EMA)
SONACOMS.NS,Sona BLW Precision Forgings Limited,Automobile & Auto Components,2023-01-10,2023-01-12,437.13751220703125,418.6542109398855,31,13551.26,12978.28,-572.98,44.26,-617.24,-4.55,2,Trailing Stop Hit (20 EMA)
CGPOWER.NS,CG Power and Industrial Solutions Limited,Information Technology,2023-01-09,2023-01-16,285.9312438964844,310.55,48,13724.7,14906.4,1181.7,46.47,1135.23,8.27,7,Target Hit (3x ATR)
OFSS.NS,Oracle Financial Services Software Limited,Information Technology,2023-01-10,2023-01-16,2550.84521484375,2654.95,5,12754.23,13274.75,520.52,43.61,476.91,3.74,6,Target Hit (3x ATR)
PVRINOX.NS,PVR INOX Limited,Diversified & Others,2023-01-12,2023-01-16,1753.3499755859375,1727.5675363960258,7,12273.45,12092.97,-180.48,41.83,-222.31,-1.81,4,Trailing Stop Hit (20 EMA)
MINDACORP.NS,Minda Corporation Limited,Automobile & Auto Components,2023-01-05,2023-01-17,216.1983642578125,236.39,63,13620.5,14892.57,1272.07,46.31,1225.76,9.0,12,Target Hit (3x ATR)
CHOLAFIN.NS,Cholamandalam Investment and Finance Company Limited,Banking & Financial Services,2023-01-13,2023-01-17,707.1708374023438,688.887892815253,19,13436.25,13088.87,-347.38,44.25,-391.63,-2.91,4,Trailing Stop Hit (20 EMA)
TMPV.NS,Tata Motors Passenger Vehicles Limited,Automobile & Auto Components,2023-01-10,2023-01-19,402.2603454589844,394.35533950590366,34,13676.85,13408.08,-268.77,44.87,-313.64,-2.29,9,Trailing Stop Hit (20 EMA)
HINDUNILVR.NS,Hindustan Unilever Limited,Consumer Goods & Retail,2023-01-17,2023-01-19,2499.38134765625,2452.05959253045,5,12496.91,12260.3,-236.61,42.27,-278.88,-2.23,2,Trailing Stop Hit (20 EMA)
CREDITACC.NS,CREDITACCESS GRAMEEN LIMITED,Banking & Financial Services,2023-01-18,2023-01-23,887.7108154296875,886.3264962484151,15,13315.66,13294.9,-20.76,44.31,-65.07,-0.49,5,Trailing Stop Hit (20 EMA)
KPIL.NS,Kalpataru Projects International Limited,"Construction, Materials & Infra",2023-01-20,2023-01-24,534.4819946289062,517.1500288031938,25,13362.05,12928.75,-433.3,43.98,-477.28,-3.57,4,Trailing Stop Hit (20 EMA)
BLS.NS,BLS International Services Limited,Consumer Goods & Retail,2023-01-18,2023-01-25,180.5986785888672,173.00401496627262,76,13725.5,13148.31,-577.19,44.66,-621.85,-4.53,7,Trailing Stop Hit (20 EMA)
ENDURANCE.NS,Endurance Technologies Limited,Automobile & Auto Components,2023-01-17,2023-01-30,1399.505126953125,1401.6237377270902,9,12595.55,12614.61,19.06,42.75,-23.69,-0.19,13,Trailing Stop Hit (20 EMA)
ARE&M.NS,Amara Raja Energy & Mobility Limited,Automobile & Auto Components,2023-01-27,2023-01-31,558.370361328125,541.5579510438747,24,13400.89,12997.39,-403.5,44.11,-447.61,-3.34,4,Trailing Stop Hit (20 EMA)
MAZDOCK.NS,Mazagon Dock Shipbuilders Limited,Information Technology,2023-01-31,2023-02-02,385.3722839355469,360.9601043393155,35,13488.03,12633.6,-854.43,43.83,-898.26,-6.66,2,Trailing Stop Hit (20 EMA)
EIHOTEL.NS,EIH Limited,Consumer Goods & Retail,2023-02-01,2023-02-03,172.58181762695312,166.34790605998427,78,13461.38,12975.14,-486.24,44.16,-530.4,-3.94,2,Trailing Stop Hit (20 EMA)
CREDITACC.NS,CREDITACCESS GRAMEEN LIMITED,Banking & Financial Services,2023-02-01,2023-02-03,893.7628173828125,882.130122292683,15,13406.44,13231.95,-174.49,44.35,-218.84,-1.63,2,Trailing Stop Hit (20 EMA)
TRENT.NS,Trent Limited,Consumer Goods & Retail,2023-02-01,2023-02-03,1211.7633056640625,1212.759683258343,11,13329.4,13340.36,10.96,44.38,-33.42,-0.25,2,Trailing Stop Hit (20 EMA)
ARE&M.NS,Amara Raja Energy & Mobility Limited,Automobile & Auto Components,2023-02-01,2023-02-07,572.003173828125,565.467511587538,23,13156.07,13005.75,-150.32,43.83,-194.15,-1.48,6,Trailing Stop Hit (20 EMA)
BLS.NS,BLS International Services Limited,Consumer Goods & Retail,2023-01-31,2023-02-09,180.10670471191406,175.71243124161197,75,13508.0,13178.43,-329.57,44.42,-373.99,-2.77,9,Trailing Stop Hit (20 EMA)
GLAXO.NS,GlaxoSmithKline Pharmaceuticals Limited,Healthcare & Pharmaceuticals,2023-02-08,2023-02-10,1183.5364990234375,1175.1617879730052,11,13018.9,12926.78,-92.12,43.58,-135.7,-1.04,2,Trailing Stop Hit (20 EMA)
EIHOTEL.NS,EIH Limited,Consumer Goods & Retail,2023-02-09,2023-02-13,166.87661743164062,166.04516973435065,81,13517.01,13449.66,-67.35,44.71,-112.06,-0.83,4,Trailing Stop Hit (20 EMA)
NATCOPHARM.NS,Natco Pharma Limited,Healthcare & Pharmaceuticals,2023-02-13,2023-02-15,520.5105590820312,515.6851433142108,26,13533.27,13407.81,-125.46,44.68,-170.14,-1.26,2,Trailing Stop Hit (20 EMA)
PGEL.NS,PG Electroplast Limited,Consumer Goods & Retail,2023-02-07,2023-02-17,114.20240783691406,132.65,118,13475.88,15652.7,2176.82,46.95,2129.87,15.81,10,Target Hit (3x ATR)
MAZDOCK.NS,Mazagon Dock Shipbuilders Limited,Information Technology,2023-02-16,2023-02-20,368.9517517089844,363.13602552533706,36,13282.26,13072.9,-209.36,44.03,-253.39,-1.91,4,Trailing Stop Hit (20 EMA)
TEGA.NS,Tega Industries Limited,Information Technology,2023-01-31,2023-02-21,610.7725219726562,622.1497879385024,22,13437.0,13687.3,250.3,44.88,205.42,1.53,21,Trailing Stop Hit (20 EMA)
ATUL.NS,Atul Limited,Chemicals & Fertilisers,2023-02-21,2023-02-23,7094.00146484375,7037.555458899445,1,7094.0,7037.56,-56.44,30.46,-86.9,-1.22,2,Trailing Stop Hit (20 EMA)
OFSS.NS,Oracle Financial Services Software Limited,Information Technology,2023-02-27,2023-03-01,2668.720458984375,2665.239190623584,5,13343.6,13326.2,-17.4,44.38,-61.78,-0.46,2,Trailing Stop Hit (20 EMA)
MINDACORP.NS,Minda Corporation Limited,Automobile & Auto Components,2023-03-01,2023-03-03,203.64120483398438,200.87057653483888,66,13440.32,13257.46,-182.86,44.42,-227.28,-1.69,2,Trailing Stop Hit (20 EMA)
AXISBANK.NS,Axis Bank Limited,Banking & Financial Services,2023-03-01,2023-03-03,862.1992797851562,846.8516273977227,15,12932.99,12702.77,-230.22,43.24,-273.46,-2.11,2,Trailing Stop Hit (20 EMA)
UNIONBANK.NS,Union Bank of India,Banking & Financial Services,2023-03-03,2023-03-08,64.10939025878906,62.588059043995614,211,13527.08,13206.08,-321.0,44.47,-365.47,-2.7,5,Trailing Stop Hit (20 EMA)
PNB.NS,Punjab National Bank,Banking & Financial Services,2023-03-03,2023-03-10,47.73151779174805,46.48755604097053,284,13555.75,13202.47,-353.28,44.49,-397.77,-2.93,7,Trailing Stop Hit (20 EMA)
FEDERALBNK.NS,The Federal Bank  Limited,Banking & Financial Services,2023-03-01,2023-03-13,131.31558227539062,128.8935752161252,103,13525.5,13276.04,-249.46,44.54,-294.0,-2.17,12,Trailing Stop Hit (20 EMA)
EIHOTEL.NS,EIH Limited,Consumer Goods & Retail,2023-03-08,2023-03-13,167.41763305664062,161.1964382810909,80,13393.41,12895.72,-497.69,43.99,-541.68,-4.04,5,Trailing Stop Hit (20 EMA)
LTFOODS.NS,LT Foods Limited,Consumer Goods & Retail,2023-03-09,2023-03-13,101.26988983154297,98.58562333495567,133,13468.9,13111.89,-357.01,44.3,-401.31,-2.98,4,Trailing Stop Hit (20 EMA)
EIHOTEL.NS,EIH Limited,Consumer Goods & Retail,2023-03-14,2023-03-16,165.64706420898438,161.36818370075693,81,13417.41,13070.82,-346.59,44.2,-390.79,-2.91,2,Trailing Stop Hit (20 EMA)
CREDITACC.NS,CREDITACCESS GRAMEEN LIMITED,Banking & Financial Services,2023-03-21,2023-03-23,942.774169921875,926.9128291844528,14,13198.84,12976.78,-222.06,43.85,-265.91,-2.01,2,Trailing Stop Hit (20 EMA)
MUTHOOTFIN.NS,Muthoot Finance Limited,Banking & Financial Services,2023-03-21,2023-03-27,917.6774291992188,905.955349246522,14,12847.48,12683.37,-164.11,43.13,-207.24,-1.61,6,Trailing Stop Hit (20 EMA)
CGPOWER.NS,CG Power and Industrial Solutions Limited,Information Technology,2023-03-29,2023-04-03,302.8922119140625,294.38628514117255,44,13327.26,12953.0,-374.26,43.97,-418.23,-3.14,5,Trailing Stop Hit (20 EMA)
MINDACORP.NS,Minda Corporation Limited,Automobile & Auto Components,2023-03-29,2023-04-05,210.12254333496094,239.35,63,13237.72,15079.05,1841.33,46.08,1795.25,13.56,7,Target Hit (3x ATR)
COFORGE.NS,Coforge Limited,Information Technology,2023-04-05,2023-04-17,782.8158569335938,746.1236766856454,17,13307.87,12684.1,-623.77,43.68,-667.45,-5.02,12,Trailing Stop Hit (20 EMA)
TEGA.NS,Tega Industries Limited,Information Technology,2023-03-21,2023-04-18,653.1471557617188,679.1044180080371,20,13062.94,13582.09,519.15,44.3,474.85,3.64,28,Trailing Stop Hit (20 EMA)
BLS.NS,BLS International Services Limited,Consumer Goods & Retail,2023-03-31,2023-04-24,163.51548767089844,183.2,82,13408.27,15022.4,1614.13,46.22,1567.91,11.69,24,Target Hit (3x ATR)
MAZDOCK.NS,Mazagon Dock Shipbuilders Limited,Information Technology,2023-04-05,2023-05-02,335.7463684082031,374.28,40,13429.85,14971.2,1541.35,46.17,1495.18,11.13,27,Target Hit (3x ATR)
ZYDUSWELL.NS,Zydus Wellness Limited,Consumer Goods & Retail,2023-05-03,2023-05-05,303.58538818359375,301.50035386725295,45,13661.34,13567.52,-93.82,45.01,-138.83,-1.02,2,Trailing Stop Hit (20 EMA)
TEGA.NS,Tega Industries Limited,Information Technology,2023-05-04,2023-05-08,684.2684326171875,670.8921195674377,19,13001.1,12746.95,-254.15,43.38,-297.53,-2.29,4,Trailing Stop Hit (20 EMA)
BLS.NS,BLS International Services Limited,Consumer Goods & Retail,2023-05-09,2023-05-18,178.90982055664062,178.76863761721586,76,13597.15,13586.42,-10.73,44.94,-55.67,-0.41,9,Trailing Stop Hit (20 EMA)
ZYDUSWELL.NS,Zydus Wellness Limited,Consumer Goods & Retail,2023-05-16,2023-05-18,304.74298095703125,296.8080175417492,44,13408.69,13059.55,-349.14,44.18,-393.32,-2.93,2,Trailing Stop Hit (20 EMA)
MINDACORP.NS,Minda Corporation Limited,Automobile & Auto Components,2023-05-19,2023-05-25,278.3987121582031,269.33319573964883,48,13363.14,12927.99,-435.15,43.98,-479.13,-3.59,6,Trailing Stop Hit (20 EMA)
ADANIENSOL.NS,Adani Energy Solutions Limited,"Energy, Power & Utilities",2023-05-24,2023-05-26,911.4000244140625,891.070110382519,14,12759.6,12474.98,-284.62,42.8,-327.42,-2.57,2,Trailing Stop Hit (20 EMA)
KPIL.NS,Kalpataru Projects International Limited,"Construction, Materials & Infra",2023-05-31,2023-06-05,518.411376953125,507.3999851868784,26,13478.7,13192.4,-286.3,44.39,-330.69,-2.45,5,Trailing Stop Hit (20 EMA)
SAMMAANCAP.NS,Sammaan Capital Limited,Banking & Financial Services,2023-05-26,2023-06-06,99.2861099243164,98.75169181850967,136,13502.91,13430.23,-72.68,44.67,-117.35,-0.87,11,Trailing Stop Hit (20 EMA)
DIVISLAB.NS,Divi's Laboratories Limited,Healthcare & Pharmaceuticals,2023-05-23,2023-06-12,3309.414306640625,3234.3469819526435,4,13237.66,12937.39,-300.27,43.85,-344.12,-2.6,20,Trailing Stop Hit (20 EMA)
NATCOPHARM.NS,Natco Pharma Limited,Healthcare & Pharmaceuticals,2023-06-02,2023-06-12,613.392578125,605.8189898146111,22,13494.64,13328.02,-166.62,44.55,-211.17,-1.56,10,Trailing Stop Hit (20 EMA)
MINDACORP.NS,Minda Corporation Limited,Automobile & Auto Components,2023-06-13,2023-06-15,281.862060546875,277.8677105875015,47,13247.52,13059.78,-187.74,43.99,-231.73,-1.75,2,Trailing Stop Hit (20 EMA)
ZYDUSWELL.NS,Zydus Wellness Limited,Consumer Goods & Retail,2023-06-06,2023-06-16,298.92535400390625,295.21388698689856,45,13451.64,13284.62,-167.02,44.45,-211.47,-1.57,10,Trailing Stop Hit (20 EMA)
SAMMAANCAP.NS,Sammaan Capital Limited,Banking & Financial Services,2023-06-13,2023-06-16,100.02934265136719,98.40211981678665,134,13403.93,13185.88,-218.05,44.3,-262.35,-1.96,3,Trailing Stop Hit (20 EMA)
NATCOPHARM.NS,Natco Pharma Limited,Healthcare & Pharmaceuticals,2023-06-15,2023-06-20,624.872802734375,609.3561178703322,21,13122.33,12796.48,-325.85,43.57,-369.42,-2.82,5,Trailing Stop Hit (20 EMA)
MUTHOOTFIN.NS,Muthoot Finance Limited,Banking & Financial Services,2023-05-22,2023-06-21,1085.5069580078125,1163.56,12,13026.08,13962.72,936.64,44.66,891.98,6.85,30,Target Hit (3x ATR)
UNIONBANK.NS,Union Bank of India,Banking & Financial Services,2023-06-19,2023-06-21,63.31245422363281,63.091085806084585,212,13422.24,13375.31,-46.93,44.52,-91.45,-0.68,2,Trailing Stop Hit (20 EMA)
HINDUNILVR.NS,Hindustan Unilever Limited,Consumer Goods & Retail,2023-06-13,2023-06-22,2507.204833984375,2505.2248621935264,5,12536.02,12526.12,-9.9,42.6,-52.5,-0.42,9,Trailing Stop Hit (20 EMA)
PNB.NS,Punjab National Bank,Banking & Financial Services,2023-06-16,2023-06-22,47.50115966796875,47.44705634061292,283,13442.83,13427.52,-15.31,44.6,-59.91,-0.45,6,Trailing Stop Hit (20 EMA)
ATUL.NS,Atul Limited,Chemicals & Fertilisers,2023-06-13,2023-06-23,6811.3271484375,6816.797346221601,1,6811.33,6816.8,5.47,29.9,-24.43,-0.36,10,Trailing Stop Hit (20 EMA)
MINDACORP.NS,Minda Corporation Limited,Automobile & Auto Components,2023-06-16,2023-06-23,288.5906677246094,280.9208982001514,46,13275.17,12922.36,-352.81,43.87,-396.68,-2.99,7,Trailing Stop Hit (20 EMA)
ZYDUSWELL.NS,Zydus Wellness Limited,Consumer Goods & Retail,2023-06-26,2023-06-28,294.84906005859375,295.36813982934865,45,13268.21,13291.57,23.36,44.24,-20.88,-0.16,2,Trailing Stop Hit (20 EMA)
CREDITACC.NS,CREDITACCESS GRAMEEN LIMITED,Banking & Financial Services,2023-06-19,2023-06-30,1262.6378173828125,1261.0007485752756,10,12626.38,12610.01,-16.37,42.79,-59.16,-0.47,11,Trailing Stop Hit (20 EMA)
CHOLAFIN.NS,Cholamandalam Investment and Finance Company Limited,Banking & Financial Services,2023-06-27,2023-07-03,1088.6666259765625,1159.89,12,13064.0,13918.68,854.68,44.66,810.02,6.2,6,Target Hit (3x ATR)
UNIONBANK.NS,Union Bank of India,Banking & Financial Services,2023-06-30,2023-07-04,63.97657012939453,67.92,210,13435.08,14263.2,828.12,45.46,782.66,5.83,4,Target Hit (3x ATR)
FEDERALBNK.NS,The Federal Bank  Limited,Banking & Financial Services,2023-06-30,2023-07-04,123.30078125,129.41,109,13439.79,14105.69,665.9,45.31,620.59,4.62,4,Target Hit (3x ATR)
CUB.NS,City Union Bank Limited,Banking & Financial Services,2023-06-30,2023-07-13,92.14958953857422,92.33264234220732,146,13453.84,13480.57,26.73,44.66,-17.93,-0.13,13,Trailing Stop Hit (20 EMA)
PVRINOX.NS,PVR INOX Limited,Diversified & Others,2023-07-07,2023-07-13,1439.8499755859375,1405.4424903377937,9,12958.65,12648.98,-309.67,43.22,-352.89,-2.72,6,Trailing Stop Hit (20 EMA)
EIHOTEL.NS,EIH Limited,Consumer Goods & Retail,2023-07-11,2023-07-13,208.2392120361328,205.95922321322874,65,13535.55,13387.35,-148.2,44.67,-192.87,-1.42,2,Trailing Stop Hit (20 EMA)
HINDUNILVR.NS,Hindustan Unilever Limited,Consumer Goods & Retail,2023-07-11,2023-07-13,2535.805908203125,2530.845694099836,5,12679.03,12654.23,-24.8,42.9,-67.7,-0.53,2,Trailing Stop Hit (20 EMA)
LTFOODS.NS,LT Foods Limited,Consumer Goods & Retail,2023-07-13,2023-07-18,128.11253356933594,141.61,106,13579.93,15010.66,1430.73,46.41,1384.32,10.19,5,Target Hit (3x ATR)
FEDERALBNK.NS,The Federal Bank  Limited,Banking & Financial Services,2023-07-14,2023-07-20,126.37964630126953,135.11,107,13522.62,14456.77,934.15,45.76,888.39,6.57,6,Target Hit (3x ATR)
GLAXO.NS,GlaxoSmithKline Pharmaceuticals Limited,Healthcare & Pharmaceuticals,2023-07-17,2023-07-20,1340.3580322265625,1321.3264498672972,10,13403.58,13213.26,-190.32,44.32,-234.64,-1.75,3,Trailing Stop Hit (20 EMA)
KPIL.NS,Kalpataru Projects International Limited,"Construction, Materials & Infra",2023-06-30,2023-07-24,517.8804931640625,559.15,25,12947.01,13978.75,1031.74,44.59,987.15,7.62,24,Target Hit (3x ATR)
ATUL.NS,Atul Limited,Chemicals & Fertilisers,2023-07-21,2023-07-24,6936.1201171875,6624.58,1,6936.12,6624.58,-311.54,29.86,-341.4,-4.92,3,Stop Loss Hit (2x ATR)
AXISBANK.NS,Axis Bank Limited,Banking & Financial Services,2023-07-20,2023-07-25,975.5591430664062,963.6891373578918,14,13657.83,13491.65,-166.18,44.93,-211.11,-1.55,5,Trailing Stop Hit (20 EMA)
MINDACORP.NS,Minda Corporation Limited,Automobile & Auto Components,2023-07-03,2023-08-02,290.7181701660156,298.94427253699166,46,13373.04,13751.44,378.4,44.86,333.54,2.49,30,Trailing Stop Hit (20 EMA)
PGEL.NS,PG Electroplast Limited,Consumer Goods & Retail,2023-08-03,2023-08-07,152.4380645751953,167.64,90,13719.43,15087.6,1368.17,46.67,1321.5,9.63,4,Target Hit (3x ATR)
DIVISLAB.NS,Divi's Laboratories Limited,Healthcare & Pharmaceuticals,2023-08-02,2023-08-11,3607.337890625,3634.2563751663533,3,10822.01,10902.77,80.76,38.87,41.89,0.39,9,Trailing Stop Hit (20 EMA)
EIHOTEL.NS,EIH Limited,Consumer Goods & Retail,2023-08-09,2023-08-11,210.82029724121094,208.75491639995263,66,13914.14,13777.82,-136.32,45.53,-181.85,-1.31,2,Trailing Stop Hit (20 EMA)
ENDURANCE.NS,Endurance Technologies Limited,Automobile & Auto Components,2023-08-10,2023-08-14,1673.78369140625,1630.4276172776508,8,13390.27,13043.42,-346.85,44.14,-390.99,-2.92,4,Trailing Stop Hit (20 EMA)
DIVISLAB.NS,Divi's Laboratories Limited,Healthcare & Pharmaceuticals,2023-08-14,2023-08-17,3675.828369140625,3639.359006268348,3,11027.49,10918.08,-109.41,39.14,-148.55,-1.35,3,Trailing Stop Hit (20 EMA)
BLS.NS,BLS International Services Limited,Consumer Goods & Retail,2023-07-31,2023-08-21,239.6976776123047,264.54,57,13662.77,15078.78,1416.01,46.59,1369.42,10.02,21,Target Hit (3x ATR)
EIHOTEL.NS,EIH Limited,Consumer Goods & Retail,2023-08-17,2023-08-21,212.55078125,230.07,65,13815.8,14954.55,1138.75,46.62,1092.13,7.9,4,Target Hit (3x ATR)
ZYDUSWELL.NS,Zydus Wellness Limited,Consumer Goods & Retail,2023-08-08,2023-08-24,300.93878173828125,321.6168933269947,46,13843.18,14794.38,951.2,46.49,904.71,6.54,16,Target Hit (3x ATR)
MAZDOCK.NS,Mazagon Dock Shipbuilders Limited,Information Technology,2023-08-14,2023-08-25,905.1207275390625,888.1244157587341,15,13576.81,13321.87,-254.94,44.65,-299.59,-2.21,11,Trailing Stop Hit (20 EMA)
GLAXO.NS,GlaxoSmithKline Pharmaceuticals Limited,Healthcare & Pharmaceuticals,2023-08-23,2023-08-25,1345.3740234375,1334.4429218599616,10,13453.74,13344.43,-109.31,44.52,-153.83,-1.14,2,Trailing Stop Hit (20 EMA)
MINDACORP.NS,Minda Corporation Limited,Automobile & Auto Components,2023-08-17,2023-09-01,305.47821044921875,337.46,45,13746.52,15185.7,1439.18,46.8,1392.38,10.13,15,Target Hit (3x ATR)
ANANTRAJ.NS,Anant Raj Limited,"Construction, Materials & Infra",2023-08-16,2023-09-04,202.9765167236328,225.88,68,13802.4,15359.84,1557.44,47.05,1510.39,10.94,19,Target Hit (3x ATR)
TEGA.NS,Tega Industries Limited,Information Technology,2023-08-31,2023-09-05,993.324951171875,968.7634082309005,14,13906.55,13562.69,-343.86,45.29,-389.15,-2.8,5,Trailing Stop Hit (20 EMA)
DMART.NS,Avenue Supermarts Limited,Consumer Goods & Retail,2023-08-29,2023-09-07,3664.35009765625,3850.26,3,10993.05,11550.78,557.73,39.75,517.98,4.71,9,Target Hit (3x ATR)
ADANIENSOL.NS,Adani Energy Solutions Limited,"Energy, Power & Utilities",2023-09-06,2023-09-08,855.9500122070312,841.2395795420625,16,13695.2,13459.83,-235.37,44.94,-280.31,-2.05,2,Trailing Stop Hit (20 EMA)
USHAMART.NS,Usha Martin Limited,Information Technology,2023-08-18,2023-09-11,332.58758544921875,361.78,41,13636.09,14832.98,1196.89,46.28,1150.61,8.44,24,Target Hit (3x ATR)
GALLANTT.NS,Gallantt Ispat Limited,Information Technology,2023-08-31,2023-09-12,93.14606475830078,91.49960209837754,152,14158.2,13907.94,-250.26,45.95,-296.21,-2.09,12,Trailing Stop Hit (20 EMA)
CREDITACC.NS,CREDITACCESS GRAMEEN LIMITED,Banking & Financial Services,2023-08-31,2023-09-12,1404.41357421875,1411.0321943957729,10,14044.14,14110.32,66.18,46.03,20.15,0.14,12,Trailing Stop Hit (20 EMA)
LTFOODS.NS,LT Foods Limited,Consumer Goods & Retail,2023-09-06,2023-09-12,172.3721466064453,167.1216004625927,83,14306.89,13871.09,-435.8,46.09,-481.89,-3.37,6,Trailing Stop Hit (20 EMA)
CGPOWER.NS,CG Power and Industrial Solutions Limited,Information Technology,2023-08-31,2023-09-13,426.31298828125,425.75876485068915,33,14068.33,14050.04,-18.29,46.0,-64.29,-0.46,13,Trailing Stop Hit (20 EMA)
ADANIENSOL.NS,Adani Energy Solutions Limited,"Energy, Power & Utilities",2023-09-11,2023-09-13,874.9000244140625,844.5510295642832,16,13998.4,13512.82,-485.58,45.35,-530.93,-3.79,2,Trailing Stop Hit (20 EMA)
COFORGE.NS,Coforge Limited,Information Technology,2023-08-24,2023-09-20,1043.4818115234375,1045.6760911136905,13,13565.26,13593.79,28.53,44.9,-16.37,-0.12,27,Trailing Stop Hit (20 EMA)
ADANIENSOL.NS,Adani Energy Solutions Limited,"Energy, Power & Utilities",2023-09-18,2023-09-21,855.0999755859375,846.6144684470974,16,13681.6,13545.83,-135.77,45.01,-180.78,-1.32,3,Trailing Stop Hit (20 EMA)
SAMMAANCAP.NS,Sammaan Capital Limited,Banking & Financial Services,2023-09-13,2023-09-22,164.6898956298828,161.8295468374722,86,14163.33,13917.34,-245.99,45.96,-291.95,-2.06,9,Trailing Stop Hit (20 EMA)
EIHOTEL.NS,EIH Limited,Consumer Goods & Retail,2023-10-06,2023-10-10,233.90968322753906,226.8889280898382,60,14034.58,13613.34,-421.24,45.49,-466.73,-3.33,4,Trailing Stop Hit (20 EMA)
MINDACORP.NS,Minda Corporation Limited,Automobile & Auto Components,2023-10-06,2023-10-10,333.0099792480469,325.37053267263565,42,13986.42,13665.56,-320.86,45.52,-366.38,-2.62,4,Trailing Stop Hit (20 EMA)
DMART.NS,Avenue Supermarts Limited,Consumer Goods & Retail,2023-10-04,2023-10-16,3872.949951171875,3787.4355992549704,3,11618.85,11362.31,-256.54,40.3,-296.84,-2.55,12,Trailing Stop Hit (20 EMA)
ARE&M.NS,Amara Raja Energy & Mobility Limited,Automobile & Auto Components,2023-10-12,2023-10-16,627.544921875,621.6875539533265,22,13805.99,13677.13,-128.86,45.31,-174.17,-1.26,4,Trailing Stop Hit (20 EMA)
MINDACORP.NS,Minda Corporation Limited,Automobile & Auto Components,2023-10-10,2023-10-17,331.6705627441406,331.74312596421123,42,13930.16,13933.21,3.05,45.7,-42.65,-0.31,7,Trailing Stop Hit (20 EMA)
ENDURANCE.NS,Endurance Technologies Limited,Automobile & Auto Components,2023-10-13,2023-10-17,1583.85791015625,1569.0763335766264,8,12670.86,12552.61,-118.25,42.78,-161.03,-1.27,4,Trailing Stop Hit (20 EMA)
BLS.NS,BLS International Services Limited,Consumer Goods & Retail,2023-10-16,2023-10-18,258.3414306640625,252.2022937052208,54,13950.44,13618.92,-331.52,45.39,-376.91,-2.7,2,Trailing Stop Hit (20 EMA)
GALLANTT.NS,Gallantt Ispat Limited,Information Technology,2023-10-16,2023-10-18,91.3040542602539,90.04962051228561,154,14060.82,13867.64,-193.18,45.8,-238.98,-1.7,2,Trailing Stop Hit (20 EMA)
ARE&M.NS,Amara Raja Energy & Mobility Limited,Automobile & Auto Components,2023-10-17,2023-10-19,622.557861328125,620.0401894755515,22,13696.27,13640.88,-55.39,45.14,-100.53,-0.73,2,Trailing Stop Hit (20 EMA)
PVRINOX.NS,PVR INOX Limited,Diversified & Others,2023-10-12,2023-10-20,1765.9000244140625,1732.4325012973522,8,14127.2,13859.46,-267.74,45.87,-313.61,-2.22,8,Trailing Stop Hit (20 EMA)
ANANTRAJ.NS,Anant Raj Limited,"Construction, Materials & Infra",2023-10-05,2023-10-23,234.59046936035156,229.0096778766185,60,14075.43,13740.58,-334.85,45.69,-380.54,-2.7,18,Trailing Stop Hit (20 EMA)
CUB.NS,City Union Bank Limited,Banking & Financial Services,2023-10-10,2023-10-23,98.28339385986328,97.787954295582,143,14054.53,13983.68,-70.85,45.91,-116.76,-0.83,13,Trailing Stop Hit (20 EMA)
CREDITACC.NS,CREDITACCESS GRAMEEN LIMITED,Banking & Financial Services,2023-10-10,2023-10-23,1340.8177490234375,1474.59,10,13408.18,14745.9,1337.72,45.93,1291.79,9.63,13,Target Hit (3x ATR)
TEGA.NS,Tega Industries Limited,Information Technology,2023-10-18,2023-10-23,931.7535400390625,907.501048923157,15,13976.3,13612.52,-363.78,45.43,-409.21,-2.93,5,Trailing Stop Hit (20 EMA)
SBFC.NS,SBFC Finance Limited,Banking & Financial Services,2023-10-27,2023-10-31,84.55000305175781,83.80154473538077,166,14035.3,13911.06,-124.24,45.82,-170.06,-1.21,4,Trailing Stop Hit (20 EMA)
EIHOTEL.NS,EIH Limited,Consumer Goods & Retail,2023-10-30,2023-11-01,225.35621643066406,221.69752688179983,62,13972.09,13745.25,-226.84,45.57,-272.41,-1.95,2,Trailing Stop Hit (20 EMA)
ANANTRAJ.NS,Anant Raj Limited,"Construction, Materials & Infra",2023-10-25,2023-11-02,231.2050323486328,232.34253686941966,60,13872.3,13940.55,68.25,45.64,22.61,0.16,8,Trailing Stop Hit (20 EMA)
ENDURANCE.NS,Endurance Technologies Limited,Automobile & Auto Components,2023-11-02,2023-11-06,1582.127685546875,1715.13,8,12657.02,13721.04,1064.02,43.99,1020.03,8.06,4,Target Hit (3x ATR)
ZYDUSWELL.NS,Zydus Wellness Limited,Consumer Goods & Retail,2023-11-06,2023-11-08,308.8506774902344,302.77529166031877,45,13898.28,13624.89,-273.39,45.33,-318.72,-2.29,2,Trailing Stop Hit (20 EMA)
SAMMAANCAP.NS,Sammaan Capital Limited,Banking & Financial Services,2023-11-07,2023-11-09,152.08392333984375,148.03559976604623,92,13991.72,13619.28,-372.44,45.45,-417.89,-2.99,2,Trailing Stop Hit (20 EMA)
SBFC.NS,SBFC Finance Limited,Banking & Financial Services,2023-11-09,2023-11-13,84.80000305175781,92.75,165,13992.0,15303.75,1311.75,47.2,1264.55,9.04,4,Target Hit (3x ATR)
GLAXO.NS,GlaxoSmithKline Pharmaceuticals Limited,Healthcare & Pharmaceuticals,2023-11-10,2023-11-16,1392.9312744140625,1496.49,10,13929.31,14964.9,1035.59,46.76,988.83,7.1,6,Target Hit (3x ATR)
EIHOTEL.NS,EIH Limited,Consumer Goods & Retail,2023-11-06,2023-11-17,230.9431610107422,227.28476826829666,60,13856.59,13637.09,-219.5,45.33,-264.83,-1.91,11,Trailing Stop Hit (20 EMA)
LTFOODS.NS,LT Foods Limited,Consumer Goods & Retail,2023-11-02,2023-11-21,186.3959197998047,213.93,75,13979.69,16044.75,2065.06,47.97,2017.09,14.43,19,Target Hit (3x ATR)
CANBK.NS,Canara Bank,Banking & Financial Services,2023-10-27,2023-11-24,69.29777526855469,70.96505776310364,202,13998.15,14334.94,336.79,46.21,290.58,2.08,28,Trailing Stop Hit (20 EMA)
TMPV.NS,Tata Motors Passenger Vehicles Limited,Automobile & Auto Components,2023-11-03,2023-11-28,632.7811889648438,677.69,22,13921.19,14909.18,987.99,46.7,941.29,6.76,25,Target Hit (3x ATR)
ADANIENSOL.NS,Adani Energy Solutions Limited,"Energy, Power & Utilities",2023-11-28,2023-11-29,865.0999755859375,949.42,16,13841.6,15190.72,1349.12,46.91,1302.21,9.41,1,Target Hit (3x ATR)
GALLANTT.NS,Gallantt Ispat Limited,Information Technology,2023-11-03,2023-12-05,93.29541778564453,95.1033636408747,150,13994.31,14265.5,271.19,46.13,225.06,1.61,32,Trailing Stop Hit (20 EMA)
BLS.NS,BLS International Services Limited,Consumer Goods & Retail,2023-12-04,2023-12-12,278.688720703125,308.43,52,14491.81,16038.36,1546.55,48.56,1497.99,10.34,8,Target Hit (3x ATR)
OFSS.NS,Oracle Financial Services Software Limited,Information Technology,2023-12-06,2023-12-13,3697.045166015625,3667.594644646551,3,11091.14,11002.78,-88.36,39.3,-127.66,-1.15,7,Trailing Stop Hit (20 EMA)
JWL.NS,Jupiter Wagons Limited,Information Technology,2023-12-15,2023-12-19,333.9273376464844,325.20674319320835,43,14358.88,13983.89,-374.99,46.27,-421.26,-2.93,4,Trailing Stop Hit (20 EMA)
MINDACORP.NS,Minda Corporation Limited,Automobile & Auto Components,2023-11-29,2023-12-20,370.21502685546875,369.7433386785573,39,14438.39,14419.99,-18.4,46.82,-65.22,-0.45,21,Trailing Stop Hit (20 EMA)
TEGA.NS,Tega Industries Limited,Information Technology,2023-12-15,2023-12-20,1036.3350830078125,1139.67,14,14508.69,15955.38,1446.69,48.5,1398.19,9.64,5,Target Hit (3x ATR)
ZYDUSWELL.NS,Zydus Wellness Limited,Consumer Goods & Retail,2023-12-14,2023-12-21,312.05712890625,310.6940870414674,46,14354.63,14291.93,-62.7,46.57,-109.27,-0.76,7,Trailing Stop Hit (20 EMA)
SONACOMS.NS,Sona BLW Precision Forgings Limited,Automobile & Auto Components,2023-12-21,2023-12-27,561.5104370117188,611.78,26,14599.27,15906.28,1307.01,48.55,1258.46,8.62,6,Target Hit (3x ATR)
MAZDOCK.NS,Mazagon Dock Shipbuilders Limited,Information Technology,2023-12-21,2023-12-27,1041.75390625,1153.8,14,14584.55,16153.2,1568.65,48.78,1519.87,10.42,6,Target Hit (3x ATR)
NATCOPHARM.NS,Natco Pharma Limited,Healthcare & Pharmaceuticals,2023-12-21,2024-01-03,767.7365112304688,826.21,19,14586.99,15697.99,1111.0,48.33,1062.67,7.29,13,Target Hit (3x ATR)
USHAMART.NS,Usha Martin Limited,Information Technology,2024-01-04,2024-01-08,305.4295959472656,298.28323359392454,49,14966.05,14615.88,-350.17,47.63,-397.8,-2.66,4,Trailing Stop Hit (20 EMA)
MUTHOOTFIN.NS,Muthoot Finance Limited,Banking & Financial Services,2024-01-03,2024-01-10,1425.0537109375,1417.2707212956586,10,14250.54,14172.71,-77.83,46.33,-124.16,-0.87,7,Trailing Stop Hit (20 EMA)
DIVISLAB.NS,Divi's Laboratories Limited,Healthcare & Pharmaceuticals,2023-12-26,2024-01-12,3806.828369140625,3821.5481190647447,3,11420.49,11464.64,44.15,40.16,3.99,0.03,17,Trailing Stop Hit (20 EMA)
CREDITACC.NS,CREDITACCESS GRAMEEN LIMITED,Banking & Financial Services,2024-01-05,2024-01-15,1715.496826171875,1664.8851630696947,8,13723.97,13319.08,-404.89,44.83,-449.72,-3.28,10,Trailing Stop Hit (20 EMA)
JWL.NS,Jupiter Wagons Limited,Information Technology,2024-01-04,2024-01-16,328.9566955566406,378.76251327947483,45,14803.05,17044.31,2241.26,49.97,2191.29,14.8,12,Target Hit (3x ATR)
MINDACORP.NS,Minda Corporation Limited,Automobile & Auto Components,2024-01-09,2024-01-16,385.39471435546875,380.8949960599875,39,15030.39,14854.9,-175.49,47.96,-223.45,-1.49,7,Trailing Stop Hit (20 EMA)
ADANIENSOL.NS,Adani Energy Solutions Limited,"Energy, Power & Utilities",2024-01-03,2024-01-17,1183.199951171875,1106.3179796886075,12,14198.4,13275.82,-922.58,45.34,-967.92,-6.82,14,Trailing Stop Hit (20 EMA)
CANBK.NS,Canara Bank,Banking & Financial Services,2023-12-28,2024-01-18,80.27113342285156,81.87725613030219,185,14850.16,15147.29,297.13,48.06,249.07,1.68,21,Trailing Stop Hit (20 EMA)
KPIL.NS,Kalpataru Projects International Limited,"Construction, Materials & Infra",2023-12-29,2024-01-19,693.3841552734375,700.5128578286485,21,14561.07,14710.77,149.7,47.25,102.45,0.7,21,Trailing Stop Hit (20 EMA)
CGPOWER.NS,CG Power and Industrial Solutions Limited,Information Technology,2024-01-17,2024-01-19,459.82427978515625,454.9262015113076,32,14714.38,14557.64,-156.74,47.28,-204.02,-1.39,2,Trailing Stop Hit (20 EMA)
LTFOODS.NS,LT Foods Limited,Consumer Goods & Retail,2024-01-24,2024-01-29,200.73028564453125,196.36126079536402,74,14854.04,14530.73,-323.31,47.41,-370.72,-2.5,5,Trailing Stop Hit (20 EMA)
SBFC.NS,SBFC Finance Limited,Banking & Financial Services,2024-01-25,2024-01-30,89.30000305175781,87.98256851337894,167,14913.1,14693.09,-220.01,47.65,-267.66,-1.79,5,Trailing Stop Hit (20 EMA)
CGPOWER.NS,CG Power and Industrial Solutions Limited,Information Technology,2024-01-25,2024-01-31,459.82427978515625,454.88251000678696,32,14714.38,14556.24,-158.14,47.28,-205.42,-1.4,6,Trailing Stop Hit (20 EMA)
GALLANTT.NS,Gallantt Ispat Limited,Information Technology,2024-01-29,2024-02-02,193.66017150878906,226.87,77,14911.83,17468.99,2557.16,50.54,2506.62,16.81,4,Target Hit (3x ATR)
SAMMAANCAP.NS,Sammaan Capital Limited,Banking & Financial Services,2024-01-30,2024-02-02,189.2247772216797,184.0534440629754,78,14759.53,14356.17,-403.36,47.13,-450.49,-3.05,3,Trailing Stop Hit (20 EMA)
SONACOMS.NS,Sona BLW Precision Forgings Limited,Automobile & Auto Components,2024-01-31,2024-02-08,607.5003662109375,601.5178058270687,24,14580.01,14436.43,-143.58,47.0,-190.58,-1.31,8,Trailing Stop Hit (20 EMA)
MINDACORP.NS,Minda Corporation Limited,Automobile & Auto Components,2024-01-17,2024-02-09,397.4987487792969,398.63923978314324,37,14707.45,14749.65,42.2,47.48,-5.28,-0.04,23,Trailing Stop Hit (20 EMA)
TEGA.NS,Tega Industries Limited,Information Technology,2024-02-02,2024-02-09,1183.527587890625,1145.2532708604624,12,14202.33,13743.04,-459.29,45.83,-505.12,-3.56,7,Trailing Stop Hit (20 EMA)
PGEL.NS,PG Electroplast Limited,Consumer Goods & Retail,2024-02-07,2024-02-09,205.882080078125,197.94818807492297,73,15029.39,14450.22,-579.17,47.55,-626.72,-4.17,2,Trailing Stop Hit (20 EMA)
MUTHOOTFIN.NS,Muthoot Finance Limited,Banking & Financial Services,2024-02-07,2024-02-09,1376.098876953125,1322.8470498004717,10,13760.99,13228.47,-532.52,44.77,-577.29,-4.2,2,Trailing Stop Hit (20 EMA)
DIVISLAB.NS,Divi's Laboratories Limited,Healthcare & Pharmaceuticals,2024-02-12,2024-02-14,3685.28759765625,3635.873394870438,4,14741.15,14543.49,-197.66,47.29,-244.95,-1.66,2,Trailing Stop Hit (20 EMA)
CREDITACC.NS,CREDITACCESS GRAMEEN LIMITED,Banking & Financial Services,2024-02-12,2024-02-14,1612.017333984375,1602.5300110786459,9,14508.16,14422.77,-85.39,46.9,-132.29,-0.91,2,Trailing Stop Hit (20 EMA)
TEGA.NS,Tega Industries Limited,Information Technology,2024-02-12,2024-02-15,1198.64599609375,1359.1,12,14383.75,16309.2,1925.45,48.71,1876.74,13.05,3,Target Hit (3x ATR)
TRENT.NS,Trent Limited,Consumer Goods & Retail,2024-02-07,2024-02-16,3598.453125,4006.11,4,14393.81,16024.44,1630.63,48.43,1582.2,10.99,9,Target Hit (3x ATR)
ADANIENSOL.NS,Adani Energy Solutions Limited,"Energy, Power & Utilities",2024-02-16,2024-02-20,1061.5999755859375,1062.0418048875745,14,14862.4,14868.59,6.19,47.77,-41.58,-0.28,4,Trailing Stop Hit (20 EMA)
SBFC.NS,SBFC Finance Limited,Banking & Financial Services,2024-02-16,2024-02-26,88.8499984741211,88.19754355069291,170,15104.5,14993.58,-110.92,48.2,-159.12,-1.05,10,Trailing Stop Hit (20 EMA)
MINDACORP.NS,Minda Corporation Limited,Automobile & Auto Components,2024-02-16,2024-02-28,403.5526428222656,414.0163329788462,37,14931.45,15318.6,387.15,48.32,338.83,2.27,12,Trailing Stop Hit (20 EMA)
UNIONBANK.NS,Union Bank of India,Banking & Financial Services,2024-02-21,2024-02-28,132.81051635742188,130.88836763572522,114,15140.4,14921.27,-219.13,48.16,-267.29,-1.77,7,Trailing Stop Hit (20 EMA)
SONACOMS.NS,Sona BLW Precision Forgings Limited,Automobile & Auto Components,2024-02-23,2024-02-29,639.5653076171875,707.07,23,14710.0,16262.61,1552.61,49.05,1503.56,10.22,6,Target Hit (3x ATR)
CGPOWER.NS,CG Power and Industrial Solutions Limited,Information Technology,2024-02-29,2024-03-01,441.3955078125,488.49,34,15007.45,16608.66,1601.21,49.77,1551.44,10.34,1,Target Hit (3x ATR)
SBFC.NS,SBFC Finance Limited,Banking & Financial Services,2024-03-04,2024-03-07,89.80000305175781,88.30465177956373,171,15355.8,15100.1,-255.7,48.63,-304.33,-1.98,3,Trailing Stop Hit (20 EMA)
JWL.NS,Jupiter Wagons Limited,Information Technology,2024-03-07,2024-03-12,368.0382995605469,368.1377887296353,41,15089.57,15093.65,4.08,48.29,-44.21,-0.29,5,Trailing Stop Hit (20 EMA)
ARE&M.NS,Amara Raja Energy & Mobility Limited,Automobile & Auto Components,2024-03-07,2024-03-12,848.2940673828125,831.3449352318053,18,15269.29,14964.21,-305.08,48.35,-353.43,-2.31,5,Trailing Stop Hit (20 EMA)
PVRINOX.NS,PVR INOX Limited,Diversified & Others,2024-03-07,2024-03-12,1415.5,1383.0,10,14155.0,13830.0,-325.0,45.87,-370.87,-2.62,5,Trailing Stop Hit (20 EMA)
UNIONBANK.NS,Union Bank of India,Banking & Financial Services,2024-02-29,2024-03-13,133.90887451171875,135.59539450787375,113,15131.7,15322.28,190.58,48.59,141.99,0.94,13,Trailing Stop Hit (20 EMA)
MUTHOOTFIN.NS,Muthoot Finance Limited,Banking & Financial Services,2024-03-05,2024-03-13,1315.508544921875,1312.020403739611,11,14470.59,14432.22,-38.37,46.86,-85.23,-0.59,8,Trailing Stop Hit (20 EMA)
ZYDUSWELL.NS,Zydus Wellness Limited,Consumer Goods & Retail,2024-03-11,2024-03-13,316.0577392578125,312.11666765227477,48,15170.77,14981.6,-189.17,48.26,-237.43,-1.57,2,Trailing Stop Hit (20 EMA)
CHOLAFIN.NS,Cholamandalam Investment and Finance Company Limited,Banking & Financial Services,2024-03-21,2024-03-26,1070.9669189453125,1075.1064511235954,14,14993.54,15051.49,57.95,48.13,9.82,0.07,5,Trailing Stop Hit (20 EMA)
MUTHOOTFIN.NS,Muthoot Finance Limited,Banking & Financial Services,2024-03-21,2024-04-01,1385.0787353515625,1520.27,11,15235.87,16722.97,1487.1,50.16,1436.94,9.43,11,Target Hit (3x ATR)
LTFOODS.NS,LT Foods Limited,Consumer Goods & Retail,2024-03-20,2024-04-03,176.47970581054688,202.81,86,15177.25,17441.66,2264.41,50.84,2213.57,14.58,14,Target Hit (3x ATR)
MAZDOCK.NS,Mazagon Dock Shipbuilders Limited,Information Technology,2024-04-01,2024-04-03,982.7162475585938,1102.26,15,14740.74,16533.9,1793.16,49.36,1743.8,11.83,2,Target Hit (3x ATR)
ENDURANCE.NS,Endurance Technologies Limited,Automobile & Auto Components,2024-03-27,2024-04-15,1794.6075439453125,1760.940899163144,8,14356.86,14087.53,-269.33,46.38,-315.71,-2.2,19,Trailing Stop Hit (20 EMA)
ATUL.NS,Atul Limited,Chemicals & Fertilisers,2024-04-10,2024-04-15,6127.3681640625,5924.607022795447,2,12254.74,11849.21,-405.53,41.55,-447.08,-3.65,5,Trailing Stop Hit (20 EMA)
TRENT.NS,Trent Limited,Consumer Goods & Retail,2024-04-10,2024-04-15,4011.065185546875,3936.046492095238,3,12033.2,11808.14,-225.06,41.25,-266.31,-2.21,5,Trailing Stop Hit (20 EMA)
SONACOMS.NS,Sona BLW Precision Forgings Limited,Automobile & Auto Components,2024-04-12,2024-04-16,669.8566284179688,650.1549377475668,23,15406.7,14953.56,-453.14,48.52,-501.66,-3.26,4,Trailing Stop Hit (20 EMA)
BLS.NS,BLS International Services Limited,Consumer Goods & Retail,2024-04-16,2024-04-19,331.3804016113281,316.5447047228825,46,15243.5,14561.06,-682.44,47.91,-730.35,-4.79,3,Trailing Stop Hit (20 EMA)
GLAXO.NS,GlaxoSmithKline Pharmaceuticals Limited,Healthcare & Pharmaceuticals,2024-04-22,2024-04-26,1845.5535888671875,2025.65,8,14764.43,16205.2,1440.77,49.05,1391.72,9.43,4,Target Hit (3x ATR)
ATUL.NS,Atul Limited,Chemicals & Fertilisers,2024-04-26,2024-04-30,5863.43798828125,5876.80731189161,2,11726.88,11753.61,26.73,40.83,-14.1,-0.12,4,Trailing Stop Hit (20 EMA)
ADANIENSOL.NS,Adani Energy Solutions Limited,"Energy, Power & Utilities",2024-04-26,2024-05-02,1062.8499755859375,1056.3534381078646,14,14879.9,14788.95,-90.95,47.71,-138.66,-0.93,6,Trailing Stop Hit (20 EMA)
UNIONBANK.NS,Union Bank of India,Banking & Financial Services,2024-04-29,2024-05-03,143.4738006591797,137.89388081838035,109,15638.64,15030.43,-608.21,48.89,-657.1,-4.2,4,Trailing Stop Hit (20 EMA)
JWL.NS,Jupiter Wagons Limited,Information Technology,2024-04-22,2024-05-06,395.35015869140625,390.3878707163946,39,15418.66,15225.13,-193.53,48.83,-242.36,-1.57,14,Trailing Stop Hit (20 EMA)
CANBK.NS,Canara Bank,Banking & Financial Services,2024-04-22,2024-05-06,109.1512680053711,110.13959496303471,142,15499.48,15639.82,140.34,49.35,90.99,0.59,14,Trailing Stop Hit (20 EMA)
BANKBARODA.NS,Bank of Baroda,Banking & Financial Services,2024-04-25,2024-05-06,244.73162841796875,244.2458825024196,64,15662.82,15631.74,-31.08,49.54,-80.62,-0.51,11,Trailing Stop Hit (20 EMA)
BLS.NS,BLS International Services Limited,Consumer Goods & Retail,2024-04-29,2024-05-06,346.1172790527344,336.0709941002356,45,15575.28,15123.19,-452.09,48.91,-501.0,-3.22,7,Trailing Stop Hit (20 EMA)
ENDURANCE.NS,Endurance Technologies Limited,Automobile & Auto Components,2024-04-23,2024-05-07,1845.4283447265625,1893.5113884589612,8,14763.43,15148.09,384.66,47.95,336.71,2.28,14,Trailing Stop Hit (20 EMA)
DMART.NS,Avenue Supermarts Limited,Consumer Goods & Retail,2024-05-08,2024-05-14,4806.75,4650.0411899749,3,14420.25,13950.12,-470.13,46.3,-516.43,-3.58,6,Trailing Stop Hit (20 EMA)
MAZDOCK.NS,Mazagon Dock Shipbuilders Limited,Information Technology,2024-05-14,2024-05-17,1146.1748046875,1316.51,13,14900.27,17114.63,2214.36,50.16,2164.2,14.52,3,Target Hit (3x ATR)
MINDACORP.NS,Minda Corporation Limited,Automobile & Auto Components,2024-05-10,2024-05-21,411.5491943359375,402.3606028724859,37,15227.32,14887.34,-339.98,48.23,-388.21,-2.55,11,Trailing Stop Hit (20 EMA)
TEGA.NS,Tega Industries Limited,Information Technology,2024-05-23,2024-05-27,1539.4840087890625,1500.5651919528261,10,15394.84,15005.65,-389.19,48.58,-437.77,-2.84,4,Trailing Stop Hit (20 EMA)
SONACOMS.NS,Sona BLW Precision Forgings Limited,Automobile & Auto Components,2024-05-21,2024-05-28,627.7935180664062,614.8548042053902,24,15067.04,14756.52,-310.52,47.92,-358.44,-2.38,7,Trailing Stop Hit (20 EMA)
SAMMAANCAP.NS,Sammaan Capital Limited,Banking & Financial Services,2024-05-22,2024-05-28,164.44418334960938,162.76006891366063,94,15457.75,15299.45,-158.3,48.95,-207.25,-1.34,6,Trailing Stop Hit (20 EMA)
UNIONBANK.NS,Union Bank of India,Banking & Financial Services,2024-05-22,2024-05-31,135.64793395996094,136.77492312199783,115,15599.51,15729.12,129.61,49.57,80.04,0.51,9,Trailing Stop Hit (20 EMA)
ARE&M.NS,Amara Raja Energy & Mobility Limited,Automobile & Auto Components,2024-05-24,2024-06-04,1180.8399658203125,1121.5334187244907,13,15350.92,14579.93,-770.99,48.07,-819.06,-5.34,11,Trailing Stop Hit (20 EMA)
USHAMART.NS,Usha Martin Limited,Information Technology,2024-05-28,2024-06-04,346.7527160644531,345.7446019578879,45,15603.87,15558.51,-45.36,49.39,-94.75,-0.61,7,Trailing Stop Hit (20 EMA)
CANBK.NS,Canara Bank,Banking & Financial Services,2024-05-31,2024-06-04,107.36786651611328,106.99625306480013,144,15460.97,15407.46,-53.51,49.08,-102.59,-0.66,4,Trailing Stop Hit (20 EMA)
MUTHOOTFIN.NS,Muthoot Finance Limited,Banking & Financial Services,2024-05-31,2024-06-04,1649.15234375,1635.8648709572115,9,14842.37,14722.78,-119.59,47.6,-167.19,-1.13,4,Trailing Stop Hit (20 EMA)
KPIL.NS,Kalpataru Projects International Limited,"Construction, Materials & Infra",2024-06-03,2024-06-04,1195.6282958984375,1100.08,13,15543.17,14301.04,-1242.13,48.0,-1290.13,-8.3,1,Stop Loss Hit (2x ATR)
ARE&M.NS,Amara Raja Energy & Mobility Limited,Automobile & Auto Components,2024-06-05,2024-06-07,1187.9141845703125,1412.14,12,14254.97,16945.68,2690.71,49.21,2641.5,18.53,2,Target Hit (3x ATR)
NATCOPHARM.NS,Natco Pharma Limited,Healthcare & Pharmaceuticals,2024-06-05,2024-06-10,1002.8336791992188,1111.58,15,15042.51,16673.7,1631.19,49.88,1581.31,10.51,5,Target Hit (3x ATR)
TRENT.NS,Trent Limited,Consumer Goods & Retail,2024-06-05,2024-06-18,4893.73876953125,5439.72,3,14681.22,16319.16,1637.94,49.07,1588.87,10.82,13,Target Hit (3x ATR)
KPIL.NS,Kalpataru Projects International Limited,"Construction, Materials & Infra",2024-06-07,2024-06-18,1236.3494873046875,1183.0022502526133,12,14836.19,14196.03,-640.16,47.06,-687.22,-4.63,11,Trailing Stop Hit (20 EMA)
CREDITACC.NS,CREDITACCESS GRAMEEN LIMITED,Banking & Financial Services,2024-06-05,2024-06-24,1393.2520751953125,1436.5985949994795,11,15325.77,15802.58,476.81,49.33,427.48,2.79,19,Trailing Stop Hit (20 EMA)
ZYDUSWELL.NS,Zydus Wellness Limited,Consumer Goods & Retail,2024-06-05,2024-06-26,376.3050537109375,363.4725833204264,40,15052.2,14538.9,-513.3,47.67,-560.97,-3.73,21,Trailing Stop Hit (20 EMA)
DMART.NS,Avenue Supermarts Limited,Consumer Goods & Retail,2024-06-05,2024-06-26,4862.25,4746.257091291876,3,14586.75,14238.77,-347.98,46.8,-394.78,-2.71,21,Trailing Stop Hit (20 EMA)
AXISBANK.NS,Axis Bank Limited,Banking & Financial Services,2024-06-05,2024-06-27,1181.66455078125,1306.864161814128,12,14179.97,15682.37,1502.4,47.83,1454.57,10.26,22,Target Hit (3x ATR)
FEDERALBNK.NS,The Federal Bank  Limited,Banking & Financial Services,2024-06-05,2024-07-03,163.51806640625,179.08,93,15207.18,16654.44,1447.26,50.04,1397.22,9.19,28,Target Hit (3x ATR)
MINDACORP.NS,Minda Corporation Limited,Automobile & Auto Components,2024-06-06,2024-07-09,454.4126892089844,508.32,33,14995.62,16774.56,1778.94,49.92,1729.02,11.53,33,Target Hit (3x ATR)
KPIL.NS,Kalpataru Projects International Limited,"Construction, Materials & Infra",2024-07-02,2024-07-10,1193.1888427734375,1342.32,13,15511.45,17450.16,1938.71,51.25,1887.46,12.17,8,Target Hit (3x ATR)
SONACOMS.NS,Sona BLW Precision Forgings Limited,Automobile & Auto Components,2024-07-01,2024-07-11,661.1634521484375,720.28,24,15867.92,17286.72,1418.8,51.5,1367.3,8.62,10,Target Hit (3x ATR)
DIVISLAB.NS,Divi's Laboratories Limited,Healthcare & Pharmaceuticals,2024-07-09,2024-07-12,4485.1796875,4461.02345058573,3,13455.54,13383.07,-72.47,44.57,-117.04,-0.87,3,Trailing Stop Hit (20 EMA)
TMPV.NS,Tata Motors Passenger Vehicles Limited,Automobile & Auto Components,2024-06-27,2024-07-19,955.8839721679688,982.296833275776,16,15294.14,15716.75,422.61,49.18,373.43,2.44,22,Trailing Stop Hit (20 EMA)
GLAXO.NS,GlaxoSmithKline Pharmaceuticals Limited,Healthcare & Pharmaceuticals,2024-07-16,2024-07-19,2510.330810546875,2446.464618614482,6,15061.98,14678.79,-383.19,47.83,-431.02,-2.86,3,Trailing Stop Hit (20 EMA)
CHOLAFIN.NS,Cholamandalam Investment and Finance Company Limited,Banking & Financial Services,2024-07-18,2024-07-22,1445.4862060546875,1405.3380190519981,11,15900.35,15458.72,-441.63,49.65,-491.28,-3.09,4,Trailing Stop Hit (20 EMA)
LTFOODS.NS,LT Foods Limited,Consumer Goods & Retail,2024-07-09,2024-07-23,269.75982666015625,268.17291943780623,60,16185.59,16090.38,-95.21,50.64,-145.85,-0.9,14,Trailing Stop Hit (20 EMA)
NATCOPHARM.NS,Natco Pharma Limited,Healthcare & Pharmaceuticals,2024-07-15,2024-07-23,1193.384033203125,1186.008499699511,13,15513.99,15418.11,-95.88,49.15,-145.03,-0.93,8,Trailing Stop Hit (20 EMA)
CANBK.NS,Canara Bank,Banking & Financial Services,2024-07-29,2024-07-31,108.32718658447266,107.53442938536466,150,16249.08,16130.16,-118.92,50.75,-169.67,-1.04,2,Trailing Stop Hit (20 EMA)
CHOLAFIN.NS,Cholamandalam Investment and Finance Company Limited,Banking & Financial Services,2024-07-29,2024-08-01,1429.7762451171875,1403.9725775479774,11,15727.54,15443.7,-283.84,49.43,-333.27,-2.12,3,Trailing Stop Hit (20 EMA)
CGPOWER.NS,CG Power and Industrial Solutions Limited,Information Technology,2024-07-25,2024-08-02,725.5516357421875,715.6172433184918,22,15962.14,15743.58,-218.56,50.0,-268.56,-1.68,8,Trailing Stop Hit (20 EMA)
ARE&M.NS,Amara Raja Energy & Mobility Limited,Automobile & Auto Components,2024-07-26,2024-08-02,1645.0938720703125,1560.2290911653001,9,14805.84,14042.06,-763.78,46.86,-810.64,-5.48,7,Trailing Stop Hit (20 EMA)
CUB.NS,City Union Bank Limited,Banking & Financial Services,2024-07-29,2024-08-05,123.42498016357422,116.88977287547756,131,16168.67,15312.56,-856.11,49.8,-905.91,-5.6,7,Trailing Stop Hit (20 EMA)
GLAXO.NS,GlaxoSmithKline Pharmaceuticals Limited,Healthcare & Pharmaceuticals,2024-07-22,2024-08-08,2511.62451171875,2780.68,6,15069.75,16684.08,1614.33,49.92,1564.41,10.38,17,Target Hit (3x ATR)
DIVISLAB.NS,Divi's Laboratories Limited,Healthcare & Pharmaceuticals,2024-07-26,2024-08-14,4720.3291015625,4732.449082331862,3,14160.99,14197.35,36.36,46.25,-9.89,-0.07,19,Trailing Stop Hit (20 EMA)
BLS.NS,BLS International Services Limited,Consumer Goods & Retail,2024-08-06,2024-08-14,380.88226318359375,362.9805029373691,42,15997.06,15245.18,-751.88,49.54,-801.42,-5.01,8,Trailing Stop Hit (20 EMA)
ARE&M.NS,Amara Raja Energy & Mobility Limited,Automobile & Auto Components,2024-08-12,2024-08-14,1564.0848388671875,1530.5834054135078,10,15640.85,15305.83,-335.02,49.17,-384.19,-2.46,2,Trailing Stop Hit (20 EMA)
PVRINOX.NS,PVR INOX Limited,Diversified & Others,2024-08-16,2024-08-23,1500.050048828125,1480.4470381507658,10,15000.5,14804.47,-196.03,47.88,-243.91,-1.63,7,Trailing Stop Hit (20 EMA)
SAMMAANCAP.NS,Sammaan Capital Limited,Banking & Financial Services,2024-08-20,2024-08-28,168.40347290039062,163.7109868919682,95,15998.33,15552.54,-445.79,49.86,-495.65,-3.1,8,Trailing Stop Hit (20 EMA)
SBFC.NS,SBFC Finance Limited,Banking & Financial Services,2024-08-14,2024-08-29,84.61000061035156,84.25478211332809,189,15991.29,15924.15,-67.14,50.22,-117.36,-0.73,15,Trailing Stop Hit (20 EMA)
DMART.NS,Avenue Supermarts Limited,Consumer Goods & Retail,2024-08-29,2024-09-02,5008.7998046875,4977.0,3,15026.4,14931.0,-95.4,48.04,-143.44,-0.95,4,Trailing Stop Hit (20 EMA)
JWL.NS,Jupiter Wagons Limited,Information Technology,2024-08-30,2024-09-03,572.7528076171875,552.9031962808936,28,16037.08,15481.29,-555.79,49.84,-605.63,-3.78,4,Trailing Stop Hit (20 EMA)
TMPV.NS,Tata Motors Passenger Vehicles Limited,Automobile & Auto Components,2024-08-29,2024-09-04,1102.9393310546875,1061.0007497418949,14,15441.15,14854.01,-587.14,48.46,-635.6,-4.12,6,Trailing Stop Hit (20 EMA)
MAZDOCK.NS,Mazagon Dock Shipbuilders Limited,Information Technology,2024-09-04,2024-09-06,2345.198974609375,2238.2258093536034,6,14071.19,13429.35,-641.84,45.35,-687.19,-4.88,2,Trailing Stop Hit (20 EMA)
SBFC.NS,SBFC Finance Limited,Banking & Financial Services,2024-09-04,2024-09-06,84.2699966430664,84.16311228378717,190,16011.3,15990.99,-20.31,50.32,-70.63,-0.44,2,Trailing Stop Hit (20 EMA)
EIHOTEL.NS,EIH Limited,Consumer Goods & Retail,2024-09-05,2024-09-09,389.3292236328125,381.9714238841056,41,15962.5,15660.83,-301.67,49.92,-351.59,-2.2,4,Trailing Stop Hit (20 EMA)
DIVISLAB.NS,Divi's Laboratories Limited,Healthcare & Pharmaceuticals,2024-08-21,2024-09-10,4858.55029296875,5249.12,3,14575.65,15747.36,1171.71,48.37,1123.34,7.71,20,Target Hit (3x ATR)
KPIL.NS,Kalpataru Projects International Limited,"Construction, Materials & Infra",2024-08-23,2024-09-12,1277.942138671875,1320.3860641669257,12,15335.31,15844.63,509.32,49.38,459.94,3.0,20,Trailing Stop Hit (20 EMA)
SAMMAANCAP.NS,Sammaan Capital Limited,Banking & Financial Services,2024-09-13,2024-09-17,166.28065490722656,161.19243715088473,95,15796.66,15313.28,-483.38,49.36,-532.74,-3.37,4,Trailing Stop Hit (20 EMA)
JWL.NS,Jupiter Wagons Limited,Information Technology,2024-09-13,2024-09-17,556.685791015625,545.7789182612132,28,15587.2,15281.81,-305.39,49.08,-354.47,-2.27,4,Trailing Stop Hit (20 EMA)
UNIONBANK.NS,Union Bank of India,Banking & Financial Services,2024-09-16,2024-09-18,115.75534057617188,114.97667850135372,136,15742.73,15636.83,-105.9,49.64,-155.54,-0.99,2,Trailing Stop Hit (20 EMA)
MAZDOCK.NS,Mazagon Dock Shipbuilders Limited,Information Technology,2024-09-20,2024-09-24,2154.63525390625,2127.986466054995,7,15082.45,14895.91,-186.54,48.07,-234.61,-1.56,4,Trailing Stop Hit (20 EMA)
CGPOWER.NS,CG Power and Industrial Solutions Limited,Information Technology,2024-09-12,2024-09-25,726.099365234375,799.35,21,15248.09,16786.35,1538.26,50.24,1488.02,9.76,13,Target Hit (3x ATR)
CANBK.NS,Canara Bank,Banking & Financial Services,2024-09-23,2024-09-26,102.14961242675781,100.281416858129,155,15833.19,15543.62,-289.57,49.64,-339.21,-2.14,3,Trailing Stop Hit (20 EMA)
KPIL.NS,Kalpataru Projects International Limited,"Construction, Materials & Infra",2024-09-27,2024-10-01,1385.5323486328125,1332.026940642765,11,15240.86,14652.3,-588.56,48.01,-636.57,-4.18,4,Trailing Stop Hit (20 EMA)
ARE&M.NS,Amara Raja Energy & Mobility Limited,Automobile & Auto Components,2024-09-30,2024-10-03,1395.9483642578125,1350.9163625533254,11,15355.43,14860.08,-495.35,48.37,-543.72,-3.54,3,Trailing Stop Hit (20 EMA)
ATUL.NS,Atul Limited,Chemicals & Fertilisers,2024-10-01,2024-10-04,7936.65771484375,7699.2225731256685,2,15873.32,15398.45,-474.87,49.55,-524.42,-3.3,3,Trailing Stop Hit (20 EMA)
MINDACORP.NS,Minda Corporation Limited,Automobile & Auto Components,2024-09-23,2024-10-07,585.073486328125,577.7461624645937,27,15796.98,15599.15,-197.83,49.67,-247.5,-1.57,14,Trailing Stop Hit (20 EMA)
CGPOWER.NS,CG Power and Industrial Solutions Limited,Information Technology,2024-10-07,2024-10-10,755.9738159179688,835.02,20,15119.48,16700.4,1580.92,50.0,1530.92,10.13,3,Target Hit (3x ATR)
ADANIENSOL.NS,Adani Energy Solutions Limited,"Energy, Power & Utilities",2024-10-08,2024-10-10,1007.2999877929688,992.9500122070312,15,15109.5,14894.25,-215.25,48.1,-263.35,-1.74,2,Trailing Stop Hit (20 EMA)
GLAXO.NS,GlaxoSmithKline Pharmaceuticals Limited,Healthcare & Pharmaceuticals,2024-10-09,2024-10-11,2696.132080078125,2637.457315776598,5,13480.66,13187.29,-293.37,44.39,-337.76,-2.51,2,Trailing Stop Hit (20 EMA)
NATCOPHARM.NS,Natco Pharma Limited,Healthcare & Pharmaceuticals,2024-10-09,2024-10-11,1459.1632080078125,1421.256350970953,10,14591.63,14212.56,-379.07,46.77,-425.84,-2.92,2,Trailing Stop Hit (20 EMA)
USHAMART.NS,Usha Martin Limited,Information Technology,2024-10-10,2024-10-11,361.5208435058594,401.72,43,15545.4,17273.96,1728.56,51.1,1677.46,10.79,1,Target Hit (3x ATR)
MAZDOCK.NS,Mazagon Dock Shipbuilders Limited,Information Technology,2024-10-10,2024-10-17,2181.35888671875,2098.6989998672757,7,15269.51,14690.89,-578.62,48.08,-626.7,-4.1,7,Trailing Stop Hit (20 EMA)
TEGA.NS,Tega Industries Limited,Information Technology,2024-10-15,2024-10-17,1948.2606201171875,1879.1775235933721,8,15586.08,15033.42,-552.66,48.83,-601.49,-3.86,2,Trailing Stop Hit (20 EMA)
FEDERALBNK.NS,The Federal Bank  Limited,Banking & Financial Services,2024-10-14,2024-10-18,194.890380859375,189.71962454940288,81,15786.12,15367.29,-418.83,49.43,-468.26,-2.97,4,Trailing Stop Hit (20 EMA)
BLS.NS,BLS International Services Limited,Consumer Goods & Retail,2024-10-23,2024-10-25,377.2022705078125,372.6202550665477,41,15465.29,15277.43,-187.86,48.94,-236.8,-1.53,2,Trailing Stop Hit (20 EMA)
SONACOMS.NS,Sona BLW Precision Forgings Limited,Automobile & Auto Components,2024-10-24,2024-10-29,720.2594604492188,671.4571256296658,22,15845.71,14772.06,-1073.65,48.86,-1122.51,-7.08,5,Trailing Stop Hit (20 EMA)
CANBK.NS,Canara Bank,Banking & Financial Services,2024-10-29,2024-10-31,96.97203826904297,95.86502377691096,163,15806.44,15626.0,-180.44,49.71,-230.15,-1.46,2,Trailing Stop Hit (20 EMA)
MUTHOOTFIN.NS,Muthoot Finance Limited,Banking & Financial Services,2024-10-29,2024-10-31,1920.410888671875,1908.9342793300575,8,15363.29,15271.47,-91.82,48.8,-140.62,-0.92,2,Trailing Stop Hit (20 EMA)
FIRSTCRY.NS,Brainbees Solutions Limited,Consumer Goods & Retail,2024-10-29,2024-10-31,694.25,652.0,22,15273.5,14344.0,-929.5,47.72,-977.22,-6.4,2,Trailing Stop Hit (20 EMA)
ENDURANCE.NS,Endurance Technologies Limited,Automobile & Auto Components,2024-10-30,2024-11-04,2322.70947265625,2351.455177556301,6,13936.26,14108.73,172.47,45.9,126.57,0.91,5,Trailing Stop Hit (20 EMA)
JWL.NS,Jupiter Wagons Limited,Information Technology,2024-10-31,2024-11-04,514.4784545898438,497.2251356690891,30,15434.35,14916.75,-517.6,48.52,-566.12,-3.67,4,Trailing Stop Hit (20 EMA)
ANANTRAJ.NS,Anant Raj Limited,"Construction, Materials & Infra",2024-10-31,2024-11-05,738.695556640625,713.5702855135177,21,15512.61,14984.98,-527.63,48.68,-576.31,-3.72,5,Trailing Stop Hit (20 EMA)
BANKBARODA.NS,Bank of Baroda,Banking & Financial Services,2024-10-28,2024-11-12,234.0247039794922,235.9979828335839,67,15679.66,15811.86,132.2,49.75,82.45,0.53,15,Trailing Stop Hit (20 EMA)
CUB.NS,City Union Bank Limited,Banking & Financial Services,2024-10-22,2024-11-13,124.04081726074219,126.84560312361438,127,15753.18,16109.39,356.21,50.14,306.07,1.94,22,Trailing Stop Hit (20 EMA)
FEDERALBNK.NS,The Federal Bank  Limited,Banking & Financial Services,2024-10-29,2024-11-13,198.81314086914062,198.45646001597993,79,15706.24,15678.06,-28.18,49.66,-77.84,-0.5,15,Trailing Stop Hit (20 EMA)
COFORGE.NS,Coforge Limited,Information Technology,2024-10-23,2024-11-22,1487.3624267578125,1637.44,10,14873.62,16374.4,1500.78,49.35,1451.43,9.76,30,Target Hit (3x ATR)
SAMMAANCAP.NS,Sammaan Capital Limited,Banking & Financial Services,2024-11-18,2024-11-25,144.58999633789062,162.59,108,15615.72,17559.72,1944.0,51.48,1892.52,12.12,7,Target Hit (3x ATR)
ENDURANCE.NS,Endurance Technologies Limited,Automobile & Auto Components,2024-11-25,2024-11-27,2380.741455078125,2370.1727986305004,6,14284.45,14221.04,-63.41,46.41,-109.82,-0.77,2,Trailing Stop Hit (20 EMA)
CANBK.NS,Canara Bank,Banking & Financial Services,2024-11-25,2024-11-29,94.3739013671875,94.28221594366074,167,15760.44,15745.13,-15.31,49.78,-65.09,-0.41,4,Trailing Stop Hit (20 EMA)
PVRINOX.NS,PVR INOX Limited,Diversified & Others,2024-11-27,2024-12-06,1514.199951171875,1529.5082268539795,10,15142.0,15295.08,153.08,48.56,104.52,0.69,9,Trailing Stop Hit (20 EMA)
CHOLAFIN.NS,Cholamandalam Investment and Finance Company Limited,Banking & Financial Services,2024-12-03,2024-12-06,1250.48046875,1268.5246690342233,12,15005.77,15222.3,216.53,48.33,168.2,1.12,3,Trailing Stop Hit (20 EMA)
DMART.NS,Avenue Supermarts Limited,Consumer Goods & Retail,2024-12-03,2024-12-06,3829.85009765625,3811.3943189094125,4,15319.4,15245.58,-73.82,48.72,-122.54,-0.8,3,Trailing Stop Hit (20 EMA)
SONACOMS.NS,Sona BLW Precision Forgings Limited,Automobile & Auto Components,2024-12-04,2024-12-06,680.4672241210938,669.8526352798547,23,15650.75,15406.61,-244.14,49.3,-293.44,-1.87,2,Trailing Stop Hit (20 EMA)
CREDITACC.NS,CREDITACCESS GRAMEEN LIMITED,Banking & Financial Services,2024-12-05,2024-12-09,938.0,929.2001423656302,17,15946.0,15796.4,-149.6,50.05,-199.65,-1.25,4,Trailing Stop Hit (20 EMA)
BLS.NS,BLS International Services Limited,Consumer Goods & Retail,2024-12-03,2024-12-10,415.12548828125,461.38,38,15774.77,17532.44,1757.67,51.64,1706.03,10.81,7,Target Hit (3x ATR)
ATUL.NS,Atul Limited,Chemicals & Fertilisers,2024-12-10,2024-12-12,7436.25537109375,7359.533240933679,2,14872.51,14719.07,-153.44,47.63,-201.07,-1.35,2,Trailing Stop Hit (20 EMA)
UNIONBANK.NS,Union Bank of India,Banking & Financial Services,2024-11-25,2024-12-13,112.54226684570312,116.53236937789447,140,15755.92,16314.53,558.61,50.35,508.26,3.23,18,Trailing Stop Hit (20 EMA)
NATCOPHARM.NS,Natco Pharma Limited,Healthcare & Pharmaceuticals,2024-12-02,2024-12-16,1402.122802734375,1411.9326338702608,11,15423.35,15531.26,107.91,49.15,58.76,0.38,14,Trailing Stop Hit (20 EMA)
ANANTRAJ.NS,Anant Raj Limited,"Construction, Materials & Infra",2024-12-02,2024-12-17,708.481689453125,802.18,22,15586.6,17647.96,2061.36,51.54,2009.82,12.89,15,Target Hit (3x ATR)
KPIL.NS,Kalpataru Projects International Limited,"Construction, Materials & Infra",2024-12-05,2024-12-23,1229.610107421875,1242.7455604780896,13,15984.93,16155.69,170.76,50.46,120.3,0.75,18,Trailing Stop Hit (20 EMA)
MINDACORP.NS,Minda Corporation Limited,Automobile & Auto Components,2025-01-01,2025-01-03,518.9486083984375,506.05178663741475,30,15568.46,15181.55,-386.91,48.96,-435.87,-2.8,2,Trailing Stop Hit (20 EMA)
ENDURANCE.NS,Endurance Technologies Limited,Automobile & Auto Components,2025-01-01,2025-01-03,2244.837890625,2168.3055506836,7,15713.87,15178.14,-535.73,49.13,-584.86,-3.72,2,Trailing Stop Hit (20 EMA)
GALLANTT.NS,Gallantt Ispat Limited,Information Technology,2025-01-01,2025-01-03,356.3720703125,349.93608586517917,45,16036.74,15747.12,-289.62,50.12,-339.74,-2.12,2,Trailing Stop Hit (20 EMA)
DIVISLAB.NS,Divi's Laboratories Limited,Healthcare & Pharmaceuticals,2024-12-30,2025-01-06,5992.88671875,5925.051426351051,2,11985.77,11850.1,-135.67,41.25,-176.92,-1.48,7,Trailing Stop Hit (20 EMA)
LTFOODS.NS,LT Foods Limited,Consumer Goods & Retail,2025-01-01,2025-01-06,427.6717529296875,412.24375426827464,37,15823.85,15253.02,-570.83,49.32,-620.15,-3.92,5,Trailing Stop Hit (20 EMA)
SAMMAANCAP.NS,Sammaan Capital Limited,Banking & Financial Services,2025-01-02,2025-01-06,162.7899932861328,156.42581745318623,98,15953.42,15329.73,-623.69,49.57,-673.26,-4.22,4,Trailing Stop Hit (20 EMA)
CREDITACC.NS,CREDITACCESS GRAMEEN LIMITED,Banking & Financial Services,2024-12-30,2025-01-08,909.25,1006.25,17,15457.25,17106.25,1649.0,50.84,1598.16,10.34,9,Target Hit (3x ATR)
DMART.NS,Avenue Supermarts Limited,Consumer Goods & Retail,2025-01-03,2025-01-08,4025.199951171875,3771.65,3,12075.6,11314.95,-760.65,40.8,-801.45,-6.64,5,Stop Loss Hit (2x ATR)
TMPV.NS,Tata Motors Passenger Vehicles Limited,Automobile & Auto Components,2025-01-03,2025-01-09,777.2150268554688,757.5621868638215,20,15544.3,15151.24,-393.06,48.89,-441.95,-2.84,6,Trailing Stop Hit (20 EMA)
LTFOODS.NS,LT Foods Limited,Consumer Goods & Retail,2025-01-07,2025-01-09,422.32891845703125,412.34323984508103,37,15626.17,15256.7,-369.47,49.1,-418.57,-2.68,2,Trailing Stop Hit (20 EMA)
CHOLAFIN.NS,Cholamandalam Investment and Finance Company Limited,Banking & Financial Services,2025-01-02,2025-01-10,1268.2852783203125,1251.8420297523958,12,15219.42,15022.1,-197.32,48.37,-245.69,-1.61,8,Trailing Stop Hit (20 EMA)
MINDACORP.NS,Minda Corporation Limited,Automobile & Auto Components,2025-01-07,2025-01-13,527.904541015625,512.7755260150811,29,15309.23,14870.49,-438.74,48.31,-487.05,-3.18,6,Trailing Stop Hit (20 EMA)
ANANTRAJ.NS,Anant Raj Limited,"Construction, Materials & Infra",2025-01-15,2025-01-21,892.7068481445312,858.9786197666181,17,15176.02,14602.64,-573.38,47.88,-621.26,-4.09,6,Trailing Stop Hit (20 EMA)
JWL.NS,Jupiter Wagons Limited,Information Technology,2025-01-16,2025-01-21,493.53021240234375,482.33768755319227,32,15792.97,15434.81,-358.16,49.49,-407.65,-2.58,5,Trailing Stop Hit (20 EMA)
BLS.NS,BLS International Services Limited,Consumer Goods & Retail,2025-01-17,2025-01-21,496.9128723144531,460.20294547039146,32,15901.21,14726.49,-1174.72,48.88,-1223.6,-7.7,4,Trailing Stop Hit (20 EMA)
SAMMAANCAP.NS,Sammaan Capital Limited,Banking & Financial Services,2025-01-16,2025-01-23,155.00999450683594,155.2314477986302,102,15811.02,15833.61,22.59,49.92,-27.33,-0.17,7,Trailing Stop Hit (20 EMA)
MINDACORP.NS,Minda Corporation Limited,Automobile & Auto Components,2025-01-14,2025-01-27,539.2985229492188,548.0041073974262,29,15639.66,15892.12,252.46,49.78,202.68,1.3,13,Trailing Stop Hit (20 EMA)
COFORGE.NS,Coforge Limited,Information Technology,2025-01-23,2025-01-27,1809.8460693359375,1765.5015564001437,8,14478.77,14124.01,-354.76,46.55,-401.31,-2.77,4,Trailing Stop Hit (20 EMA)
MAZDOCK.NS,Mazagon Dock Shipbuilders Limited,Information Technology,2025-01-28,2025-02-03,2301.576904296875,2299.5956037546357,6,13809.46,13797.57,-11.89,45.43,-57.32,-0.42,6,Trailing Stop Hit (20 EMA)
PNB.NS,Punjab National Bank,Banking & Financial Services,2025-01-31,2025-02-03,95.57108306884766,92.69073000395628,165,15769.23,15293.97,-475.26,49.31,-524.57,-3.33,3,Trailing Stop Hit (20 EMA)
MINDACORP.NS,Minda Corporation Limited,Automobile & Auto Components,2025-01-31,2025-02-03,567.609375,547.3091475675111,27,15325.45,14777.35,-548.1,48.26,-596.36,-3.89,3,Trailing Stop Hit (20 EMA)
ARE&M.NS,Amara Raja Energy & Mobility Limited,Automobile & Auto Components,2025-02-01,2025-02-04,1059.236083984375,1052.9930875569887,14,14829.31,14741.9,-87.41,47.6,-135.01,-0.91,3,Trailing Stop Hit (20 EMA)
TRENT.NS,Trent Limited,Consumer Goods & Retail,2025-02-01,2025-02-04,6176.80078125,6016.175349985629,2,12353.6,12032.35,-321.25,41.87,-363.12,-2.94,3,Trailing Stop Hit (20 EMA)
TEGA.NS,Tega Industries Limited,Information Technology,2025-02-05,2025-02-07,1642.357177734375,1560.6834153209998,9,14781.21,14046.15,-735.06,46.84,-781.9,-5.29,2,Trailing Stop Hit (20 EMA)
SONACOMS.NS,Sona BLW Precision Forgings Limited,Automobile & Auto Components,2025-02-06,2025-02-10,528.2136840820312,524.2122079601812,29,15318.2,15202.15,-116.05,48.67,-164.72,-1.08,4,Trailing Stop Hit (20 EMA)
CREDITACC.NS,CREDITACCESS GRAMEEN LIMITED,Banking & Financial Services,2025-01-28,2025-02-11,961.0,1010.8580002209176,16,15376.0,16173.73,797.73,49.77,747.96,4.86,14,Trailing Stop Hit (20 EMA)
DIVISLAB.NS,Divi's Laboratories Limited,Healthcare & Pharmaceuticals,2025-02-03,2025-02-11,5833.3740234375,5838.140727482228,2,11666.75,11676.28,9.53,40.69,-31.16,-0.27,8,Trailing Stop Hit (20 EMA)
NATCOPHARM.NS,Natco Pharma Limited,Healthcare & Pharmaceuticals,2025-02-04,2025-02-11,1224.1202392578125,1242.7839466507205,12,14689.44,14913.41,223.97,47.61,176.36,1.2,7,Trailing Stop Hit (20 EMA)
GALLANTT.NS,Gallantt Ispat Limited,Information Technology,2025-02-05,2025-02-11,331.8652648925781,325.98696294993084,47,15597.67,15321.39,-276.28,49.15,-325.43,-2.09,6,Trailing Stop Hit (20 EMA)
GLAXO.NS,GlaxoSmithKline Pharmaceuticals Limited,Healthcare & Pharmaceuticals,2025-02-06,2025-02-11,2176.16015625,2013.9505939077826,7,15233.12,14097.65,-1135.47,47.42,-1182.89,-7.77,5,Trailing Stop Hit (20 EMA)
UNIONBANK.NS,Union Bank of India,Banking & Financial Services,2025-02-12,2025-02-14,108.0232925415039,106.5546873195925,142,15339.31,15130.77,-208.54,48.64,-257.18,-1.68,2,Trailing Stop Hit (20 EMA)
MUTHOOTFIN.NS,Muthoot Finance Limited,Banking & Financial Services,2025-02-13,2025-02-17,2270.57861328125,2165.5637034883753,6,13623.47,12993.38,-630.09,44.35,-674.44,-4.95,4,Trailing Stop Hit (20 EMA)
GLAXO.NS,GlaxoSmithKline Pharmaceuticals Limited,Healthcare & Pharmaceuticals,2025-02-17,2025-02-18,2252.78515625,2568.05,6,13516.71,15408.3,1891.59,46.76,1844.83,13.65,1,Target Hit (3x ATR)
ARE&M.NS,Amara Raja Energy & Mobility Limited,Automobile & Auto Components,2025-02-20,2025-02-24,1027.97216796875,999.2644518933241,15,15419.58,14988.97,-430.61,48.58,-479.19,-3.11,4,Trailing Stop Hit (20 EMA)
SBFC.NS,SBFC Finance Limited,Banking & Financial Services,2025-02-20,2025-02-28,85.41000366210938,85.17112475649944,180,15373.8,15330.8,-43.0,48.9,-91.9,-0.6,8,Trailing Stop Hit (20 EMA)
ARE&M.NS,Amara Raja Energy & Mobility Limited,Automobile & Auto Components,2025-02-25,2025-02-28,1028.8077392578125,975.9148584779168,15,15432.12,14638.72,-793.4,48.22,-841.62,-5.45,3,Trailing Stop Hit (20 EMA)
FIRSTCRY.NS,Brainbees Solutions Limited,Consumer Goods & Retail,2025-03-06,2025-03-10,413.5,392.75,37,15299.5,14531.75,-767.75,47.94,-815.69,-5.33,4,Trailing Stop Hit (20 EMA)
CREDITACC.NS,CREDITACCESS GRAMEEN LIMITED,Banking & Financial Services,2025-03-06,2025-03-10,985.0,945.229910671235,15,14775.0,14178.45,-596.55,46.97,-643.52,-4.36,4,Trailing Stop Hit (20 EMA)
KPIL.NS,Kalpataru Projects International Limited,"Construction, Materials & Infra",2025-03-07,2025-03-11,916.6336669921875,884.9373549508686,16,14666.14,14159.0,-507.14,46.82,-553.96,-3.78,4,Trailing Stop Hit (20 EMA)
ENDURANCE.NS,Endurance Technologies Limited,Automobile & Auto Components,2025-03-07,2025-03-11,1867.581787109375,1835.1930004904148,8,14940.65,14681.54,-259.11,47.67,-306.78,-2.05,4,Trailing Stop Hit (20 EMA)
TMPV.NS,Tata Motors Passenger Vehicles Limited,Automobile & Auto Components,2025-03-12,2025-03-17,657.1517333984375,650.140665555861,23,15114.49,14953.24,-161.25,48.16,-209.41,-1.39,5,Trailing Stop Hit (20 EMA)
ADANIENSOL.NS,Adani Energy Solutions Limited,"Energy, Power & Utilities",2025-03-05,2025-03-19,709.4500122070312,807.75,21,14898.45,16962.75,2064.3,49.98,2014.32,13.52,14,Target Hit (3x ATR)
SAMMAANCAP.NS,Sammaan Capital Limited,Banking & Financial Services,2025-03-21,2025-03-25,117.94999694824219,115.35544384571841,130,15333.5,14996.21,-337.29,48.49,-385.78,-2.52,4,Trailing Stop Hit (20 EMA)
ZYDUSWELL.NS,Zydus Wellness Limited,Consumer Goods & Retail,2025-03-19,2025-03-26,328.45025634765625,327.3506282025282,46,15108.71,15058.13,-50.58,48.29,-98.87,-0.65,7,Trailing Stop Hit (20 EMA)
FEDERALBNK.NS,The Federal Bank  Limited,Banking & Financial Services,2025-03-19,2025-03-27,184.43955993652344,197.6,83,15308.48,16400.8,1092.32,49.91,1042.41,6.81,8,Target Hit (3x ATR)
SAGILITY.NS,SAGILITY LIMITED,Information Technology,2025-03-27,2025-04-01,42.58978271484375,42.579814868513694,361,15374.91,15371.31,-3.6,48.94,-52.54,-0.34,5,Trailing Stop Hit (20 EMA)
FIRSTCRY.NS,Brainbees Solutions Limited,Consumer Goods & Retail,2025-03-27,2025-04-01,388.54998779296875,367.8999938964844,39,15153.45,14348.1,-805.35,47.59,-852.94,-5.63,5,Trailing Stop Hit (20 EMA)
PVRINOX.NS,PVR INOX Limited,Diversified & Others,2025-04-01,2025-04-04,962.5999755859375,954.1410953503557,15,14439.0,14312.12,-126.88,46.71,-173.59,-1.2,3,Trailing Stop Hit (20 EMA)
DIVISLAB.NS,Divi's Laboratories Limited,Healthcare & Pharmaceuticals,2025-04-03,2025-04-04,5713.3173828125,5380.65,2,11426.63,10761.3,-665.33,39.45,-704.78,-6.17,1,Stop Loss Hit (2x ATR)
MUTHOOTFIN.NS,Muthoot Finance Limited,Banking & Financial Services,2025-03-17,2025-04-07,2243.540771484375,2106.197211210823,6,13461.24,12637.18,-824.06,43.81,-867.87,-6.45,21,Trailing Stop Hit (20 EMA)
SBFC.NS,SBFC Finance Limited,Banking & Financial Services,2025-03-21,2025-04-07,87.9800033569336,82.0,174,15308.52,14268.0,-1040.52,47.69,-1088.21,-7.11,17,Trailing Stop Hit (20 EMA)
NATCOPHARM.NS,Natco Pharma Limited,Healthcare & Pharmaceuticals,2025-04-03,2025-04-07,830.3092041015625,724.504511674689,18,14945.57,13041.08,-1904.49,45.98,-1950.47,-13.05,4,Trailing Stop Hit (20 EMA)
KPIL.NS,Kalpataru Projects International Limited,"Construction, Materials & Infra",2025-04-15,2025-04-17,924.2132568359375,915.4394616269603,16,14787.41,14647.03,-140.38,47.47,-187.85,-1.27,2,Trailing Stop Hit (20 EMA)
DIVISLAB.NS,Divi's Laboratories Limited,Healthcare & Pharmaceuticals,2025-04-15,2025-04-17,5685.0634765625,5589.514320831796,2,11370.13,11179.03,-191.1,39.82,-230.92,-2.03,2,Trailing Stop Hit (20 EMA)
GLAXO.NS,GlaxoSmithKline Pharmaceuticals Limited,Healthcare & Pharmaceuticals,2025-04-15,2025-04-22,2770.629638671875,2674.424845558018,5,13853.15,13372.12,-481.03,45.03,-526.06,-3.8,7,Trailing Stop Hit (20 EMA)
SAGILITY.NS,SAGILITY LIMITED,Information Technology,2025-04-15,2025-04-24,41.72263717651367,42.04646411211852,358,14936.7,15052.63,115.93,48.06,67.87,0.45,9,Trailing Stop Hit (20 EMA)
PGEL.NS,PG Electroplast Limited,Consumer Goods & Retail,2025-04-11,2025-04-25,917.3956298828125,914.4919680823498,16,14678.33,14631.87,-46.46,47.31,-93.77,-0.64,14,Trailing Stop Hit (20 EMA)
MAZDOCK.NS,Mazagon Dock Shipbuilders Limited,Information Technology,2025-04-15,2025-04-25,2637.097900390625,2578.863333383338,5,13185.49,12894.32,-291.17,43.74,-334.91,-2.54,10,Trailing Stop Hit (20 EMA)
ANANTRAJ.NS,Anant Raj Limited,"Construction, Materials & Infra",2025-04-21,2025-04-25,492.1978454589844,480.901261495608,30,14765.94,14427.04,-338.9,47.21,-386.11,-2.61,4,Trailing Stop Hit (20 EMA)
KPIL.NS,Kalpataru Projects International Limited,"Construction, Materials & Infra",2025-04-21,2025-04-25,995.480712890625,936.9570988312687,15,14932.21,14054.36,-877.85,47.01,-924.86,-6.19,4,Trailing Stop Hit (20 EMA)
SONACOMS.NS,Sona BLW Precision Forgings Limited,Automobile & Auto Components,2025-04-23,2025-04-25,473.93121337890625,455.1425558925925,31,14691.87,14109.42,-582.45,46.79,-629.24,-4.28,2,Trailing Stop Hit (20 EMA)
ATUL.NS,Atul Limited,Chemicals & Fertilisers,2025-04-11,2025-04-29,5680.26220703125,6545.4,2,11360.52,13090.8,1730.28,41.78,1688.5,14.86,18,Target Hit (3x ATR)
DIVISLAB.NS,Divi's Laboratories Limited,Healthcare & Pharmaceuticals,2025-04-21,2025-05-08,5840.7099609375,5896.69534526178,2,11681.42,11793.39,111.97,40.81,71.16,0.61,17,Trailing Stop Hit (20 EMA)
USHAMART.NS,Usha Martin Limited,Information Technology,2025-05-07,2025-05-09,301.01300048828125,290.1816697869955,49,14749.64,14218.9,-530.74,46.97,-577.71,-3.92,2,Trailing Stop Hit (20 EMA)
COFORGE.NS,Coforge Limited,Information Technology,2025-04-23,2025-05-12,1457.900146484375,1655.09,10,14579.0,16550.9,1971.9,49.19,1922.71,13.19,19,Target Hit (3x ATR)
CANBK.NS,Canara Bank,Banking & Financial Services,2025-05-08,2025-05-13,89.13091278076172,98.23,166,14795.73,16306.18,1510.45,49.2,1461.25,9.88,5,Target Hit (3x ATR)
PVRINOX.NS,PVR INOX Limited,Diversified & Others,2025-05-12,2025-05-14,962.7999877929688,946.8499755859375,15,14442.0,14202.75,-239.25,46.59,-285.84,-1.98,2,Trailing Stop Hit (20 EMA)
ENDURANCE.NS,Endurance Technologies Limited,Automobile & Auto Components,2025-05-07,2025-05-16,2006.41162109375,2243.4,7,14044.88,15703.8,1658.92,47.69,1611.23,11.47,9,Target Hit (3x ATR)
JWL.NS,Jupiter Wagons Limited,Information Technology,2025-05-12,2025-05-16,369.1875305175781,423.69,40,14767.5,16947.6,2180.1,49.83,2130.27,14.43,4,Target Hit (3x ATR)
KPIL.NS,Kalpataru Projects International Limited,"Construction, Materials & Infra",2025-05-12,2025-05-16,963.9812622070312,1108.37,15,14459.72,16625.55,2165.83,49.13,2116.7,14.64,4,Target Hit (3x ATR)
GLAXO.NS,GlaxoSmithKline Pharmaceuticals Limited,Healthcare & Pharmaceuticals,2025-05-14,2025-05-16,2771.207275390625,2717.6800493054093,5,13856.04,13588.4,-267.64,45.26,-312.9,-2.26,2,Trailing Stop Hit (20 EMA)
PVRINOX.NS,PVR INOX Limited,Diversified & Others,2025-05-14,2025-05-20,965.6500244140625,962.8446675310637,15,14484.75,14442.67,-42.08,46.88,-88.96,-0.61,6,Trailing Stop Hit (20 EMA)
ZYDUSWELL.NS,Zydus Wellness Limited,Consumer Goods & Retail,2025-05-12,2025-05-21,359.64453125,395.27,41,14745.43,16206.07,1460.64,49.04,1411.6,9.57,9,Target Hit (3x ATR)
LTFOODS.NS,LT Foods Limited,Consumer Goods & Retail,2025-05-09,2025-05-23,356.22149658203125,408.46,41,14605.08,16746.86,2141.78,49.43,2092.35,14.33,14,Target Hit (3x ATR)
TEGA.NS,Tega Industries Limited,Information Technology,2025-05-13,2025-05-27,1377.464111328125,1551.7,10,13774.64,15517.0,1742.36,47.18,1695.18,12.31,14,Target Hit (3x ATR)
GLAXO.NS,GlaxoSmithKline Pharmaceuticals Limited,Healthcare & Pharmaceuticals,2025-05-21,2025-05-28,2872.66796875,3227.35,5,14363.34,16136.75,1773.41,48.51,1724.9,12.01,7,Target Hit (3x ATR)
MUTHOOTFIN.NS,Muthoot Finance Limited,Banking & Financial Services,2025-05-30,2025-06-06,2196.82470703125,2412.86,7,15377.77,16890.02,1512.25,50.51,1461.74,9.51,7,Target Hit (3x ATR)
FIRSTCRY.NS,Brainbees Solutions Limited,Consumer Goods & Retail,2025-06-03,2025-06-06,371.95001220703125,428.09,42,15621.9,17979.78,2357.88,51.91,2305.97,14.76,3,Target Hit (3x ATR)
OFSS.NS,Oracle Financial Services Software Limited,Information Technology,2025-06-04,2025-06-10,8295.544921875,8968.14,1,8295.54,8968.14,672.6,33.9,638.7,7.7,6,Target Hit (3x ATR)
USHAMART.NS,Usha Martin Limited,Information Technology,2025-06-09,2025-06-11,312.09051513671875,305.14859750568866,52,16228.71,15867.73,-360.98,50.45,-411.43,-2.54,2,Trailing Stop Hit (20 EMA)
HINDUNILVR.NS,Hindustan Unilever Limited,Consumer Goods & Retail,2025-06-04,2025-06-12,2298.265869140625,2303.154778062008,6,13789.6,13818.93,29.33,45.43,-16.1,-0.12,8,Trailing Stop Hit (20 EMA)
ADANIENSOL.NS,Adani Energy Solutions Limited,"Energy, Power & Utilities",2025-06-06,2025-06-12,884.0999755859375,885.1024884880053,18,15913.8,15931.84,18.04,50.14,-32.1,-0.2,6,Trailing Stop Hit (20 EMA)
CHOLAFIN.NS,Cholamandalam Investment and Finance Company Limited,Banking & Financial Services,2025-06-09,2025-06-12,1641.98681640625,1592.199391423294,9,14777.88,14329.79,-448.09,47.13,-495.22,-3.35,3,Trailing Stop Hit (20 EMA)
SBFC.NS,SBFC Finance Limited,Banking & Financial Services,2025-05-14,2025-06-13,109.48999786376953,110.0,139,15219.11,15290.0,70.89,48.64,22.25,0.15,30,Trailing Stop Hit (20 EMA)
ZYDUSWELL.NS,Zydus Wellness Limited,Consumer Goods & Retail,2025-06-06,2025-06-13,387.38604736328125,380.8444835114406,42,16270.21,15995.47,-274.74,50.64,-325.38,-2.0,7,Trailing Stop Hit (20 EMA)
ATUL.NS,Atul Limited,Chemicals & Fertilisers,2025-06-16,2025-06-18,7193.865234375,7047.5393350324275,2,14387.73,14095.08,-292.65,46.43,-339.08,-2.36,2,Trailing Stop Hit (20 EMA)
ENDURANCE.NS,Endurance Technologies Limited,Automobile & Auto Components,2025-06-16,2025-06-19,2439.41796875,2382.6930247592113,6,14636.51,14296.16,-340.35,46.92,-387.27,-2.65,3,Trailing Stop Hit (20 EMA)
SAGILITY.NS,SAGILITY LIMITED,Information Technology,2025-06-17,2025-06-19,40.965126037597656,40.46646843566769,393,16099.29,15903.32,-195.97,50.33,-246.3,-1.53,2,Trailing Stop Hit (20 EMA)
GALLANTT.NS,Gallantt Ispat Limited,Information Technology,2025-06-19,2025-06-23,469.7722473144531,533.11,34,15972.26,18125.74,2153.48,52.49,2100.99,13.15,4,Target Hit (3x ATR)
CGPOWER.NS,CG Power and Industrial Solutions Limited,Information Technology,2025-06-20,2025-06-24,686.7343139648438,680.1672412473142,23,15794.89,15643.85,-151.04,49.7,-200.74,-1.27,4,Trailing Stop Hit (20 EMA)
USHAMART.NS,Usha Martin Limited,Information Technology,2025-06-20,2025-06-26,310.1704406738281,337.55,52,16128.86,17552.6,1423.74,52.08,1371.66,8.5,6,Target Hit (3x ATR)
PGEL.NS,PG Electroplast Limited,Consumer Goods & Retail,2025-06-24,2025-06-26,764.1132202148438,763.6633986573318,21,16046.38,16036.93,-9.45,50.43,-59.88,-0.37,2,Trailing Stop Hit (20 EMA)
ENDURANCE.NS,Endurance Technologies Limited,Automobile & Auto Components,2025-06-20,2025-07-01,2555.382568359375,2845.79,6,15332.3,17074.74,1742.44,50.65,1691.79,11.03,11,Target Hit (3x ATR)
GLAXO.NS,GlaxoSmithKline Pharmaceuticals Limited,Healthcare & Pharmaceuticals,2025-06-27,2025-07-02,3354.216796875,3195.8343964813766,4,13416.87,12783.34,-633.53,43.9,-677.43,-5.05,5,Trailing Stop Hit (20 EMA)
SBFC.NS,SBFC Finance Limited,Banking & Financial Services,2025-06-30,2025-07-02,112.12999725341797,107.87756672814488,146,16370.98,15750.12,-620.86,50.51,-671.37,-4.1,2,Trailing Stop Hit (20 EMA)
DMART.NS,Avenue Supermarts Limited,Consumer Goods & Retail,2025-06-18,2025-07-03,4228.39990234375,4251.277942470988,3,12685.2,12753.83,68.63,43.01,25.62,0.2,15,Trailing Stop Hit (20 EMA)
CREDITACC.NS,CREDITACCESS GRAMEEN LIMITED,Banking & Financial Services,2025-06-25,2025-07-04,1202.9000244140625,1335.9,13,15637.7,17366.7,1729.0,51.32,1677.68,10.73,9,Target Hit (3x ATR)
FIRSTCRY.NS,Brainbees Solutions Limited,Consumer Goods & Retail,2025-06-26,2025-07-04,396.79998779296875,370.06599241409555,41,16268.8,15172.71,-1096.09,49.77,-1145.86,-7.04,8,Trailing Stop Hit (20 EMA)
TEGA.NS,Tega Industries Limited,Information Technology,2025-06-30,2025-07-04,1556.1907958984375,1693.51,10,15561.91,16935.1,1373.19,50.76,1322.43,8.5,4,Target Hit (3x ATR)
PGEL.NS,PG Electroplast Limited,Consumer Goods & Retail,2025-07-03,2025-07-07,761.9141845703125,749.6695587379041,21,16000.2,15743.06,-257.14,50.06,-307.2,-1.92,4,Trailing Stop Hit (20 EMA)
ATUL.NS,Atul Limited,Chemicals & Fertilisers,2025-06-25,2025-07-11,7296.513671875,7324.392200219395,2,14593.03,14648.78,55.75,47.23,8.52,0.06,16,Trailing Stop Hit (20 EMA)
PGEL.NS,PG Electroplast Limited,Consumer Goods & Retail,2025-07-09,2025-07-11,788.4024658203125,760.5593073784908,20,15768.05,15211.19,-556.86,49.23,-606.09,-3.84,2,Trailing Stop Hit (20 EMA)
SAMMAANCAP.NS,Sammaan Capital Limited,Banking & Financial Services,2025-07-10,2025-07-14,132.0,127.20999908447266,125,16500.0,15901.25,-598.75,50.8,-649.55,-3.94,4,Trailing Stop Hit (20 EMA)
BLS.NS,BLS International Services Limited,Consumer Goods & Retail,2025-07-07,2025-07-21,373.6376953125,374.5786441553845,44,16440.06,16481.46,41.4,51.34,-9.94,-0.06,14,Trailing Stop Hit (20 EMA)
CGPOWER.NS,CG Power and Industrial Solutions Limited,Information Technology,2025-07-17,2025-07-21,687.8318481445312,667.5266938790883,23,15820.13,15353.11,-467.02,49.44,-516.46,-3.26,4,Trailing Stop Hit (20 EMA)
SONACOMS.NS,Sona BLW Precision Forgings Limited,Automobile & Auto Components,2025-07-17,2025-07-22,483.02215576171875,470.76381928582333,34,16422.75,16005.97,-416.78,50.83,-467.61,-2.85,5,Trailing Stop Hit (20 EMA)
LTFOODS.NS,LT Foods Limited,Consumer Goods & Retail,2025-06-27,2025-07-23,478.7763671875,480.7619944355714,34,16278.4,16345.91,67.51,51.01,16.5,0.1,26,Trailing Stop Hit (20 EMA)
TMPV.NS,Tata Motors Passenger Vehicles Limited,Automobile & Auto Components,2025-07-23,2025-07-25,684.4224853515625,681.0912080162193,23,15741.72,15665.1,-76.62,49.68,-126.3,-0.8,2,Trailing Stop Hit (20 EMA)
OFSS.NS,Oracle Financial Services Software Limited,Information Technology,2025-07-24,2025-07-28,8557.3681640625,8275.920729921128,1,8557.37,8275.92,-281.45,33.49,-314.94,-3.68,4,Trailing Stop Hit (20 EMA)
CANBK.NS,Canara Bank,Banking & Financial Services,2025-07-24,2025-07-28,109.88513946533203,107.16486492540227,148,16263.0,15860.4,-402.6,50.48,-453.08,-2.79,4,Trailing Stop Hit (20 EMA)
ANANTRAJ.NS,Anant Raj Limited,"Construction, Materials & Infra",2025-07-25,2025-07-29,572.50927734375,559.0813322969458,28,16030.26,15654.28,-375.98,49.99,-425.97,-2.66,4,Trailing Stop Hit (20 EMA)
USHAMART.NS,Usha Martin Limited,Information Technology,2025-07-29,2025-08-01,372.69683837890625,366.1966302950949,43,16025.96,15746.46,-279.5,50.1,-329.6,-2.06,3,Trailing Stop Hit (20 EMA)
ZYDUSWELL.NS,Zydus Wellness Limited,Consumer Goods & Retail,2025-07-30,2025-08-01,410.1206970214844,404.1925344465048,39,15994.71,15763.51,-231.2,50.07,-281.27,-1.76,2,Trailing Stop Hit (20 EMA)
BLS.NS,BLS International Services Limited,Consumer Goods & Retail,2025-07-30,2025-08-04,373.5386657714844,371.31811134979495,43,16062.16,15966.68,-95.48,50.36,-145.84,-0.91,5,Trailing Stop Hit (20 EMA)
ENDURANCE.NS,Endurance Technologies Limited,Automobile & Auto Components,2025-08-04,2025-08-06,2627.978759765625,2584.258642343848,6,15767.87,15505.55,-262.32,49.55,-311.87,-1.98,2,Trailing Stop Hit (20 EMA)
MUTHOOTFIN.NS,Muthoot Finance Limited,Banking & Financial Services,2025-08-04,2025-08-06,2643.448486328125,2613.0058164272264,6,15860.69,15678.03,-182.66,49.83,-232.49,-1.47,2,Trailing Stop Hit (20 EMA)
CUB.NS,City Union Bank Limited,Banking & Financial Services,2025-07-31,2025-08-08,157.73228454589844,157.00734787866188,102,16088.69,16014.75,-73.94,50.44,-124.38,-0.77,8,Trailing Stop Hit (20 EMA)
DMART.NS,Avenue Supermarts Limited,Consumer Goods & Retail,2025-07-30,2025-08-11,4281.39990234375,4150.10009765625,3,12844.2,12450.3,-393.9,42.88,-436.78,-3.4,12,Trailing Stop Hit (20 EMA)
SAGILITY.NS,SAGILITY LIMITED,Information Technology,2025-07-31,2025-08-11,46.46701431274414,44.32807974819985,348,16170.52,15426.17,-744.35,49.94,-794.29,-4.91,11,Trailing Stop Hit (20 EMA)
EIHOTEL.NS,EIH Limited,Consumer Goods & Retail,2025-08-13,2025-08-14,416.5597229003906,389.79,38,15829.27,14812.02,-1017.25,48.87,-1066.12,-6.74,1,Stop Loss Hit (2x ATR)
ENDURANCE.NS,Endurance Technologies Limited,Automobile & Auto Components,2025-08-14,2025-08-18,2591.52880859375,2850.59,6,15549.17,17103.54,1554.37,50.93,1503.44,9.67,4,Target Hit (3x ATR)
KPIL.NS,Kalpataru Projects International Limited,"Construction, Materials & Infra",2025-08-08,2025-08-21,1174.194091796875,1285.7,13,15264.52,16714.1,1449.58,50.17,1399.41,9.17,13,Target Hit (3x ATR)
MUTHOOTFIN.NS,Muthoot Finance Limited,Banking & Financial Services,2025-08-14,2025-08-21,2734.2802734375,2628.7913789661256,5,13671.4,13143.96,-527.44,44.58,-572.02,-4.18,7,Trailing Stop Hit (20 EMA)
JWL.NS,Jupiter Wagons Limited,Information Technology,2025-08-21,2025-08-25,343.25,338.91601043741326,47,16132.75,15929.05,-203.7,50.4,-254.1,-1.58,4,Trailing Stop Hit (20 EMA)
ARE&M.NS,Amara Raja Energy & Mobility Limited,Automobile & Auto Components,2025-08-19,2025-08-26,979.0845947265625,960.123805778628,16,15665.35,15361.98,-303.37,49.28,-352.65,-2.25,7,Trailing Stop Hit (20 EMA)
HINDUNILVR.NS,Hindustan Unilever Limited,Consumer Goods & Retail,2025-08-18,2025-08-28,2522.4130859375,2699.112419661415,6,15134.48,16194.67,1060.19,49.48,1010.71,6.68,10,Target Hit (3x ATR)
MAZDOCK.NS,Mazagon Dock Shipbuilders Limited,Information Technology,2025-08-25,2025-08-28,2733.720458984375,2642.7522407038264,5,13668.6,13213.76,-454.84,44.65,-499.49,-3.65,3,Trailing Stop Hit (20 EMA)
SAMMAANCAP.NS,Sammaan Capital Limited,Banking & Financial Services,2025-08-29,2025-09-02,123.95999908447266,139.17,129,15990.84,17952.93,1962.09,52.32,1909.77,11.94,4,Target Hit (3x ATR)
CGPOWER.NS,CG Power and Industrial Solutions Limited,Information Technology,2025-08-29,2025-09-02,692.7709350585938,740.4,23,15933.73,17029.2,1095.47,51.31,1044.16,6.55,4,Target Hit (3x ATR)
SBFC.NS,SBFC Finance Limited,Banking & Financial Services,2025-09-01,2025-09-03,108.05999755859375,104.30000305175781,149,16100.94,15540.7,-560.24,49.97,-610.21,-3.79,2,Trailing Stop Hit (20 EMA)
MUTHOOTFIN.NS,Muthoot Finance Limited,Banking & Financial Services,2025-09-01,2025-09-08,2687.27783203125,2891.09,6,16123.67,17346.54,1222.87,51.87,1171.0,7.26,7,Target Hit (3x ATR)
TEGA.NS,Tega Industries Limited,Information Technology,2025-09-01,2025-09-12,1931.9263916015625,1954.6032505825103,8,15455.41,15636.83,181.42,49.31,132.11,0.85,11,Trailing Stop Hit (20 EMA)
GALLANTT.NS,Gallantt Ispat Limited,Information Technology,2025-09-08,2025-09-16,699.9666748046875,663.3204814749903,23,16099.23,15256.37,-842.86,49.66,-892.52,-5.54,8,Trailing Stop Hit (20 EMA)
ENDURANCE.NS,Endurance Technologies Limited,Automobile & Auto Components,2025-09-16,2025-09-18,2910.21630859375,2862.380404714741,5,14551.08,14311.9,-239.18,46.83,-286.01,-1.97,2,Trailing Stop Hit (20 EMA)
ANANTRAJ.NS,Anant Raj Limited,"Construction, Materials & Infra",2025-09-15,2025-09-19,588.4830322265625,645.25,27,15889.04,17421.75,1532.71,51.66,1481.05,9.32,4,Target Hit (3x ATR)
FIRSTCRY.NS,Brainbees Solutions Limited,Consumer Goods & Retail,2025-09-05,2025-09-22,401.1000061035156,384.67452995911424,40,16044.0,15386.98,-657.02,49.75,-706.77,-4.41,17,Trailing Stop Hit (20 EMA)
NATCOPHARM.NS,Natco Pharma Limited,Healthcare & Pharmaceuticals,2025-09-18,2025-09-22,879.7150268554688,864.332739187672,18,15834.87,15557.99,-276.88,49.67,-326.55,-2.06,4,Trailing Stop Hit (20 EMA)
CREDITACC.NS,CREDITACCESS GRAMEEN LIMITED,Banking & Financial Services,2025-09-17,2025-09-23,1360.199951171875,1341.857501001934,11,14962.2,14760.43,-201.77,47.77,-249.54,-1.67,6,Trailing Stop Hit (20 EMA)
OFSS.NS,Oracle Financial Services Software Limited,Information Technology,2025-09-10,2025-09-26,8868.9716796875,8505.841091313494,1,8868.97,8505.84,-363.13,34.09,-397.22,-4.48,16,Trailing Stop Hit (20 EMA)
UNIONBANK.NS,Union Bank of India,Banking & Financial Services,2025-09-10,2025-09-26,128.7098846435547,131.41562197759438,127,16346.16,16689.78,343.62,51.45,292.17,1.79,16,Trailing Stop Hit (20 EMA)
EIHOTEL.NS,EIH Limited,Consumer Goods & Retail,2025-10-03,2025-10-07,391.4735412597656,379.5775034419222,41,16050.42,15562.68,-487.74,49.93,-537.67,-3.35,4,Trailing Stop Hit (20 EMA)
JWL.NS,Jupiter Wagons Limited,Information Technology,2025-09-26,2025-10-08,336.3999938964844,335.8789105999799,48,16147.2,16122.19,-25.01,50.62,-75.63,-0.47,12,Trailing Stop Hit (20 EMA)
TMPV.NS,Tata Motors Passenger Vehicles Limited,Automobile & Auto Components,2025-10-01,2025-10-08,712.4400634765625,689.1830768666096,22,15673.68,15162.03,-511.65,49.06,-560.71,-3.58,7,Trailing Stop Hit (20 EMA)
ABLBL.NS,Aditya Birla Lifestyle Brands Limited,Consumer Goods & Retail,2025-10-06,2025-10-08,145.9450225830078,139.42812894360384,111,16199.9,15476.52,-723.38,50.02,-773.4,-4.77,2,Trailing Stop Hit (20 EMA)
FEDERALBNK.NS,The Federal Bank  Limited,Banking & Financial Services,2025-10-07,2025-10-10,198.49188232421875,208.56,81,16077.84,16893.36,815.52,51.33,764.19,4.75,3,Target Hit (3x ATR)
DIVISLAB.NS,Divi's Laboratories Limited,Healthcare & Pharmaceuticals,2025-10-07,2025-10-13,6079.43017578125,6486.15,2,12158.86,12972.3,813.44,42.61,770.83,6.34,6,Target Hit (3x ATR)
NATCOPHARM.NS,Natco Pharma Limited,Healthcare & Pharmaceuticals,2025-10-10,2025-10-14,841.4146118164062,829.7371980999588,19,15986.88,15765.01,-221.87,50.07,-271.94,-1.7,4,Trailing Stop Hit (20 EMA)
SONACOMS.NS,Sona BLW Precision Forgings Limited,Automobile & Auto Components,2025-10-09,2025-10-16,426.8186340332031,462.78,37,15792.29,17122.86,1330.57,51.24,1279.33,8.1,7,Target Hit (3x ATR)
KPIL.NS,Kalpataru Projects International Limited,"Construction, Materials & Infra",2025-10-16,2025-10-20,1268.8359375,1249.250315899516,12,15226.03,14991.0,-235.03,48.34,-283.37,-1.86,4,Trailing Stop Hit (20 EMA)
PGEL.NS,PG Electroplast Limited,Consumer Goods & Retail,2025-10-09,2025-10-28,553.1500244140625,564.5983365967452,29,16041.35,16373.35,332.0,50.76,281.24,1.75,19,Trailing Stop Hit (20 EMA)
ENDURANCE.NS,Endurance Technologies Limited,Automobile & Auto Components,2025-10-16,2025-10-29,2920.47412109375,2883.6280397285072,5,14602.37,14418.14,-184.23,47.0,-231.23,-1.58,13,Trailing Stop Hit (20 EMA)
CREDITACC.NS,CREDITACCESS GRAMEEN LIMITED,Banking & Financial Services,2025-10-24,2025-10-29,1422.5,1380.7538872192847,11,15647.5,15188.29,-459.21,49.06,-508.27,-3.25,5,Trailing Stop Hit (20 EMA)
KPIL.NS,Kalpataru Projects International Limited,"Construction, Materials & Infra",2025-10-28,2025-10-30,1259.213134765625,1248.3833282188411,13,16369.77,16228.98,-140.79,51.0,-191.79,-1.17,2,Trailing Stop Hit (20 EMA)
ZYDUSWELL.NS,Zydus Wellness Limited,Consumer Goods & Retail,2025-10-20,2025-10-31,468.3643493652344,476.7468385460232,34,15924.39,16209.39,285.0,50.44,234.56,1.47,11,Trailing Stop Hit (20 EMA)
UNIONBANK.NS,Union Bank of India,Banking & Financial Services,2025-10-20,2025-10-31,137.27694702148438,147.57,119,16335.96,17560.83,1224.87,52.34,1172.53,7.18,11,Target Hit (3x ATR)
CGPOWER.NS,CG Power and Industrial Solutions Limited,Information Technology,2025-10-29,2025-10-31,746.9513549804688,733.3813193734768,22,16432.93,16134.39,-298.54,50.96,-349.5,-2.13,2,Trailing Stop Hit (20 EMA)
SBFC.NS,SBFC Finance Limited,Banking & Financial Services,2025-10-17,2025-11-03,112.83000183105469,122.02,145,16360.35,17692.9,1332.55,52.5,1280.05,7.82,17,Target Hit (3x ATR)
ENRIN.NS,Siemens Energy India Limited,Information Technology,2025-10-30,2025-11-03,3201.331298828125,3193.5437452642163,5,16006.66,15967.72,-38.94,50.3,-89.24,-0.56,4,Trailing Stop Hit (20 EMA)
PVRINOX.NS,PVR INOX Limited,Diversified & Others,2025-10-20,2025-11-04,1157.9000244140625,1160.8696735440576,14,16210.6,16252.18,41.58,50.82,-9.24,-0.06,15,Trailing Stop Hit (20 EMA)
CGPOWER.NS,CG Power and Industrial Solutions Limited,Information Technology,2025-11-03,2025-11-06,743.70849609375,740.806511837917,22,16361.59,16297.74,-63.85,51.05,-114.9,-0.7,3,Trailing Stop Hit (20 EMA)
ADANIENSOL.NS,Adani Energy Solutions Limited,"Energy, Power & Utilities",2025-10-29,2025-11-07,967.5499877929688,947.2680844118667,17,16448.35,16103.56,-344.79,50.96,-395.75,-2.41,9,Trailing Stop Hit (20 EMA)
KPIL.NS,Kalpataru Projects International Limited,"Construction, Materials & Infra",2025-11-03,2025-11-11,1263.1812744140625,1261.779517610593,13,16421.36,16403.13,-18.23,51.23,-69.46,-0.42,8,Trailing Stop Hit (20 EMA)
TEGA.NS,Tega Industries Limited,Information Technology,2025-11-10,2025-11-12,1935.5,1918.9000244140625,8,15484.0,15351.2,-132.8,49.04,-181.84,-1.17,2,Trailing Stop Hit (20 EMA)
GALLANTT.NS,Gallantt Ispat Limited,Information Technology,2025-11-10,2025-11-13,656.2999877929688,592.6156855877401,25,16407.5,14815.39,-1592.11,49.57,-1641.68,-10.01,3,Trailing Stop Hit (20 EMA)
BLS.NS,BLS International Services Limited,Consumer Goods & Retail,2025-11-12,2025-11-14,334.2988586425781,318.6386518003839,48,16046.35,15294.66,-751.69,49.64,-801.33,-4.99,2,Trailing Stop Hit (20 EMA)
NATCOPHARM.NS,Natco Pharma Limited,Healthcare & Pharmaceuticals,2025-11-12,2025-11-14,818.0862426757812,815.2881698946021,19,15543.64,15490.48,-53.16,49.25,-102.41,-0.66,2,Trailing Stop Hit (20 EMA)
ANANTRAJ.NS,Anant Raj Limited,"Construction, Materials & Infra",2025-11-17,2025-11-19,632.3609619140625,619.9812788948421,25,15809.02,15499.53,-309.49,49.58,-359.07,-2.27,2,Trailing Stop Hit (20 EMA)
ABLBL.NS,Aditya Birla Lifestyle Brands Limited,Consumer Goods & Retail,2025-11-17,2025-11-20,137.81817626953125,134.83691340325825,117,16124.73,15775.92,-348.81,50.24,-399.05,-2.47,3,Trailing Stop Hit (20 EMA)
MINDACORP.NS,Minda Corporation Limited,Automobile & Auto Components,2025-11-07,2025-11-21,577.9630737304688,588.4969731625231,28,16182.97,16477.92,294.95,51.03,243.92,1.51,14,Trailing Stop Hit (20 EMA)
PGEL.NS,PG Electroplast Limited,Consumer Goods & Retail,2025-11-14,2025-11-25,578.0999755859375,568.6683299087059,28,16186.8,15922.71,-264.09,50.46,-314.55,-1.94,11,Trailing Stop Hit (20 EMA)
NATCOPHARM.NS,Natco Pharma Limited,Healthcare & Pharmaceuticals,2025-11-19,2025-11-25,825.8457641601562,825.6336337787568,19,15691.07,15687.04,-4.03,49.64,-53.67,-0.34,6,Trailing Stop Hit (20 EMA)
PVRINOX.NS,PVR INOX Limited,Diversified & Others,2025-12-15,2025-12-17,1086.5999755859375,1080.0,14,15212.4,15120.0,-92.4,48.46,-140.86,-0.93,2,Trailing Stop Hit (20 EMA)
ATUL.NS,Atul Limited,Chemicals & Fertilisers,2025-12-17,2025-12-19,5847.16796875,5763.082315952028,2,11694.34,11526.16,-168.18,40.55,-208.73,-1.78,2,Trailing Stop Hit (20 EMA)
FIRSTCRY.NS,Brainbees Solutions Limited,Consumer Goods & Retail,2025-12-18,2025-12-22,297.75,297.95001220703125,54,16078.5,16089.3,10.8,50.51,-39.71,-0.25,4,Trailing Stop Hit (20 EMA)
TMPV.NS,Tata Motors Passenger Vehicles Limited,Automobile & Auto Components,2025-12-19,2025-12-23,349.74871826171875,354.95128111920644,45,15738.69,15972.81,234.12,49.98,184.14,1.17,4,Trailing Stop Hit (20 EMA)
SONACOMS.NS,Sona BLW Precision Forgings Limited,Automobile & Auto Components,2025-12-19,2025-12-23,493.7559509277344,487.6644362922325,32,15800.19,15605.26,-194.93,49.68,-244.61,-1.55,4,Trailing Stop Hit (20 EMA)
BELRISE.NS,Belrise Industries Limited,Automobile & Auto Components,2025-12-19,2025-12-23,162.3000030517578,178.45,99,16067.7,17666.55,1598.85,52.13,1546.72,9.63,4,Target Hit (3x ATR)
JWL.NS,Jupiter Wagons Limited,Information Technology,2025-12-22,2025-12-23,310.45001220703125,345.3,51,15832.95,17610.3,1777.35,51.78,1725.57,10.9,1,Target Hit (3x ATR)
MAZDOCK.NS,Mazagon Dock Shipbuilders Limited,Information Technology,2025-12-22,2025-12-24,2532.3251953125,2502.6711432668058,6,15193.95,15016.03,-177.92,48.34,-226.26,-1.49,2,Trailing Stop Hit (20 EMA)
BLS.NS,BLS International Services Limited,Consumer Goods & Retail,2025-12-19,2025-12-26,322.9801330566406,319.1017137836874,49,15826.03,15635.98,-190.05,49.74,-239.79,-1.52,7,Trailing Stop Hit (20 EMA)
DIVISLAB.NS,Divi's Laboratories Limited,Healthcare & Pharmaceuticals,2025-12-19,2025-12-26,6451.89453125,6404.242638137337,2,12903.79,12808.49,-95.3,43.32,-138.62,-1.07,7,Trailing Stop Hit (20 EMA)
NATCOPHARM.NS,Natco Pharma Limited,Healthcare & Pharmaceuticals,2025-12-11,2025-12-29,914.4449462890625,901.8476073189174,17,15545.56,15331.41,-214.15,49.1,-263.25,-1.69,18,Trailing Stop Hit (20 EMA)
KPIL.NS,Kalpataru Projects International Limited,"Construction, Materials & Infra",2025-12-24,2025-12-29,1190.761474609375,1171.0951210728006,13,15479.9,15224.24,-255.66,48.89,-304.55,-1.97,5,Trailing Stop Hit (20 EMA)
SBFC.NS,SBFC Finance Limited,Banking & Financial Services,2025-12-24,2025-12-29,106.0,104.5,154,16324.0,16093.0,-231.0,50.79,-281.79,-1.73,5,Trailing Stop Hit (20 EMA)
ADANIENSOL.NS,Adani Energy Solutions Limited,"Energy, Power & Utilities",2025-12-19,2026-01-01,988.25,1059.38,16,15812.0,16950.08,1138.08,51.07,1087.01,6.87,13,Target Hit (3x ATR)
BELRISE.NS,Belrise Industries Limited,Automobile & Auto Components,2025-12-23,2026-01-02,168.22999572753906,187.81,97,16318.31,18217.57,1899.26,52.99,1846.27,11.31,10,Target Hit (3x ATR)
SAMMAANCAP.NS,Sammaan Capital Limited,Banking & Financial Services,2025-12-31,2026-01-02,145.63999938964844,145.0,112,16311.68,16240.0,-71.68,50.93,-122.61,-0.75,2,Trailing Stop Hit (20 EMA)
ARE&M.NS,Amara Raja Energy & Mobility Limited,Automobile & Auto Components,2026-01-01,2026-01-05,922.27294921875,921.4998304228901,17,15678.64,15665.5,-13.14,49.61,-62.75,-0.4,4,Trailing Stop Hit (20 EMA)
MUTHOOTFIN.NS,Muthoot Finance Limited,Banking & Financial Services,2025-12-30,2026-01-08,3767.246337890625,3785.740203386683,4,15068.99,15142.96,73.97,48.32,25.65,0.17,9,Trailing Stop Hit (20 EMA)
MINDACORP.NS,Minda Corporation Limited,Automobile & Auto Components,2026-01-02,2026-01-08,601.2132568359375,588.4331942114848,27,16232.76,15887.7,-345.06,50.47,-395.53,-2.44,6,Trailing Stop Hit (20 EMA)
ATUL.NS,Atul Limited,Chemicals & Fertilisers,2025-12-19,2026-01-09,5977.52490234375,6027.048226050514,2,11955.05,12054.1,99.05,41.43,57.62,0.48,21,Trailing Stop Hit (20 EMA)
DMART.NS,Avenue Supermarts Limited,Consumer Goods & Retail,2026-01-07,2026-01-09,3841.60009765625,3794.0,4,15366.4,15176.0,-190.4,48.72,-239.12,-1.56,2,Trailing Stop Hit (20 EMA)
DIVISLAB.NS,Divi's Laboratories Limited,Healthcare & Pharmaceuticals,2026-01-06,2026-01-12,6615.220703125,6450.364268401991,2,13230.44,12900.73,-329.71,43.79,-373.5,-2.82,6,Trailing Stop Hit (20 EMA)
PVRINOX.NS,PVR INOX Limited,Diversified & Others,2026-01-13,2026-01-16,1042.699951171875,1015.0,15,15640.5,15225.0,-415.5,49.08,-464.58,-2.97,3,Trailing Stop Hit (20 EMA)
JWL.NS,Jupiter Wagons Limited,Information Technology,2026-01-14,2026-01-20,331.1499938964844,313.83663725251773,49,16226.35,15378.0,-848.35,49.95,-898.3,-5.54,6,Trailing Stop Hit (20 EMA)
SBFC.NS,SBFC Finance Limited,Banking & Financial Services,2026-01-16,2026-01-20,107.01000213623047,103.85033206009449,152,16265.52,15785.25,-480.27,50.42,-530.69,-3.26,4,Trailing Stop Hit (20 EMA)
SAGILITY.NS,SAGILITY LIMITED,Information Technology,2026-01-16,2026-01-20,53.28794860839844,51.61247261052887,305,16252.82,15741.8,-511.02,50.35,-561.37,-3.45,4,Trailing Stop Hit (20 EMA)
OFSS.NS,Oracle Financial Services Software Limited,Information Technology,2026-01-16,2026-01-21,7737.82080078125,7534.156032250806,2,15475.64,15068.31,-407.33,48.74,-456.07,-2.95,5,Trailing Stop Hit (20 EMA)
CREDITACC.NS,CREDITACCESS GRAMEEN LIMITED,Banking & Financial Services,2026-01-21,2026-01-27,1355.199951171875,1319.9167548126711,11,14907.2,14519.08,-388.12,47.47,-435.59,-2.92,6,Trailing Stop Hit (20 EMA)
SONACOMS.NS,Sona BLW Precision Forgings Limited,Automobile & Auto Components,2026-01-22,2026-01-27,466.2257080078125,461.5445540981793,34,15851.67,15692.51,-159.16,49.83,-208.99,-1.32,5,Trailing Stop Hit (20 EMA)
OFSS.NS,Oracle Financial Services Software Limited,Information Technology,2026-01-22,2026-01-29,7677.0615234375,7606.991802258552,2,15354.12,15213.98,-140.14,48.73,-188.87,-1.23,7,Trailing Stop Hit (20 EMA)
SAGILITY.NS,SAGILITY LIMITED,Information Technology,2026-01-27,2026-01-29,52.060760498046875,51.681543758477176,310,16138.84,16021.28,-117.56,50.51,-168.07,-1.04,2,Trailing Stop Hit (20 EMA)
MAZDOCK.NS,Mazagon Dock Shipbuilders Limited,Information Technology,2026-01-28,2026-02-02,2493.3173828125,2368.3329461118437,6,14959.9,14210.0,-749.9,47.2,-797.1,-5.33,5,Trailing Stop Hit (20 EMA)
ATUL.NS,Atul Limited,Chemicals & Fertilisers,2026-01-28,2026-02-02,6118.828125,5925.779977095081,2,12237.66,11851.56,-386.1,41.54,-427.64,-3.49,5,Trailing Stop Hit (20 EMA)
SAMMAANCAP.NS,Sammaan Capital Limited,Banking & Financial Services,2026-01-29,2026-02-02,147.57000732421875,143.0,109,16085.13,15587.0,-498.13,50.0,-548.13,-3.41,4,Trailing Stop Hit (20 EMA)
ENRIN.NS,Siemens Energy India Limited,Information Technology,2026-01-29,2026-02-02,2477.5,2406.676065595676,6,14865.0,14440.06,-424.94,47.34,-472.28,-3.18,4,Trailing Stop Hit (20 EMA)
PNB.NS,Punjab National Bank,Banking & Financial Services,2026-01-29,2026-02-02,121.71086120605469,117.5809532741777,133,16187.54,15638.27,-549.27,50.17,-599.44,-3.7,4,Trailing Stop Hit (20 EMA)
FEDERALBNK.NS,The Federal Bank  Limited,Banking & Financial Services,2026-01-16,2026-02-03,269.3298645019531,292.9990140310311,60,16159.79,17579.94,1420.15,52.14,1368.01,8.47,18,Target Hit (3x ATR)
SONACOMS.NS,Sona BLW Precision Forgings Limited,Automobile & Auto Components,2026-01-27,2026-02-03,484.81109619140625,547.8576641807896,33,15998.77,18079.3,2080.53,52.48,2028.05,12.68,7,Target Hit (3x ATR)
AXISBANK.NS,Axis Bank Limited,Banking & Financial Services,2026-01-27,2026-02-03,1314.7860107421875,1401.9187671636068,12,15777.43,16823.03,1045.6,50.91,994.69,6.3,7,Target Hit (3x ATR)
GLAXO.NS,GlaxoSmithKline Pharmaceuticals Limited,Healthcare & Pharmaceuticals,2026-01-30,2026-02-04,2341.983642578125,2335.358154048332,6,14051.9,14012.15,-39.75,45.94,-85.69,-0.61,5,Trailing Stop Hit (20 EMA)
ENDURANCE.NS,Endurance Technologies Limited,Automobile & Auto Components,2026-02-03,2026-02-05,2497.814697265625,2425.01449052569,6,14986.89,14550.09,-436.8,47.6,-484.4,-3.23,2,Trailing Stop Hit (20 EMA)
ANANTRAJ.NS,Anant Raj Limited,"Construction, Materials & Infra",2026-02-02,2026-02-06,557.2843017578125,536.9060165823412,28,15603.96,15033.37,-570.59,48.84,-619.43,-3.97,4,Trailing Stop Hit (20 EMA)
ABLBL.NS,Aditya Birla Lifestyle Brands Limited,Consumer Goods & Retail,2026-02-03,2026-02-06,112.40312957763672,111.87628790502623,144,16186.05,16110.19,-75.86,50.66,-126.52,-0.78,3,Trailing Stop Hit (20 EMA)
GALLANTT.NS,Gallantt Ispat Limited,Information Technology,2026-02-03,2026-02-09,557.75,555.0743821990744,29,16174.75,16097.16,-77.59,50.63,-128.22,-0.79,6,Trailing Stop Hit (20 EMA)
BLS.NS,BLS International Services Limited,Consumer Goods & Retail,2026-02-04,2026-02-09,287.2865295410156,282.8800600356017,56,16088.05,15841.28,-246.77,50.26,-297.03,-1.85,5,Trailing Stop Hit (20 EMA)
JSWCEMENT.NS,JSW Cement Limited,"Construction, Materials & Infra",2026-02-05,2026-02-11,123.06342315673828,118.31593056777507,132,16244.37,15617.7,-626.67,50.21,-676.88,-4.17,6,Trailing Stop Hit (20 EMA)
JAINREC.NS,Jain Resource Recycling Limited,Metals & Mining,2026-02-09,2026-02-11,401.79998779296875,399.1008843921661,40,16072.0,15964.04,-107.96,50.36,-158.32,-0.99,2,Trailing Stop Hit (20 EMA)
KPIL.NS,Kalpataru Projects International Limited,"Construction, Materials & Infra",2026-02-09,2026-02-11,1112.9844970703125,1116.4236832339986,14,15581.78,15629.93,48.15,49.44,-1.29,-0.01,2,Trailing Stop Hit (20 EMA)
ADANIENSOL.NS,Adani Energy Solutions Limited,"Energy, Power & Utilities",2026-02-03,2026-02-16,974.4000244140625,973.6426243540133,16,15590.4,15578.28,-12.12,49.4,-61.52,-0.39,13,Trailing Stop Hit (20 EMA)
GALLANTT.NS,Gallantt Ispat Limited,Information Technology,2026-02-18,2026-02-23,578.4000244140625,563.1313751991695,28,16195.2,15767.68,-427.52,50.32,-477.84,-2.95,5,Trailing Stop Hit (20 EMA)
TMPV.NS,Tata Motors Passenger Vehicles Limited,Automobile & Auto Components,2026-02-02,2026-02-24,359.9143981933594,369.6747909440715,44,15836.23,16265.69,429.46,50.41,379.05,2.39,22,Trailing Stop Hit (20 EMA)
LTFOODS.NS,LT Foods Limited,Consumer Goods & Retail,2026-02-03,2026-02-25,410.9125671386719,405.9099126038584,39,16025.59,15830.49,-195.1,50.18,-245.28,-1.53,22,Trailing Stop Hit (20 EMA)
ATUL.NS,Atul Limited,Chemicals & Fertilisers,2026-02-03,2026-02-25,6240.72705078125,6408.844257013115,2,12481.45,12817.69,336.24,42.83,293.41,2.35,22,Trailing Stop Hit (20 EMA)
NATCOPHARM.NS,Natco Pharma Limited,Healthcare & Pharmaceuticals,2026-02-16,2026-02-25,878.4671630859375,972.86,18,15812.41,17511.48,1699.07,51.66,1647.41,10.42,9,Target Hit (3x ATR)
BELRISE.NS,Belrise Industries Limited,Automobile & Auto Components,2026-02-03,2026-02-26,180.64999389648438,181.73045433309244,89,16077.85,16174.01,96.16,50.59,45.57,0.28,23,Trailing Stop Hit (20 EMA)
BLS.NS,BLS International Services Limited,Consumer Goods & Retail,2026-02-23,2026-02-26,281.75,281.91817825718374,57,16059.75,16069.34,9.59,50.47,-40.88,-0.25,3,Trailing Stop Hit (20 EMA)
USHAMART.NS,Usha Martin Limited,Information Technology,2026-02-25,2026-02-27,422.5752868652344,413.91812188070253,38,16057.86,15728.89,-328.97,50.12,-379.09,-2.36,2,Trailing Stop Hit (20 EMA)
PNB.NS,Punjab National Bank,Banking & Financial Services,2026-02-17,2026-03-02,121.29301452636719,121.5165149631945,133,16131.97,16161.7,29.73,50.64,-20.91,-0.13,13,Trailing Stop Hit (20 EMA)
TEGA.NS,Tega Industries Limited,Information Technology,2026-02-23,2026-03-02,1727.0,1750.0,9,15543.0,15750.0,207.0,49.52,157.48,1.01,7,Trailing Stop Hit (20 EMA)
BANKBARODA.NS,Bank of Baroda,Banking & Financial Services,2026-02-17,2026-03-04,293.7489929199219,296.9360475619783,55,16156.19,16331.48,175.29,50.85,124.44,0.77,15,Trailing Stop Hit (20 EMA)
LTFOODS.NS,LT Foods Limited,Consumer Goods & Retail,2026-03-05,2026-03-06,429.11883544921875,388.38,37,15877.4,14370.06,-1507.34,48.48,-1555.82,-9.8,1,Stop Loss Hit (2x ATR)
JWL.NS,Jupiter Wagons Limited,Information Technology,2026-03-06,2026-03-10,298.6000061035156,284.09655697004655,53,15825.8,15057.12,-768.68,49.14,-817.82,-5.17,4,Trailing Stop Hit (20 EMA)
DMART.NS,Avenue Supermarts Limited,Consumer Goods & Retail,2026-03-09,2026-03-12,3966.199951171875,3874.2652890007657,4,15864.8,15497.06,-367.74,49.64,-417.38,-2.63,3,Trailing Stop Hit (20 EMA)
ADANIENSOL.NS,Adani Energy Solutions Limited,"Energy, Power & Utilities",2026-03-10,2026-03-12,1013.5999755859375,987.0,15,15204.0,14805.0,-399.0,48.11,-447.11,-2.94,2,Trailing Stop Hit (20 EMA)
MAZDOCK.NS,Mazagon Dock Shipbuilders Limited,Information Technology,2026-03-05,2026-03-13,2348.2607421875,2362.278350735304,6,14089.56,14173.67,84.11,46.14,37.97,0.27,8,Trailing Stop Hit (20 EMA)
CGPOWER.NS,CG Power and Industrial Solutions Limited,Information Technology,2026-03-10,2026-03-16,728.2000122070312,704.0013963130158,21,15292.2,14784.03,-508.17,48.19,-556.36,-3.64,6,Trailing Stop Hit (20 EMA)
PIRAMALFIN.NS,Piramal Finance Limited,Banking & Financial Services,2026-03-16,2026-03-18,1780.1024169921875,1751.0672197893193,8,14240.82,14008.54,-232.28,46.16,-278.44,-1.96,2,Trailing Stop Hit (20 EMA)
ZYDUSWELL.NS,Zydus Wellness Limited,Consumer Goods & Retail,2026-03-13,2026-03-23,403.44403076171875,403.870667903939,39,15734.32,15750.96,16.64,49.75,-33.11,-0.21,10,Trailing Stop Hit (20 EMA)
PIRAMALFIN.NS,Piramal Finance Limited,Banking & Financial Services,2026-03-18,2026-03-23,1798.59765625,1774.5400563113662,8,14388.78,14196.32,-192.46,46.53,-238.99,-1.66,5,Trailing Stop Hit (20 EMA)
FIRSTCRY.NS,Brainbees Solutions Limited,Consumer Goods & Retail,2026-03-20,2026-03-23,250.8699951171875,227.02,63,15804.81,14302.26,-1502.55,48.31,-1550.86,-9.81,3,Stop Loss Hit (2x ATR)
BLS.NS,BLS International Services Limited,Consumer Goods & Retail,2026-03-24,2026-03-27,259.3999938964844,254.11359885336387,60,15564.0,15246.82,-317.18,49.01,-366.19,-2.35,3,Trailing Stop Hit (20 EMA)
BELRISE.NS,Belrise Industries Limited,Automobile & Auto Components,2026-03-20,2026-03-30,189.0,186.21727959465017,83,15687.0,15456.03,-230.97,49.4,-280.37,-1.79,10,Trailing Stop Hit (20 EMA)
SAGILITY.NS,SAGILITY LIMITED,Information Technology,2026-03-25,2026-03-30,39.79884338378906,39.86326594397952,394,15680.74,15706.13,25.39,49.65,-24.26,-0.15,5,Trailing Stop Hit (20 EMA)
DMART.NS,Avenue Supermarts Limited,Consumer Goods & Retail,2026-03-25,2026-04-01,3910.800048828125,4255.15,4,15643.2,17020.6,1377.4,50.96,1326.44,8.48,7,Target Hit (3x ATR)
CUB.NS,City Union Bank Limited,Banking & Financial Services,2026-03-27,2026-04-01,188.50894165039062,185.75970347730802,83,15646.24,15418.06,-228.18,49.31,-277.49,-1.77,5,Trailing Stop Hit (20 EMA)
SAMMAANCAP.NS,Sammaan Capital Limited,Banking & Financial Services,2026-03-25,2026-04-02,146.8800048828125,143.59585119140155,106,15569.28,15221.16,-348.12,49.0,-397.12,-2.55,8,Trailing Stop Hit (20 EMA)
GALLANTT.NS,Gallantt Ispat Limited,Information Technology,2026-03-30,2026-04-02,548.5999755859375,547.9373190328615,28,15360.8,15342.24,-18.56,48.89,-67.45,-0.44,3,Trailing Stop Hit (20 EMA)
HINDUNILVR.NS,Hindustan Unilever Limited,Consumer Goods & Retail,2026-04-08,2026-04-10,2123.995849609375,2111.7205746871014,7,14867.97,14782.04,-85.93,47.69,-133.62,-0.9,2,Trailing Stop Hit (20 EMA)
CUB.NS,City Union Bank Limited,Banking & Financial Services,2026-04-06,2026-04-13,185.6928253173828,186.4672528021929,84,15598.2,15663.25,65.05,49.5,15.55,0.1,7,Trailing Stop Hit (20 EMA)
JWL.NS,Jupiter Wagons Limited,Information Technology,2026-04-07,2026-04-13,266.3500061035156,261.20001220703125,58,15448.3,15149.6,-298.7,48.79,-347.49,-2.25,6,Trailing Stop Hit (20 EMA)
TMCV.NS,Tata Motors Limited,Information Technology,2026-04-08,2026-04-13,429.2049865722656,420.5530567446125,36,15451.38,15139.91,-311.47,48.78,-360.25,-2.33,5,Trailing Stop Hit (20 EMA)
OFSS.NS,Oracle Financial Services Software Limited,Information Technology,2026-03-27,2026-04-16,6753.52001953125,7436.940850151909,2,13507.04,14873.88,1366.84,46.17,1320.67,9.78,20,Target Hit (3x ATR)
ENDURANCE.NS,Endurance Technologies Limited,Automobile & Auto Components,2026-04-08,2026-04-20,2349.42578125,2345.8300721971746,6,14096.55,14074.98,-21.57,46.05,-67.62,-0.48,12,Trailing Stop Hit (20 EMA)
TRENT.NS,Trent Limited,Consumer Goods & Retail,2026-04-06,2026-04-21,2551.96240234375,2857.44,6,15311.77,17144.64,1832.87,50.68,1782.19,11.64,15,Target Hit (3x ATR)
ARE&M.NS,Amara Raja Energy & Mobility Limited,Automobile & Auto Components,2026-04-15,2026-04-22,751.89404296875,830.18,21,15789.77,17433.78,1644.01,51.56,1592.45,10.09,7,Target Hit (3x ATR)
CHOLAFIN.NS,Cholamandalam Investment and Finance Company Limited,Banking & Financial Services,2026-04-08,2026-04-24,1553.6898193359375,1530.2093852358487,10,15536.9,15302.09,-234.81,49.04,-283.85,-1.83,16,Trailing Stop Hit (20 EMA)
PIRAMALFIN.NS,Piramal Finance Limited,Banking & Financial Services,2026-04-22,2026-04-28,1828.1300048828125,2048.77,8,14625.04,16390.16,1765.12,49.08,1716.04,11.73,6,Target Hit (3x ATR)
ANANTRAJ.NS,Anant Raj Limited,"Construction, Materials & Infra",2026-04-27,2026-04-29,500.07830810546875,488.6607752409951,32,16002.51,15637.14,-365.37,49.95,-415.32,-2.6,2,Trailing Stop Hit (20 EMA)
TMPV.NS,Tata Motors Passenger Vehicles Limited,Automobile & Auto Components,2026-04-08,2026-04-30,331.9960021972656,342.2286652920599,47,15603.81,16084.75,480.94,49.93,431.01,2.76,22,Trailing Stop Hit (20 EMA)
PGEL.NS,PG Electroplast Limited,Consumer Goods & Retail,2026-04-15,2026-04-30,537.9000244140625,537.3897600042394,29,15599.1,15584.3,-14.8,49.41,-64.21,-0.41,15,Trailing Stop Hit (20 EMA)
FEDERALBNK.NS,The Federal Bank  Limited,Banking & Financial Services,2026-04-30,2026-05-05,285.9730224609375,285.8757376572341,56,16014.49,16009.04,-5.45,50.35,-55.8,-0.35,5,Trailing Stop Hit (20 EMA)
ENDURANCE.NS,Endurance Technologies Limited,Automobile & Auto Components,2026-05-04,2026-05-06,2356.29736328125,2343.846918232657,6,14137.78,14063.08,-74.7,46.09,-120.79,-0.85,2,Trailing Stop Hit (20 EMA)
JAINREC.NS,Jain Resource Recycling Limited,Metals & Mining,2026-04-28,2026-05-07,447.5,498.01,36,16110.0,17928.36,1818.36,52.45,1765.91,10.96,9,Target Hit (3x ATR)
ABLBL.NS,Aditya Birla Lifestyle Brands Limited,Consumer Goods & Retail,2026-05-05,2026-05-07,104.23649597167969,114.13,154,16052.42,17576.02,1523.6,52.02,1471.58,9.17,2,Target Hit (3x ATR)
SAMMAANCAP.NS,Sammaan Capital Limited,Banking & Financial Services,2026-05-06,2026-05-11,149.77999877929688,147.28935848452136,107,16026.46,15759.96,-266.5,50.11,-316.61,-1.98,5,Trailing Stop Hit (20 EMA)
SBFC.NS,SBFC Finance Limited,Banking & Financial Services,2026-05-06,2026-05-12,94.98999786376953,94.45127036903185,169,16053.31,15962.26,-91.05,50.34,-141.39,-0.88,6,Trailing Stop Hit (20 EMA)
SAGILITY.NS,SAGILITY LIMITED,Information Technology,2026-05-07,2026-05-13,42.71217346191406,42.280825168730615,381,16273.34,16108.99,-164.35,50.75,-215.1,-1.32,6,Trailing Stop Hit (20 EMA)
COFORGE.NS,Coforge Limited,Information Technology,2026-05-06,2026-05-14,1274.4990234375,1253.0440553069052,12,15293.99,15036.53,-257.46,48.47,-305.93,-2.0,8,Trailing Stop Hit (20 EMA)
ENDURANCE.NS,Endurance Technologies Limited,Automobile & Auto Components,2026-05-07,2026-05-15,2525.79931640625,2442.736217248596,6,15154.8,14656.42,-498.38,47.91,-546.29,-3.6,8,Trailing Stop Hit (20 EMA)
SONACOMS.NS,Sona BLW Precision Forgings Limited,Automobile & Auto Components,2026-05-11,2026-05-15,591.829833984375,577.4564390151439,27,15979.41,15591.32,-388.09,49.87,-437.96,-2.74,4,Trailing Stop Hit (20 EMA)
MUTHOOTFIN.NS,Muthoot Finance Limited,Banking & Financial Services,2026-05-13,2026-05-15,3506.39990234375,3476.3502275372884,4,14025.6,13905.4,-120.2,45.8,-166.0,-1.18,2,Trailing Stop Hit (20 EMA)
JSWCEMENT.NS,JSW Cement Limited,"Construction, Materials & Infra",2026-05-21,2026-05-22,126.9888687133789,137.57,127,16127.59,17471.39,1343.8,52.0,1291.8,8.01,1,Target Hit (3x ATR)
MINDACORP.NS,Minda Corporation Limited,Automobile & Auto Components,2026-05-21,2026-05-25,536.246826171875,589.93,30,16087.4,17697.9,1610.5,52.19,1558.31,9.69,4,Target Hit (3x ATR)
TMPV.NS,Tata Motors Passenger Vehicles Limited,Automobile & Auto Components,2026-05-15,2026-05-27,353.61663818359375,385.63,45,15912.75,17353.35,1440.6,51.62,1388.98,8.73,12,Target Hit (3x ATR)
SAMMAANCAP.NS,Sammaan Capital Limited,Banking & Financial Services,2026-05-21,2026-05-27,154.25999450683594,172.01,104,16043.04,17889.04,1846.0,52.33,1793.67,11.18,6,Target Hit (3x ATR)
ENRIN.NS,Siemens Energy India Limited,Information Technology,2026-05-20,2026-05-29,3459.60009765625,3834.02,4,13838.4,15336.08,1497.68,47.08,1450.6,10.48,9,Target Hit (3x ATR)
BANKBARODA.NS,Bank of Baroda,Banking & Financial Services,2026-05-22,2026-06-01,257.0848388671875,259.201035323781,63,16196.34,16329.67,133.33,50.89,82.44,0.51,10,Trailing Stop Hit (20 EMA)
JWL.NS,Jupiter Wagons Limited,Information Technology,2026-05-25,2026-06-01,296.29998779296875,279.0,55,16296.5,15345.0,-951.5,50.0,-1001.5,-6.15,7,Trailing Stop Hit (20 EMA)
BELRISE.NS,Belrise Industries Limited,Automobile & Auto Components,2026-05-26,2026-06-01,217.27999877929688,213.68178635013163,76,16513.28,16239.82,-273.46,51.17,-324.63,-1.97,6,Trailing Stop Hit (20 EMA)
ARE&M.NS,Amara Raja Energy & Mobility Limited,Automobile & Auto Components,2026-05-25,2026-06-02,878.1375122070312,854.5708490099809,18,15806.48,15382.28,-424.2,49.46,-473.66,-3.0,8,Trailing Stop Hit (20 EMA)
SBFC.NS,SBFC Finance Limited,Banking & Financial Services,2026-05-29,2026-06-02,94.30000305175781,91.11000061035156,176,16596.8,16035.36,-561.44,51.07,-612.51,-3.69,4,Trailing Stop Hit (20 EMA)
ZYDUSWELL.NS,Zydus Wellness Limited,Consumer Goods & Retail,2026-05-29,2026-06-02,506.0390625,494.6673591484306,32,16193.25,15829.36,-363.89,50.37,-414.26,-2.56,4,Trailing Stop Hit (20 EMA)
SBFC.NS,SBFC Finance Limited,Banking & Financial Services,2026-06-03,2026-06-08,92.87000274658203,92.11000061035156,177,16437.99,16303.47,-134.52,51.15,-185.67,-1.13,5,Trailing Stop Hit (20 EMA)
PGEL.NS,PG Electroplast Limited,Consumer Goods & Retail,2026-06-04,2026-06-08,492.8999938964844,476.1000061035156,33,16265.7,15711.3,-554.4,50.34,-604.74,-3.72,4,Trailing Stop Hit (20 EMA)
TEGA.NS,Tega Industries Limited,Information Technology,2026-05-29,2026-06-11,1766.0,1716.199951171875,9,15894.0,15445.8,-448.2,49.62,-497.82,-3.13,13,Trailing Stop Hit (20 EMA)
DIVISLAB.NS,Divi's Laboratories Limited,Healthcare & Pharmaceuticals,2026-06-09,2026-06-11,6725.26708984375,6607.751668982069,2,13450.53,13215.5,-235.03,44.39,-279.42,-2.08,2,Trailing Stop Hit (20 EMA)
PGEL.NS,PG Electroplast Limited,Consumer Goods & Retail,2026-06-12,2026-06-17,483.29998779296875,539.54,33,15948.9,17804.82,1855.92,52.12,1803.8,11.31,5,Target Hit (3x ATR)
TRENT.NS,Trent Limited,Consumer Goods & Retail,2026-06-15,2026-06-18,2901.10009765625,3161.84,5,14505.5,15809.2,1303.7,48.35,1255.35,8.65,3,Target Hit (3x ATR)
GLAXO.NS,GlaxoSmithKline Pharmaceuticals Limited,Healthcare & Pharmaceuticals,2026-06-16,2026-06-18,2202.800048828125,2200.0,7,15419.6,15400.0,-19.6,49.02,-68.62,-0.45,2,Trailing Stop Hit (20 EMA)
CHOLAFIN.NS,Cholamandalam Investment and Finance Company Limited,Banking & Financial Services,2026-06-12,2026-06-23,1567.484375,1725.75,10,15674.84,17257.5,1582.66,51.24,1531.42,9.77,11,Target Hit (3x ATR)
SBFC.NS,SBFC Finance Limited,Banking & Financial Services,2026-06-19,2026-06-23,95.4000015258789,92.51352893709833,175,16695.0,16189.87,-505.13,51.34,-556.47,-3.33,4,Trailing Stop Hit (20 EMA)
PVRINOX.NS,PVR INOX Limited,Diversified & Others,2026-06-22,2026-06-24,979.1500244140625,967.7744673061418,17,16645.55,16452.17,-193.38,51.55,-244.93,-1.47,2,Trailing Stop Hit (20 EMA)
TMCV.NS,Tata Motors Limited,Information Technology,2026-06-12,2026-06-25,390.29998779296875,434.13,42,16392.6,18233.46,1840.86,53.09,1787.77,10.91,13,Target Hit (3x ATR)
FIRSTCRY.NS,Brainbees Solutions Limited,Consumer Goods & Retail,2026-06-24,2026-06-29,226.83999633789062,221.57624362992752,74,16786.16,16396.64,-389.52,51.67,-441.19,-2.63,5,Trailing Stop Hit (20 EMA)
CUB.NS,City Union Bank Limited,Banking & Financial Services,2026-06-09,2026-06-30,190.51515197753906,207.26,86,16384.3,17824.36,1440.06,52.66,1387.4,8.47,21,Target Hit (3x ATR)
ENDURANCE.NS,Endurance Technologies Limited,Automobile & Auto Components,2026-06-22,2026-06-30,2671.897705078125,2622.646593715244,6,16031.39,15735.88,-295.51,50.09,-345.6,-2.16,8,Trailing Stop Hit (20 EMA)
ARE&M.NS,Amara Raja Energy & Mobility Limited,Automobile & Auto Components,2026-06-30,2026-07-02,836.9343872070312,835.1948193742879,20,16738.69,16703.9,-34.79,51.92,-86.71,-0.52,2,Trailing Stop Hit (20 EMA)
EIHOTEL.NS,EIH Limited,Consumer Goods & Retail,2026-06-15,2026-07-07,308.1516418457031,334.81,53,16332.04,17744.93,1412.89,52.52,1360.37,8.33,22,Target Hit (3x ATR)
SAGILITY.NS,SAGILITY LIMITED,Information Technology,2026-07-02,2026-07-07,41.15573501586914,40.19793872357283,411,16915.01,16521.35,-393.66,51.94,-445.6,-2.63,5,Trailing Stop Hit (20 EMA)
MUTHOOTFIN.NS,Muthoot Finance Limited,Banking & Financial Services,2026-07-03,2026-07-07,3054.89990234375,3084.607238171044,5,15274.5,15423.04,148.54,48.85,99.69,0.65,4,Trailing Stop Hit (20 EMA)
USHAMART.NS,Usha Martin Limited,Information Technology,2026-06-30,2026-07-08,493.1947326660156,489.1878302868241,34,16768.62,16632.39,-136.23,51.88,-188.11,-1.12,8,Trailing Stop Hit (20 EMA)
MAZDOCK.NS,Mazagon Dock Shipbuilders Limited,Information Technology,2026-06-30,2026-07-08,2492.10107421875,2497.0921137818145,6,14952.61,14982.55,29.94,47.98,-18.04,-0.12,8,Trailing Stop Hit (20 EMA)
HINDUNILVR.NS,Hindustan Unilever Limited,Consumer Goods & Retail,2026-07-01,2026-07-08,2182.0,2172.9246432936725,7,15274.0,15210.47,-63.53,48.62,-112.15,-0.73,7,Trailing Stop Hit (20 EMA)
PVRINOX.NS,PVR INOX Limited,Diversified & Others,2026-07-01,2026-07-08,978.1500244140625,981.3666410005427,17,16628.55,16683.23,54.68,51.76,2.92,0.02,7,Trailing Stop Hit (20 EMA)
SBFC.NS,SBFC Finance Limited,Banking & Financial Services,2026-07-06,2026-07-08,92.48999786376953,91.72966567909208,184,17018.16,16878.26,-139.9,52.44,-192.34,-1.13,2,Trailing Stop Hit (20 EMA)
SBFC.NS,SBFC Finance Limited,Banking & Financial Services,2026-07-10,2026-07-14,91.95999908447266,91.74014596765639,183,16828.68,16788.45,-40.23,52.11,-92.34,-0.55,4,Trailing Stop Hit (20 EMA)
ABLBL.NS,Aditya Birla Lifestyle Brands Limited,Consumer Goods & Retail,2026-07-13,2026-07-15,98.71580505371094,96.77611604386604,171,16880.4,16548.72,-331.68,51.92,-383.6,-2.27,2,Trailing Stop Hit (20 EMA)
GALLANTT.NS,Gallantt Ispat Limited,Information Technology,2026-07-13,2026-07-15,700.9500122070312,684.2678493358711,24,16822.8,16422.43,-400.37,51.72,-452.09,-2.69,2,Trailing Stop Hit (20 EMA)
UNIONBANK.NS,Union Bank of India,Banking & Financial Services,2026-07-13,2026-07-17,170.38999938964844,166.28338690269103,99,16868.61,16462.06,-406.55,51.82,-458.37,-2.72,4,Trailing Stop Hit (20 EMA)
LTFOODS.NS,LT Foods Limited,Consumer Goods & Retail,2026-07-15,2026-07-17,385.7231140136719,381.48328264684284,43,16586.09,16403.78,-182.31,51.43,-233.74,-1.41,2,Trailing Stop Hit (20 EMA)
ARE&M.NS,Amara Raja Energy & Mobility Limited,Automobile & Auto Components,2026-07-09,2026-07-23,864.3202514648438,874.918869910212,19,16422.08,16623.46,201.38,51.45,149.93,0.91,14,Trailing Stop Hit (20 EMA)
PVRINOX.NS,PVR INOX Limited,Diversified & Others,2026-07-23,2026-07-27,1007.4000244140625,1087.63,16,16118.4,17402.08,1283.68,51.92,1231.76,7.64,4,Target Hit (3x ATR)
CANBK.NS,Canara Bank,Banking & Financial Services,2026-07-27,2026-07-29,127.26000213623047,124.5999984741211,132,16798.32,16447.2,-351.12,51.73,-402.85,-2.4,2,Trailing Stop Hit (20 EMA)
JWL.NS,Jupiter Wagons Limited,Information Technology,2026-07-29,2026-08-05,259.29998779296875,256.71571744438893,65,16854.5,16686.52,-167.98,52.04,-220.02,-1.31,7,Trailing Stop Hit (20 EMA)
MAZDOCK.NS,Mazagon Dock Shipbuilders Limited,Information Technology,2026-07-31,2026-08-05,2377.508056640625,2365.439593089938,7,16642.56,16558.08,-84.48,51.65,-136.13,-0.82,5,Trailing Stop Hit (20 EMA)
ABLBL.NS,Aditya Birla Lifestyle Brands Limited,Consumer Goods & Retail,2026-08-03,2026-08-05,95.40340423583984,94.49820761647469,179,17077.21,16915.18,-162.03,52.55,-214.58,-1.26,2,Trailing Stop Hit (20 EMA)
ATUL.NS,Atul Limited,Chemicals & Fertilisers,2026-07-24,2026-08-07,6407.5,6958.46,2,12815.0,13916.92,1101.92,44.36,1057.56,8.25,14,Target Hit (3x ATR)
LTFOODS.NS,LT Foods Limited,Consumer Goods & Retail,2026-07-30,2026-08-07,396.1480712890625,428.17,42,16638.22,17983.14,1344.92,53.12,1291.8,7.76,8,Target Hit (3x ATR)
SAGILITY.NS,SAGILITY LIMITED,Information Technology,2026-07-27,2026-08-11,43.19107437133789,42.907897470461364,391,16887.71,16776.99,-110.72,52.17,-162.89,-0.96,15,Trailing Stop Hit (20 EMA)
PNB.NS,Punjab National Bank,Banking & Financial Services,2026-07-20,2026-08-12,111.76000213623047,119.06,150,16764.0,17859.0,1095.0,53.14,1041.86,6.21,23,Target Hit (3x ATR)
FEDERALBNK.NS,The Federal Bank  Limited,Banking & Financial Services,2026-07-17,2026-08-13,347.8117370605469,351.17061883358485,48,16694.96,16856.19,161.23,52.02,109.21,0.65,27,Trailing Stop Hit (20 EMA)
TMCV.NS,Tata Motors Limited,Information Technology,2026-07-31,2026-08-13,436.79998779296875,473.3,38,16598.4,17985.4,1387.0,53.08,1333.92,8.04,13,Target Hit (3x ATR)
NATCOPHARM.NS,Natco Pharma Limited,Healthcare & Pharmaceuticals,2026-08-13,2026-08-14,950.09033203125,901.43,18,17101.63,16225.74,-875.89,51.87,-927.76,-5.42,1,Stop Loss Hit (2x ATR)
CHOLAFIN.NS,Cholamandalam Investment and Finance Company Limited,Banking & Financial Services,2026-07-29,2026-08-19,1802.9000244140625,1859.7003711154753,9,16226.1,16737.3,511.2,51.35,459.85,2.83,21,Trailing Stop Hit (20 EMA)
ENRIN.NS,Siemens Energy India Limited,Information Technology,2026-08-07,2026-08-19,3648.800048828125,3460.515414553954,4,14595.2,13842.06,-753.14,46.4,-799.54,-5.48,12,Trailing Stop Hit (20 EMA)
ARE&M.NS,Amara Raja Energy & Mobility Limited,Automobile & Auto Components,2026-08-11,2026-08-21,970.25,923.9622498380043,17,16494.25,15707.36,-786.89,50.6,-837.49,-5.08,10,Trailing Stop Hit (20 EMA)
MUTHOOTFIN.NS,Muthoot Finance Limited,Banking & Financial Services,2026-08-20,2026-08-25,2970.0,3219.18,5,14850.0,16095.9,1245.9,49.05,1196.85,8.06,5,Target Hit (3x ATR)
ZYDUSWELL.NS,Zydus Wellness Limited,Consumer Goods & Retail,2026-08-25,2026-08-31,525.4500122070312,523.8099498792985,32,16814.4,16761.92,-52.48,52.06,-104.54,-0.62,6,Trailing Stop Hit (20 EMA)
CGPOWER.NS,CG Power and Industrial Solutions Limited,Information Technology,2026-08-27,2026-08-31,897.9000244140625,881.5788469356851,18,16162.2,15868.42,-293.78,50.37,-344.15,-2.13,4,Trailing Stop Hit (20 EMA)
ADANIENSOL.NS,Adani Energy Solutions Limited,"Energy, Power & Utilities",2026-08-27,2026-08-31,1617.0,1589.0,10,16170.0,15890.0,-280.0,50.41,-330.41,-2.04,4,Trailing Stop Hit (20 EMA)
PNB.NS,Punjab National Bank,Banking & Financial Services,2026-09-02,2026-09-07,117.0,115.56087382802775,145,16965.0,16756.33,-208.67,52.23,-260.9,-1.54,5,Trailing Stop Hit (20 EMA)
SBFC.NS,SBFC Finance Limited,Banking & Financial Services,2026-08-26,2026-09-08,101.13999938964844,96.69081540962127,168,16991.52,16244.06,-747.46,51.73,-799.19,-4.7,13,Trailing Stop Hit (20 EMA)
SAGILITY.NS,SAGILITY LIMITED,Information Technology,2026-08-26,2026-09-09,44.0,44.91672266142334,387,17028.0,17382.77,354.77,52.98,301.79,1.77,14,Trailing Stop Hit (20 EMA)
ANANTRAJ.NS,Anant Raj Limited,"Construction, Materials & Infra",2026-09-03,2026-09-09,628.2999877929688,615.1847867420221,27,16964.1,16609.99,-354.11,52.07,-406.18,-2.39,6,Trailing Stop Hit (20 EMA)
PVRINOX.NS,PVR INOX Limited,Diversified & Others,2026-09-08,2026-09-09,1231.300048828125,1169.199951171875,13,16006.9,15199.6,-807.3,49.5,-856.8,-5.35,1,Final Day Horizon Close
JAINREC.NS,Jain Resource Recycling Limited,Metals & Mining,2026-09-08,2026-09-09,296.54998779296875,295.8500061035156,57,16903.35,16863.45,-39.9,52.27,-92.17,-0.55,1,Final Day Horizon Close
TEGA.NS,Tega Industries Limited,Information Technology,2026-09-09,2026-09-09,1678.300048828125,1678.300048828125,10,16783.0,16783.0,0.0,52.05,-52.05,-0.31,0,Final Day Horizon Close
